/*M!999999\- enable the sandbox mode */ 
-- MariaDB dump 10.19  Distrib 10.6.23-MariaDB, for Win64 (AMD64)
--
-- Host: localhost    Database: graduationprojects_db
-- ------------------------------------------------------
-- Server version	10.6.23-MariaDB

/*!40101 SET @OLD_CHARACTER_SET_CLIENT=@@CHARACTER_SET_CLIENT */;
/*!40101 SET @OLD_CHARACTER_SET_RESULTS=@@CHARACTER_SET_RESULTS */;
/*!40101 SET @OLD_COLLATION_CONNECTION=@@COLLATION_CONNECTION */;
/*!40101 SET NAMES utf8mb4 */;
/*!40103 SET @OLD_TIME_ZONE=@@TIME_ZONE */;
/*!40103 SET TIME_ZONE='+00:00' */;
/*!40014 SET @OLD_UNIQUE_CHECKS=@@UNIQUE_CHECKS, UNIQUE_CHECKS=0 */;
/*!40014 SET @OLD_FOREIGN_KEY_CHECKS=@@FOREIGN_KEY_CHECKS, FOREIGN_KEY_CHECKS=0 */;
/*!40101 SET @OLD_SQL_MODE=@@SQL_MODE, SQL_MODE='NO_AUTO_VALUE_ON_ZERO' */;
/*!40111 SET @OLD_SQL_NOTES=@@SQL_NOTES, SQL_NOTES=0 */;

--
-- Table structure for table `account_emailaddress`
--

DROP TABLE IF EXISTS `account_emailaddress`;
/*!40101 SET @saved_cs_client     = @@character_set_client */;
/*!40101 SET character_set_client = utf8mb4 */;
CREATE TABLE `account_emailaddress` (
  `id` int(11) NOT NULL AUTO_INCREMENT,
  `email` varchar(254) NOT NULL,
  `verified` tinyint(1) NOT NULL,
  `primary` tinyint(1) NOT NULL,
  `user_id` bigint(20) NOT NULL,
  PRIMARY KEY (`id`),
  UNIQUE KEY `account_emailaddress_user_id_email_987c8728_uniq` (`user_id`,`email`),
  KEY `account_emailaddress_email_03be32b2` (`email`),
  CONSTRAINT `account_emailaddress_user_id_2c513194_fk_core_user_id` FOREIGN KEY (`user_id`) REFERENCES `core_user` (`id`)
) ENGINE=InnoDB DEFAULT CHARSET=utf8mb3 COLLATE=utf8mb3_general_ci;
/*!40101 SET character_set_client = @saved_cs_client */;

--
-- Dumping data for table `account_emailaddress`
--

LOCK TABLES `account_emailaddress` WRITE;
/*!40000 ALTER TABLE `account_emailaddress` DISABLE KEYS */;
/*!40000 ALTER TABLE `account_emailaddress` ENABLE KEYS */;
UNLOCK TABLES;

--
-- Table structure for table `account_emailconfirmation`
--

DROP TABLE IF EXISTS `account_emailconfirmation`;
/*!40101 SET @saved_cs_client     = @@character_set_client */;
/*!40101 SET character_set_client = utf8mb4 */;
CREATE TABLE `account_emailconfirmation` (
  `id` int(11) NOT NULL AUTO_INCREMENT,
  `created` datetime(6) NOT NULL,
  `sent` datetime(6) DEFAULT NULL,
  `key` varchar(64) NOT NULL,
  `email_address_id` int(11) NOT NULL,
  PRIMARY KEY (`id`),
  UNIQUE KEY `key` (`key`),
  KEY `account_emailconfirm_email_address_id_5b7f8c58_fk_account_e` (`email_address_id`),
  CONSTRAINT `account_emailconfirm_email_address_id_5b7f8c58_fk_account_e` FOREIGN KEY (`email_address_id`) REFERENCES `account_emailaddress` (`id`)
) ENGINE=InnoDB DEFAULT CHARSET=utf8mb3 COLLATE=utf8mb3_general_ci;
/*!40101 SET character_set_client = @saved_cs_client */;

--
-- Dumping data for table `account_emailconfirmation`
--

LOCK TABLES `account_emailconfirmation` WRITE;
/*!40000 ALTER TABLE `account_emailconfirmation` DISABLE KEYS */;
/*!40000 ALTER TABLE `account_emailconfirmation` ENABLE KEYS */;
UNLOCK TABLES;

--
-- Table structure for table `auth_group`
--

DROP TABLE IF EXISTS `auth_group`;
/*!40101 SET @saved_cs_client     = @@character_set_client */;
/*!40101 SET character_set_client = utf8mb4 */;
CREATE TABLE `auth_group` (
  `id` int(11) NOT NULL AUTO_INCREMENT,
  `name` varchar(150) NOT NULL,
  PRIMARY KEY (`id`),
  UNIQUE KEY `name` (`name`)
) ENGINE=InnoDB DEFAULT CHARSET=utf8mb3 COLLATE=utf8mb3_general_ci;
/*!40101 SET character_set_client = @saved_cs_client */;

--
-- Dumping data for table `auth_group`
--

LOCK TABLES `auth_group` WRITE;
/*!40000 ALTER TABLE `auth_group` DISABLE KEYS */;
/*!40000 ALTER TABLE `auth_group` ENABLE KEYS */;
UNLOCK TABLES;

--
-- Table structure for table `auth_group_permissions`
--

DROP TABLE IF EXISTS `auth_group_permissions`;
/*!40101 SET @saved_cs_client     = @@character_set_client */;
/*!40101 SET character_set_client = utf8mb4 */;
CREATE TABLE `auth_group_permissions` (
  `id` bigint(20) NOT NULL AUTO_INCREMENT,
  `group_id` int(11) NOT NULL,
  `permission_id` int(11) NOT NULL,
  PRIMARY KEY (`id`),
  UNIQUE KEY `auth_group_permissions_group_id_permission_id_0cd325b0_uniq` (`group_id`,`permission_id`),
  KEY `auth_group_permissio_permission_id_84c5c92e_fk_auth_perm` (`permission_id`),
  CONSTRAINT `auth_group_permissio_permission_id_84c5c92e_fk_auth_perm` FOREIGN KEY (`permission_id`) REFERENCES `auth_permission` (`id`),
  CONSTRAINT `auth_group_permissions_group_id_b120cbf9_fk_auth_group_id` FOREIGN KEY (`group_id`) REFERENCES `auth_group` (`id`)
) ENGINE=InnoDB DEFAULT CHARSET=utf8mb3 COLLATE=utf8mb3_general_ci;
/*!40101 SET character_set_client = @saved_cs_client */;

--
-- Dumping data for table `auth_group_permissions`
--

LOCK TABLES `auth_group_permissions` WRITE;
/*!40000 ALTER TABLE `auth_group_permissions` DISABLE KEYS */;
/*!40000 ALTER TABLE `auth_group_permissions` ENABLE KEYS */;
UNLOCK TABLES;

--
-- Table structure for table `auth_permission`
--

DROP TABLE IF EXISTS `auth_permission`;
/*!40101 SET @saved_cs_client     = @@character_set_client */;
/*!40101 SET character_set_client = utf8mb4 */;
CREATE TABLE `auth_permission` (
  `id` int(11) NOT NULL AUTO_INCREMENT,
  `name` varchar(255) NOT NULL,
  `content_type_id` int(11) NOT NULL,
  `codename` varchar(100) NOT NULL,
  PRIMARY KEY (`id`),
  UNIQUE KEY `auth_permission_content_type_id_codename_01ab375a_uniq` (`content_type_id`,`codename`),
  CONSTRAINT `auth_permission_content_type_id_2f476e4b_fk_django_co` FOREIGN KEY (`content_type_id`) REFERENCES `django_content_type` (`id`)
) ENGINE=InnoDB AUTO_INCREMENT=221 DEFAULT CHARSET=utf8mb3 COLLATE=utf8mb3_general_ci;
/*!40101 SET character_set_client = @saved_cs_client */;

--
-- Dumping data for table `auth_permission`
--

LOCK TABLES `auth_permission` WRITE;
/*!40000 ALTER TABLE `auth_permission` DISABLE KEYS */;
INSERT INTO `auth_permission` VALUES (1,'Can add college',1,'add_college'),(2,'Can change college',1,'change_college'),(3,'Can delete college',1,'delete_college'),(4,'Can view college',1,'view_college'),(5,'Can add permission',2,'add_permission'),(6,'Can change permission',2,'change_permission'),(7,'Can delete permission',2,'delete_permission'),(8,'Can view permission',2,'view_permission'),(9,'Can add project',3,'add_project'),(10,'Can change project',3,'change_project'),(11,'Can delete project',3,'delete_project'),(12,'Can view project',3,'view_project'),(13,'Can add role',4,'add_role'),(14,'Can change role',4,'change_role'),(15,'Can delete role',4,'delete_role'),(16,'Can view role',4,'view_role'),(17,'Can add university',5,'add_university'),(18,'Can change university',5,'change_university'),(19,'Can delete university',5,'delete_university'),(20,'Can view university',5,'view_university'),(21,'Can add user',6,'add_user'),(22,'Can change user',6,'change_user'),(23,'Can delete user',6,'delete_user'),(24,'Can view user',6,'view_user'),(25,'Can add department',7,'add_department'),(26,'Can change department',7,'change_department'),(27,'Can delete department',7,'delete_department'),(28,'Can view department',7,'view_department'),(29,'Can add notification',8,'add_notification'),(30,'Can change notification',8,'change_notification'),(31,'Can delete notification',8,'delete_notification'),(32,'Can view notification',8,'view_notification'),(33,'Can add group',9,'add_group'),(34,'Can change group',9,'change_group'),(35,'Can delete group',9,'delete_group'),(36,'Can view group',9,'view_group'),(37,'Can add group members',10,'add_groupmembers'),(38,'Can change group members',10,'change_groupmembers'),(39,'Can delete group members',10,'delete_groupmembers'),(40,'Can view group members',10,'view_groupmembers'),(41,'Can add group supervisors',11,'add_groupsupervisors'),(42,'Can change group supervisors',11,'change_groupsupervisors'),(43,'Can delete group supervisors',11,'delete_groupsupervisors'),(44,'Can view group supervisors',11,'view_groupsupervisors'),(45,'Can add role permission',12,'add_rolepermission'),(46,'Can change role permission',12,'change_rolepermission'),(47,'Can delete role permission',12,'delete_rolepermission'),(48,'Can view role permission',12,'view_rolepermission'),(49,'Can add academic affiliation',13,'add_academicaffiliation'),(50,'Can change academic affiliation',13,'change_academicaffiliation'),(51,'Can delete academic affiliation',13,'delete_academicaffiliation'),(52,'Can view academic affiliation',13,'view_academicaffiliation'),(53,'Can add user roles',14,'add_userroles'),(54,'Can change user roles',14,'change_userroles'),(55,'Can delete user roles',14,'delete_userroles'),(56,'Can view user roles',14,'view_userroles'),(57,'Can add log entry',15,'add_logentry'),(58,'Can change log entry',15,'change_logentry'),(59,'Can delete log entry',15,'delete_logentry'),(60,'Can view log entry',15,'view_logentry'),(61,'Can add permission',16,'add_permission'),(62,'Can change permission',16,'change_permission'),(63,'Can delete permission',16,'delete_permission'),(64,'Can view permission',16,'view_permission'),(65,'Can add group',17,'add_group'),(66,'Can change group',17,'change_group'),(67,'Can delete group',17,'delete_group'),(68,'Can view group',17,'view_group'),(69,'Can add content type',18,'add_contenttype'),(70,'Can change content type',18,'change_contenttype'),(71,'Can delete content type',18,'delete_contenttype'),(72,'Can view content type',18,'view_contenttype'),(73,'Can add session',19,'add_session'),(74,'Can change session',19,'change_session'),(75,'Can delete session',19,'delete_session'),(76,'Can view session',19,'view_session'),(77,'Can add city',20,'add_city'),(78,'Can change city',20,'change_city'),(79,'Can delete city',20,'delete_city'),(80,'Can view city',20,'view_city'),(81,'Can add program',21,'add_program'),(82,'Can change program',21,'change_program'),(83,'Can delete program',21,'delete_program'),(84,'Can view program',21,'view_program'),(85,'Can add branch',22,'add_branch'),(86,'Can change branch',22,'change_branch'),(87,'Can delete branch',22,'delete_branch'),(88,'Can view branch',22,'view_branch'),(89,'Can add system settings',23,'add_systemsettings'),(90,'Can change system settings',23,'change_systemsettings'),(91,'Can delete system settings',23,'delete_systemsettings'),(92,'Can view system settings',23,'view_systemsettings'),(93,'Can add approval request',24,'add_approvalrequest'),(94,'Can change approval request',24,'change_approvalrequest'),(95,'Can delete approval request',24,'delete_approvalrequest'),(96,'Can view approval request',24,'view_approvalrequest'),(97,'Can add notification log',25,'add_notificationlog'),(98,'Can change notification log',25,'change_notificationlog'),(99,'Can delete notification log',25,'delete_notificationlog'),(100,'Can view notification log',25,'view_notificationlog'),(101,'Can add approval sequence',26,'add_approvalsequence'),(102,'Can change approval sequence',26,'change_approvalsequence'),(103,'Can delete approval sequence',26,'delete_approvalsequence'),(104,'Can view approval sequence',26,'view_approvalsequence'),(105,'Can add group invitation',27,'add_groupinvitation'),(106,'Can change group invitation',27,'change_groupinvitation'),(107,'Can delete group invitation',27,'delete_groupinvitation'),(108,'Can view group invitation',27,'view_groupinvitation'),(109,'Can add site',28,'add_site'),(110,'Can change site',28,'change_site'),(111,'Can delete site',28,'delete_site'),(112,'Can view site',28,'view_site'),(113,'Can add Token',29,'add_token'),(114,'Can change Token',29,'change_token'),(115,'Can delete Token',29,'delete_token'),(116,'Can view Token',29,'view_token'),(117,'Can add Token',30,'add_tokenproxy'),(118,'Can change Token',30,'change_tokenproxy'),(119,'Can delete Token',30,'delete_tokenproxy'),(120,'Can view Token',30,'view_tokenproxy'),(121,'Can add email address',31,'add_emailaddress'),(122,'Can change email address',31,'change_emailaddress'),(123,'Can delete email address',31,'delete_emailaddress'),(124,'Can view email address',31,'view_emailaddress'),(125,'Can add email confirmation',32,'add_emailconfirmation'),(126,'Can change email confirmation',32,'change_emailconfirmation'),(127,'Can delete email confirmation',32,'delete_emailconfirmation'),(128,'Can view email confirmation',32,'view_emailconfirmation'),(129,'Can add social account',33,'add_socialaccount'),(130,'Can change social account',33,'change_socialaccount'),(131,'Can delete social account',33,'delete_socialaccount'),(132,'Can view social account',33,'view_socialaccount'),(133,'Can add social application',34,'add_socialapp'),(134,'Can change social application',34,'change_socialapp'),(135,'Can delete social application',34,'delete_socialapp'),(136,'Can view social application',34,'view_socialapp'),(137,'Can add social application token',35,'add_socialtoken'),(138,'Can change social application token',35,'change_socialtoken'),(139,'Can delete social application token',35,'delete_socialtoken'),(140,'Can view social application token',35,'view_socialtoken'),(141,'Can add group creation request',36,'add_groupcreationrequest'),(142,'Can change group creation request',36,'change_groupcreationrequest'),(143,'Can delete group creation request',36,'delete_groupcreationrequest'),(144,'Can view group creation request',36,'view_groupcreationrequest'),(145,'Can add group member approval',37,'add_groupmemberapproval'),(146,'Can change group member approval',37,'change_groupmemberapproval'),(147,'Can delete group member approval',37,'delete_groupmemberapproval'),(148,'Can view group member approval',37,'view_groupmemberapproval'),(149,'Can add progress pattern',38,'add_progresspattern'),(150,'Can change progress pattern',38,'change_progresspattern'),(151,'Can delete progress pattern',38,'delete_progresspattern'),(152,'Can view progress pattern',38,'view_progresspattern'),(153,'Can add department progress pattern',39,'add_departmentprogresspattern'),(154,'Can change department progress pattern',39,'change_departmentprogresspattern'),(155,'Can delete department progress pattern',39,'delete_departmentprogresspattern'),(156,'Can view department progress pattern',39,'view_departmentprogresspattern'),(157,'Can add college progress pattern',40,'add_collegeprogresspattern'),(158,'Can change college progress pattern',40,'change_collegeprogresspattern'),(159,'Can delete college progress pattern',40,'delete_collegeprogresspattern'),(160,'Can view college progress pattern',40,'view_collegeprogresspattern'),(161,'Can add progress stage',41,'add_progressstage'),(162,'Can change progress stage',41,'change_progressstage'),(163,'Can delete progress stage',41,'delete_progressstage'),(164,'Can view progress stage',41,'view_progressstage'),(165,'Can add pattern stage assignment',42,'add_patternstageassignment'),(166,'Can change pattern stage assignment',42,'change_patternstageassignment'),(167,'Can delete pattern stage assignment',42,'delete_patternstageassignment'),(168,'Can view pattern stage assignment',42,'view_patternstageassignment'),(169,'Can add progress sub stage',43,'add_progresssubstage'),(170,'Can change progress sub stage',43,'change_progresssubstage'),(171,'Can delete progress sub stage',43,'delete_progresssubstage'),(172,'Can view progress sub stage',43,'view_progresssubstage'),(173,'Can add pattern sub stage assignment',44,'add_patternsubstageassignment'),(174,'Can change pattern sub stage assignment',44,'change_patternsubstageassignment'),(175,'Can delete pattern sub stage assignment',44,'delete_patternsubstageassignment'),(176,'Can view pattern sub stage assignment',44,'view_patternsubstageassignment'),(177,'Can add student progress',45,'add_studentprogress'),(178,'Can change student progress',45,'change_studentprogress'),(179,'Can delete student progress',45,'delete_studentprogress'),(180,'Can view student progress',45,'view_studentprogress'),(181,'Can add project state',46,'add_projectstate'),(182,'Can change project state',46,'change_projectstate'),(183,'Can delete project state',46,'delete_projectstate'),(184,'Can view project state',46,'view_projectstate'),(185,'Can add program project',47,'add_programproject'),(186,'Can change program project',47,'change_programproject'),(187,'Can delete program project',47,'delete_programproject'),(188,'Can view program project',47,'view_programproject'),(189,'Can add Contact Message',48,'add_contactus'),(190,'Can change Contact Message',48,'change_contactus'),(191,'Can delete Contact Message',48,'delete_contactus'),(192,'Can view Contact Message',48,'view_contactus'),(193,'Can add programgroup',49,'add_programgroup'),(194,'Can change programgroup',49,'change_programgroup'),(195,'Can delete programgroup',49,'delete_programgroup'),(196,'Can view programgroup',49,'view_programgroup'),(197,'Can add staff',50,'add_staff'),(198,'Can change staff',50,'change_staff'),(199,'Can delete staff',50,'delete_staff'),(200,'Can view staff',50,'view_staff'),(201,'Can add company type',51,'add_companytype'),(202,'Can change company type',51,'change_companytype'),(203,'Can delete company type',51,'delete_companytype'),(204,'Can view company type',51,'view_companytype'),(205,'Can add sector',52,'add_sector'),(206,'Can change sector',52,'change_sector'),(207,'Can delete sector',52,'delete_sector'),(208,'Can view sector',52,'view_sector'),(209,'Can add external company',53,'add_externalcompany'),(210,'Can change external company',53,'change_externalcompany'),(211,'Can delete external company',53,'delete_externalcompany'),(212,'Can view external company',53,'view_externalcompany'),(213,'Can add student',54,'add_student'),(214,'Can change student',54,'change_student'),(215,'Can delete student',54,'delete_student'),(216,'Can view student',54,'view_student'),(217,'Can add student enrollment period',55,'add_studentenrollmentperiod'),(218,'Can change student enrollment period',55,'change_studentenrollmentperiod'),(219,'Can delete student enrollment period',55,'delete_studentenrollmentperiod'),(220,'Can view student enrollment period',55,'view_studentenrollmentperiod');
/*!40000 ALTER TABLE `auth_permission` ENABLE KEYS */;
UNLOCK TABLES;

--
-- Table structure for table `authtoken_token`
--

DROP TABLE IF EXISTS `authtoken_token`;
/*!40101 SET @saved_cs_client     = @@character_set_client */;
/*!40101 SET character_set_client = utf8mb4 */;
CREATE TABLE `authtoken_token` (
  `key` varchar(40) NOT NULL,
  `created` datetime(6) NOT NULL,
  `user_id` bigint(20) NOT NULL,
  PRIMARY KEY (`key`),
  UNIQUE KEY `user_id` (`user_id`),
  CONSTRAINT `authtoken_token_user_id_35299eff_fk_core_user_id` FOREIGN KEY (`user_id`) REFERENCES `core_user` (`id`)
) ENGINE=InnoDB DEFAULT CHARSET=utf8mb3 COLLATE=utf8mb3_general_ci;
/*!40101 SET character_set_client = @saved_cs_client */;

--
-- Dumping data for table `authtoken_token`
--

LOCK TABLES `authtoken_token` WRITE;
/*!40000 ALTER TABLE `authtoken_token` DISABLE KEYS */;
/*!40000 ALTER TABLE `authtoken_token` ENABLE KEYS */;
UNLOCK TABLES;

--
-- Table structure for table `core_approvalrequest`
--

DROP TABLE IF EXISTS `core_approvalrequest`;
/*!40101 SET @saved_cs_client     = @@character_set_client */;
/*!40101 SET character_set_client = utf8mb4 */;
CREATE TABLE `core_approvalrequest` (
  `approval_id` int(11) NOT NULL AUTO_INCREMENT,
  `status` varchar(20) NOT NULL,
  `created_at` datetime(6) NOT NULL,
  `updated_at` datetime(6) NOT NULL,
  `comments` longtext DEFAULT NULL,
  `group_id` int(11) DEFAULT NULL,
  `requested_by_id` bigint(20) NOT NULL,
  `approval_level` int(11) NOT NULL,
  `approval_type` varchar(50) DEFAULT NULL,
  `approved_at` datetime(6) DEFAULT NULL,
  `current_approver_id` bigint(20) DEFAULT NULL,
  `project_id` int(11) DEFAULT NULL,
  PRIMARY KEY (`approval_id`),
  KEY `core_approvalrequest_requested_by_id_f1139fd6_fk_core_user_id` (`requested_by_id`),
  KEY `core_approvalrequest_current_approver_id_f642b97d_fk_core_user` (`current_approver_id`),
  KEY `core_approvalrequest_project_id_753625f8_fk_core_proj` (`project_id`),
  KEY `core_approvalrequest_group_id_73052ee0_fk_core_group_group_id` (`group_id`),
  CONSTRAINT `core_approvalrequest_current_approver_id_f642b97d_fk_core_user` FOREIGN KEY (`current_approver_id`) REFERENCES `core_user` (`id`),
  CONSTRAINT `core_approvalrequest_group_id_73052ee0_fk_core_group_group_id` FOREIGN KEY (`group_id`) REFERENCES `core_group` (`group_id`),
  CONSTRAINT `core_approvalrequest_project_id_753625f8_fk_core_proj` FOREIGN KEY (`project_id`) REFERENCES `core_project` (`project_id`),
  CONSTRAINT `core_approvalrequest_requested_by_id_f1139fd6_fk_core_user_id` FOREIGN KEY (`requested_by_id`) REFERENCES `core_user` (`id`)
) ENGINE=InnoDB AUTO_INCREMENT=3 DEFAULT CHARSET=utf8mb3 COLLATE=utf8mb3_general_ci;
/*!40101 SET character_set_client = @saved_cs_client */;

--
-- Dumping data for table `core_approvalrequest`
--

LOCK TABLES `core_approvalrequest` WRITE;
/*!40000 ALTER TABLE `core_approvalrequest` DISABLE KEYS */;
INSERT INTO `core_approvalrequest` VALUES (1,'pending','2026-02-10 08:42:51.570057','2026-02-10 08:42:51.570057',NULL,NULL,55,1,'external_project',NULL,66,9),(2,'pending','2026-02-24 10:39:58.744237','2026-02-24 10:39:58.744237',NULL,NULL,67,1,'project_proposal',NULL,66,11);
/*!40000 ALTER TABLE `core_approvalrequest` ENABLE KEYS */;
UNLOCK TABLES;

--
-- Table structure for table `core_branch`
--

DROP TABLE IF EXISTS `core_branch`;
/*!40101 SET @saved_cs_client     = @@character_set_client */;
/*!40101 SET character_set_client = utf8mb4 */;
CREATE TABLE `core_branch` (
  `ubid` int(11) NOT NULL AUTO_INCREMENT,
  `location` varchar(255) DEFAULT NULL,
  `address` varchar(255) DEFAULT NULL,
  `contact` varchar(255) DEFAULT NULL,
  `city_id` int(11) NOT NULL,
  `university_id` int(11) NOT NULL,
  PRIMARY KEY (`ubid`),
  UNIQUE KEY `core_branch_UID_BID_40515c6c_uniq` (`university_id`,`city_id`),
  KEY `core_branch_city_id_6e1ef5eb_fk_core_city_bid` (`city_id`),
  CONSTRAINT `core_branch_city_id_6e1ef5eb_fk_core_city_bid` FOREIGN KEY (`city_id`) REFERENCES `core_city` (`bid`),
  CONSTRAINT `core_branch_university_id_729a80f9_fk_core_university_uid` FOREIGN KEY (`university_id`) REFERENCES `core_university` (`uid`)
) ENGINE=InnoDB AUTO_INCREMENT=39 DEFAULT CHARSET=utf8mb3 COLLATE=utf8mb3_general_ci;
/*!40101 SET character_set_client = @saved_cs_client */;

--
-- Dumping data for table `core_branch`
--

LOCK TABLES `core_branch` WRITE;
/*!40000 ALTER TABLE `core_branch` DISABLE KEYS */;
INSERT INTO `core_branch` VALUES (18,NULL,NULL,NULL,23,21),(19,NULL,NULL,NULL,24,21),(20,NULL,NULL,NULL,25,22),(21,NULL,NULL,NULL,26,23),(22,NULL,NULL,NULL,27,24),(23,NULL,NULL,NULL,28,25),(24,NULL,NULL,NULL,29,26),(25,NULL,NULL,NULL,30,27),(26,NULL,NULL,NULL,31,28),(27,NULL,NULL,NULL,32,29),(28,NULL,NULL,NULL,33,30),(29,NULL,NULL,NULL,34,31),(30,NULL,NULL,NULL,35,32),(31,NULL,NULL,NULL,36,33),(32,NULL,NULL,NULL,37,34),(33,NULL,NULL,NULL,38,35),(34,NULL,NULL,NULL,39,36),(35,NULL,NULL,NULL,40,37),(36,NULL,NULL,NULL,41,38),(37,NULL,NULL,NULL,42,39),(38,NULL,NULL,NULL,23,40);
/*!40000 ALTER TABLE `core_branch` ENABLE KEYS */;
UNLOCK TABLES;

--
-- Table structure for table `core_city`
--

DROP TABLE IF EXISTS `core_city`;
/*!40101 SET @saved_cs_client     = @@character_set_client */;
/*!40101 SET character_set_client = utf8mb4 */;
CREATE TABLE `core_city` (
  `bid` int(11) NOT NULL AUTO_INCREMENT,
  `bname_ar` varchar(255) NOT NULL,
  `bname_en` varchar(255) DEFAULT NULL,
  PRIMARY KEY (`bid`)
) ENGINE=InnoDB AUTO_INCREMENT=43 DEFAULT CHARSET=utf8mb3 COLLATE=utf8mb3_general_ci;
/*!40101 SET character_set_client = @saved_cs_client */;

--
-- Dumping data for table `core_city`
--

LOCK TABLES `core_city` WRITE;
/*!40000 ALTER TABLE `core_city` DISABLE KEYS */;
INSERT INTO `core_city` VALUES (23,'ō£ŔÖōßŔÜō© ōßŔĄōĻōßōĶŔÖō©',NULL),(24,'ōĶŔÜōĻōßō°',NULL),(25,'ōßŔĄō≠ōĮŔäōĮō©',NULL),(26,'ō™ōĻō≤',NULL),(27,'ō•ō®',NULL),(28,'ōįŔÖōßōĪ',NULL),(29,'ōĻōĮŔÜ',NULL),(30,'ō≠ō∂ōĪŔÖŔąō™',NULL),(31,'ŔÖō£ōĪō®',NULL),(32,'ō≠ō¨ō©',NULL),(33,'ōßŔĄō®Ŕäō∂ōßō°',NULL),(34,'ōĻŔÖōĪōßŔÜ',NULL),(35,'ōĶōĻōĮō©',NULL),(36,'ōßŔĄō¨ŔąŔĀ',NULL),(37,'ōßŔĄŔÖō≠ŔąŔäō™',NULL),(38,'ōßŔĄō∂ōßŔĄōĻ',NULL),(39,'ōīō®Ŕąō©',NULL),(40,'ŔĄō≠ō¨',NULL),(41,'ō£ō®ŔäŔÜ',NULL),(42,'ōĪŔäŔÖō©',NULL);
/*!40000 ALTER TABLE `core_city` ENABLE KEYS */;
UNLOCK TABLES;

--
-- Table structure for table `core_college`
--

DROP TABLE IF EXISTS `core_college`;
/*!40101 SET @saved_cs_client     = @@character_set_client */;
/*!40101 SET character_set_client = utf8mb4 */;
CREATE TABLE `core_college` (
  `cid` int(11) NOT NULL AUTO_INCREMENT,
  `name_ar` varchar(255) NOT NULL,
  `name_en` varchar(255) DEFAULT NULL,
  `branch_id` int(11) DEFAULT NULL,
  PRIMARY KEY (`cid`),
  KEY `core_college_branch_id_bd55f3f3_fk_core_branch_ubid` (`branch_id`),
  CONSTRAINT `core_college_branch_id_bd55f3f3_fk_core_branch_ubid` FOREIGN KEY (`branch_id`) REFERENCES `core_branch` (`ubid`)
) ENGINE=InnoDB AUTO_INCREMENT=12 DEFAULT CHARSET=utf8mb3 COLLATE=utf8mb3_general_ci;
/*!40101 SET character_set_client = @saved_cs_client */;

--
-- Dumping data for table `core_college`
--

LOCK TABLES `core_college` WRITE;
/*!40000 ALTER TABLE `core_college` DISABLE KEYS */;
INSERT INTO `core_college` VALUES (8,'ŔÉŔĄŔäō© ōßŔĄō™ō¨ōßōĪō© ŔąōßŔĄōßŔāō™ōĶōßōĮ',NULL,18),(9,'ŔÉŔĄŔäō© ōßŔĄō™ōĪō®Ŕäō© ōĶŔÜōĻōßō°',NULL,18),(10,'ŔÉŔĄŔäō© ōßŔĄō≠ōßō≥Ŕąō® ŔąŔÜŔÉŔÜŔąŔĄŔąō¨Ŕäōß ōßŔĄŔÖōĻŔĄŔąŔÖōßō™','faculty of computer and information technology',18),(11,'collage1','collage1',38);
/*!40000 ALTER TABLE `core_college` ENABLE KEYS */;
UNLOCK TABLES;

--
-- Table structure for table `core_department`
--

DROP TABLE IF EXISTS `core_department`;
/*!40101 SET @saved_cs_client     = @@character_set_client */;
/*!40101 SET character_set_client = utf8mb4 */;
CREATE TABLE `core_department` (
  `department_id` int(11) NOT NULL AUTO_INCREMENT,
  `name` varchar(255) NOT NULL,
  `description` longtext DEFAULT NULL,
  `college_id` int(11) NOT NULL,
  PRIMARY KEY (`department_id`),
  KEY `core_department_college_id_efc1eb5e_fk_core_college_cid` (`college_id`),
  CONSTRAINT `core_department_college_id_efc1eb5e_fk_core_college_cid` FOREIGN KEY (`college_id`) REFERENCES `core_college` (`cid`)
) ENGINE=InnoDB AUTO_INCREMENT=14 DEFAULT CHARSET=utf8mb3 COLLATE=utf8mb3_general_ci;
/*!40101 SET character_set_client = @saved_cs_client */;

--
-- Dumping data for table `core_department`
--

LOCK TABLES `core_department` WRITE;
/*!40000 ALTER TABLE `core_department` DISABLE KEYS */;
INSERT INTO `core_department` VALUES (9,'ō∑ŔĀŔąŔĄō© ŔÖō®ŔÉōĪō© - ōĪŔäōßō∂ ōßō∑ŔĀōßŔĄ','',9),(10,'ŔĀŔäō≤Ŕäōßō°','',9),(11,'ōĻŔĄŔąŔÖ ō≠ōßō≥Ŕąō®','',10),(12,'ō™ŔÉŔÜŔąŔĄŔąō¨Ŕäōß ōßŔĄŔÖōĻŔĄŔąŔÖōßō™','',10),(13,'ŔÜōłŔÖ ŔÖōĻŔĄŔąŔÖōßō™','',10);
/*!40000 ALTER TABLE `core_department` ENABLE KEYS */;
UNLOCK TABLES;

--
-- Table structure for table `core_group`
--

DROP TABLE IF EXISTS `core_group`;
/*!40101 SET @saved_cs_client     = @@character_set_client */;
/*!40101 SET character_set_client = utf8mb4 */;
CREATE TABLE `core_group` (
  `group_id` int(11) NOT NULL AUTO_INCREMENT,
  `project_id` int(11) DEFAULT NULL,
  `academic_year` varchar(9) DEFAULT NULL,
  `pattern_id` bigint(20) DEFAULT NULL,
  `created_at` datetime(6) DEFAULT NULL,
  PRIMARY KEY (`group_id`),
  KEY `core_group_project_id_0d5f63ca` (`project_id`),
  KEY `core_group_pattern_id_b715922c_fk_core_progresspattern_id` (`pattern_id`),
  CONSTRAINT `core_group_pattern_id_b715922c_fk_core_progresspattern_id` FOREIGN KEY (`pattern_id`) REFERENCES `core_progresspattern` (`id`),
  CONSTRAINT `core_group_project_id_0d5f63ca_fk_core_project_project_id` FOREIGN KEY (`project_id`) REFERENCES `core_project` (`project_id`)
) ENGINE=InnoDB AUTO_INCREMENT=16 DEFAULT CHARSET=utf8mb3 COLLATE=utf8mb3_general_ci;
/*!40101 SET character_set_client = @saved_cs_client */;

--
-- Dumping data for table `core_group`
--

LOCK TABLES `core_group` WRITE;
/*!40000 ALTER TABLE `core_group` DISABLE KEYS */;
INSERT INTO `core_group` VALUES (6,8,NULL,NULL,'2026-02-10 08:34:38.073141'),(7,NULL,NULL,NULL,'2026-02-14 06:20:47.692877'),(8,12,'2025',NULL,'2026-02-28 02:44:43.404312'),(9,NULL,NULL,NULL,'2026-02-28 09:43:45.881982'),(10,13,'2026',NULL,'2026-03-02 09:28:50.775606'),(11,14,'2026',NULL,'2026-03-05 17:34:48.276866'),(12,15,'2025',NULL,'2026-03-06 04:31:21.431720'),(14,17,'2025',NULL,'2026-03-06 12:54:32.543628'),(15,18,'2025',NULL,'2026-03-06 12:57:34.012374');
/*!40000 ALTER TABLE `core_group` ENABLE KEYS */;
UNLOCK TABLES;

--
-- Table structure for table `core_groupcreationrequest`
--

DROP TABLE IF EXISTS `core_groupcreationrequest`;
/*!40101 SET @saved_cs_client     = @@character_set_client */;
/*!40101 SET character_set_client = utf8mb4 */;
CREATE TABLE `core_groupcreationrequest` (
  `id` bigint(20) NOT NULL AUTO_INCREMENT,
  `department_id` int(11) NOT NULL,
  `college_id` int(11) NOT NULL,
  `note` longtext DEFAULT NULL,
  `created_at` datetime(6) DEFAULT NULL,
  `is_fully_confirmed` tinyint(1) NOT NULL,
  `creator_id` bigint(20) NOT NULL,
  PRIMARY KEY (`id`),
  KEY `core_groupcreationrequest_creator_id_97b1a4ff_fk_core_user_id` (`creator_id`),
  CONSTRAINT `core_groupcreationrequest_creator_id_97b1a4ff_fk_core_user_id` FOREIGN KEY (`creator_id`) REFERENCES `core_user` (`id`)
) ENGINE=InnoDB AUTO_INCREMENT=11 DEFAULT CHARSET=utf8mb3 COLLATE=utf8mb3_general_ci;
/*!40101 SET character_set_client = @saved_cs_client */;

--
-- Dumping data for table `core_groupcreationrequest`
--

LOCK TABLES `core_groupcreationrequest` WRITE;
/*!40000 ALTER TABLE `core_groupcreationrequest` DISABLE KEYS */;
INSERT INTO `core_groupcreationrequest` VALUES (8,1,1,'','2026-02-10 08:32:29.791885',1,63),(9,1,1,'','2026-02-14 06:19:48.172133',1,39),(10,1,1,'','2026-02-28 09:41:33.415231',1,63);
/*!40000 ALTER TABLE `core_groupcreationrequest` ENABLE KEYS */;
UNLOCK TABLES;

--
-- Table structure for table `core_notification`
--

DROP TABLE IF EXISTS `core_notification`;
/*!40101 SET @saved_cs_client     = @@character_set_client */;
/*!40101 SET character_set_client = utf8mb4 */;
CREATE TABLE `core_notification` (
  `not_ID` int(11) NOT NULL AUTO_INCREMENT,
  `message` longtext NOT NULL,
  `state` varchar(50) NOT NULL,
  `date` datetime(6) NOT NULL,
  `user_id` bigint(20) NOT NULL,
  PRIMARY KEY (`not_ID`),
  KEY `core_notification_user_id_6e341aac_fk_core_user_id` (`user_id`),
  CONSTRAINT `core_notification_user_id_6e341aac_fk_core_user_id` FOREIGN KEY (`user_id`) REFERENCES `core_user` (`id`)
) ENGINE=InnoDB DEFAULT CHARSET=utf8mb3 COLLATE=utf8mb3_general_ci;
/*!40101 SET character_set_client = @saved_cs_client */;

--
-- Dumping data for table `core_notification`
--

LOCK TABLES `core_notification` WRITE;
/*!40000 ALTER TABLE `core_notification` DISABLE KEYS */;
/*!40000 ALTER TABLE `core_notification` ENABLE KEYS */;
UNLOCK TABLES;

--
-- Table structure for table `core_patternstageassignment`
--

DROP TABLE IF EXISTS `core_patternstageassignment`;
/*!40101 SET @saved_cs_client     = @@character_set_client */;
/*!40101 SET character_set_client = utf8mb4 */;
CREATE TABLE `core_patternstageassignment` (
  `id` bigint(20) NOT NULL AUTO_INCREMENT,
  `order` int(10) unsigned NOT NULL CHECK (`order` >= 0),
  `max_mark` double DEFAULT NULL,
  `pattern_id` bigint(20) NOT NULL,
  `stage_id` bigint(20) NOT NULL,
  PRIMARY KEY (`id`),
  UNIQUE KEY `core_patternstageassignment_pattern_id_stage_id_3a755db9_uniq` (`pattern_id`,`stage_id`),
  UNIQUE KEY `core_patternstageassignment_pattern_id_order_8a301bd5_uniq` (`pattern_id`,`order`),
  KEY `core_patternstageass_stage_id_97c0d469_fk_core_prog` (`stage_id`),
  CONSTRAINT `core_patternstageass_pattern_id_5dc5ae52_fk_core_prog` FOREIGN KEY (`pattern_id`) REFERENCES `core_progresspattern` (`id`),
  CONSTRAINT `core_patternstageass_stage_id_97c0d469_fk_core_prog` FOREIGN KEY (`stage_id`) REFERENCES `core_progressstage` (`id`)
) ENGINE=InnoDB AUTO_INCREMENT=2 DEFAULT CHARSET=utf8mb3 COLLATE=utf8mb3_general_ci;
/*!40101 SET character_set_client = @saved_cs_client */;

--
-- Dumping data for table `core_patternstageassignment`
--

LOCK TABLES `core_patternstageassignment` WRITE;
/*!40000 ALTER TABLE `core_patternstageassignment` DISABLE KEYS */;
INSERT INTO `core_patternstageassignment` VALUES (1,1,20,1,1);
/*!40000 ALTER TABLE `core_patternstageassignment` ENABLE KEYS */;
UNLOCK TABLES;

--
-- Table structure for table `core_patternsubstageassignment`
--

DROP TABLE IF EXISTS `core_patternsubstageassignment`;
/*!40101 SET @saved_cs_client     = @@character_set_client */;
/*!40101 SET character_set_client = utf8mb4 */;
CREATE TABLE `core_patternsubstageassignment` (
  `id` bigint(20) NOT NULL AUTO_INCREMENT,
  `order` int(10) unsigned NOT NULL CHECK (`order` >= 0),
  `max_mark` double DEFAULT NULL,
  `pattern_stage_assignment_id` bigint(20) NOT NULL,
  `sub_stage_id` bigint(20) NOT NULL,
  PRIMARY KEY (`id`),
  UNIQUE KEY `core_patternsubstageassi_pattern_stage_assignment_8a3646e8_uniq` (`pattern_stage_assignment_id`,`sub_stage_id`),
  UNIQUE KEY `core_patternsubstageassi_pattern_stage_assignment_935d9564_uniq` (`pattern_stage_assignment_id`,`order`),
  KEY `core_patternsubstage_sub_stage_id_30b353c4_fk_core_prog` (`sub_stage_id`),
  CONSTRAINT `core_patternsubstage_pattern_stage_assign_6d8899c3_fk_core_patt` FOREIGN KEY (`pattern_stage_assignment_id`) REFERENCES `core_patternstageassignment` (`id`),
  CONSTRAINT `core_patternsubstage_sub_stage_id_30b353c4_fk_core_prog` FOREIGN KEY (`sub_stage_id`) REFERENCES `core_progresssubstage` (`id`)
) ENGINE=InnoDB DEFAULT CHARSET=utf8mb3 COLLATE=utf8mb3_general_ci;
/*!40101 SET character_set_client = @saved_cs_client */;

--
-- Dumping data for table `core_patternsubstageassignment`
--

LOCK TABLES `core_patternsubstageassignment` WRITE;
/*!40000 ALTER TABLE `core_patternsubstageassignment` DISABLE KEYS */;
/*!40000 ALTER TABLE `core_patternsubstageassignment` ENABLE KEYS */;
UNLOCK TABLES;

--
-- Table structure for table `core_permission`
--

DROP TABLE IF EXISTS `core_permission`;
/*!40101 SET @saved_cs_client     = @@character_set_client */;
/*!40101 SET character_set_client = utf8mb4 */;
CREATE TABLE `core_permission` (
  `perm_ID` int(11) NOT NULL AUTO_INCREMENT,
  `name` varchar(255) NOT NULL,
  `Description` longtext DEFAULT NULL,
  PRIMARY KEY (`perm_ID`)
) ENGINE=InnoDB AUTO_INCREMENT=42 DEFAULT CHARSET=utf8mb3 COLLATE=utf8mb3_general_ci;
/*!40101 SET character_set_client = @saved_cs_client */;

--
-- Dumping data for table `core_permission`
--

LOCK TABLES `core_permission` WRITE;
/*!40000 ALTER TABLE `core_permission` DISABLE KEYS */;
INSERT INTO `core_permission` VALUES (1,'search_in_projects',''),(2,'create_group',''),(4,'project_confirmation','from company goverment'),(5,'project_proposal',''),(6,'reject_joining_to_group',''),(7,'supervisor_selection',''),(8,'upload_final_project',''),(9,'update_project_topic',''),(10,'login',''),(11,'project_approval',''),(12,'project_assignment',''),(13,'co_superviosor_assignment',''),(14,'co_supervisor_approval',''),(15,'co_supervisor_selection',''),(16,'create_account',''),(17,'apply_project_modification',''),(18,'approval_for_group_participation_in_joint_project',''),(19,'apply_group_modification',''),(20,'accept_requiremenets',''),(21,'reject_requirements',''),(22,'manage_users',''),(23,'manage_projects','across universities'),(24,'supervisor_approval',''),(25,'supervisor_assignment',''),(26,'manage_users_cross_universities',''),(27,'manage_projects_accross_universities',''),(28,'propose_project',''),(29,'follow_project_status',''),(30,'project_topic_approval',''),(31,'approval_of_changing_student_group',''),(32,'manage_users_accounts',''),(33,'confirm_final_documantion',''),(34,'apply_project_modification_across_university',''),(35,'approval_for_group_participation_in_joint_project_across_universities',''),(36,'apply_group_modification_across_universities',''),(37,'co_superviosor_assignment_across_universities',''),(38,'co_superviosor_assignment_across_universities',''),(39,'approve_co_supervisor_across_universities',''),(40,'supervisor_assignment_accross_universities',''),(41,'approve_supervisor_across_universities','');
/*!40000 ALTER TABLE `core_permission` ENABLE KEYS */;
UNLOCK TABLES;

--
-- Table structure for table `core_program`
--

DROP TABLE IF EXISTS `core_program`;
/*!40101 SET @saved_cs_client     = @@character_set_client */;
/*!40101 SET character_set_client = utf8mb4 */;
CREATE TABLE `core_program` (
  `pid` int(11) NOT NULL AUTO_INCREMENT,
  `p_name` varchar(255) NOT NULL,
  `department_id` int(11) NOT NULL,
  PRIMARY KEY (`pid`),
  KEY `core_program_department_id_7121ebdd_fk_core_depa` (`department_id`),
  CONSTRAINT `core_program_department_id_7121ebdd_fk_core_depa` FOREIGN KEY (`department_id`) REFERENCES `core_department` (`department_id`)
) ENGINE=InnoDB AUTO_INCREMENT=8 DEFAULT CHARSET=utf8mb3 COLLATE=utf8mb3_general_ci;
/*!40101 SET character_set_client = @saved_cs_client */;

--
-- Dumping data for table `core_program`
--

LOCK TABLES `core_program` WRITE;
/*!40000 ALTER TABLE `core_program` DISABLE KEYS */;
INSERT INTO `core_program` VALUES (5,'ŔĀŔäō≤Ŕäōßō°',10),(6,'ō∑ŔĀŔąŔĄō© ŔÖō®ŔÉōĪō© - ōĪŔäōßō∂ ōßō∑ŔĀōßŔĄ',9),(7,'ōįŔÉōßō° ōßōĶō∑ŔÜōßōĻŔä',11);
/*!40000 ALTER TABLE `core_program` ENABLE KEYS */;
UNLOCK TABLES;

--
-- Table structure for table `core_programproject`
--

DROP TABLE IF EXISTS `core_programproject`;
/*!40101 SET @saved_cs_client     = @@character_set_client */;
/*!40101 SET character_set_client = utf8mb4 */;
CREATE TABLE `core_programproject` (
  `id` bigint(20) NOT NULL AUTO_INCREMENT,
  `program_id` int(11) NOT NULL,
  `project_id` int(11) NOT NULL,
  PRIMARY KEY (`id`),
  UNIQUE KEY `core_programproject_program_id_project_id_5e8fe68b_uniq` (`program_id`,`project_id`),
  KEY `core_programproject_project_id_9d02946b_fk_core_proj` (`project_id`),
  CONSTRAINT `core_programproject_program_id_3faa69cd_fk_core_program_pid` FOREIGN KEY (`program_id`) REFERENCES `core_program` (`pid`),
  CONSTRAINT `core_programproject_project_id_9d02946b_fk_core_proj` FOREIGN KEY (`project_id`) REFERENCES `core_project` (`project_id`)
) ENGINE=InnoDB DEFAULT CHARSET=utf8mb3 COLLATE=utf8mb3_general_ci;
/*!40101 SET character_set_client = @saved_cs_client */;

--
-- Dumping data for table `core_programproject`
--

LOCK TABLES `core_programproject` WRITE;
/*!40000 ALTER TABLE `core_programproject` DISABLE KEYS */;
/*!40000 ALTER TABLE `core_programproject` ENABLE KEYS */;
UNLOCK TABLES;

--
-- Table structure for table `core_progresspattern`
--

DROP TABLE IF EXISTS `core_progresspattern`;
/*!40101 SET @saved_cs_client     = @@character_set_client */;
/*!40101 SET character_set_client = utf8mb4 */;
CREATE TABLE `core_progresspattern` (
  `id` bigint(20) NOT NULL AUTO_INCREMENT,
  `name` varchar(255) NOT NULL,
  PRIMARY KEY (`id`)
) ENGINE=InnoDB AUTO_INCREMENT=2 DEFAULT CHARSET=utf8mb3 COLLATE=utf8mb3_general_ci;
/*!40101 SET character_set_client = @saved_cs_client */;

--
-- Dumping data for table `core_progresspattern`
--

LOCK TABLES `core_progresspattern` WRITE;
/*!40000 ALTER TABLE `core_progresspattern` DISABLE KEYS */;
INSERT INTO `core_progresspattern` VALUES (1,'pattren_1');
/*!40000 ALTER TABLE `core_progresspattern` ENABLE KEYS */;
UNLOCK TABLES;

--
-- Table structure for table `core_progressstage`
--

DROP TABLE IF EXISTS `core_progressstage`;
/*!40101 SET @saved_cs_client     = @@character_set_client */;
/*!40101 SET character_set_client = utf8mb4 */;
CREATE TABLE `core_progressstage` (
  `id` bigint(20) NOT NULL AUTO_INCREMENT,
  `description` longtext DEFAULT NULL,
  `name` varchar(255) DEFAULT NULL,
  PRIMARY KEY (`id`),
  UNIQUE KEY `name` (`name`)
) ENGINE=InnoDB AUTO_INCREMENT=2 DEFAULT CHARSET=utf8mb3 COLLATE=utf8mb3_general_ci;
/*!40101 SET character_set_client = @saved_cs_client */;

--
-- Dumping data for table `core_progressstage`
--

LOCK TABLES `core_progressstage` WRITE;
/*!40000 ALTER TABLE `core_progressstage` DISABLE KEYS */;
INSERT INTO `core_progressstage` VALUES (1,'','project _start');
/*!40000 ALTER TABLE `core_progressstage` ENABLE KEYS */;
UNLOCK TABLES;

--
-- Table structure for table `core_progresssubstage`
--

DROP TABLE IF EXISTS `core_progresssubstage`;
/*!40101 SET @saved_cs_client     = @@character_set_client */;
/*!40101 SET character_set_client = utf8mb4 */;
CREATE TABLE `core_progresssubstage` (
  `id` bigint(20) NOT NULL AUTO_INCREMENT,
  `name` varchar(255) NOT NULL,
  `description` longtext DEFAULT NULL,
  `order` int(10) unsigned NOT NULL CHECK (`order` >= 0),
  `max_mark` double DEFAULT NULL,
  `stage_id` bigint(20) NOT NULL,
  PRIMARY KEY (`id`),
  UNIQUE KEY `core_progresssubstage_stage_id_name_43aa852c_uniq` (`stage_id`,`name`),
  CONSTRAINT `core_progresssubstage_stage_id_98f4ee51_fk_core_progressstage_id` FOREIGN KEY (`stage_id`) REFERENCES `core_progressstage` (`id`)
) ENGINE=InnoDB DEFAULT CHARSET=utf8mb3 COLLATE=utf8mb3_general_ci;
/*!40101 SET character_set_client = @saved_cs_client */;

--
-- Dumping data for table `core_progresssubstage`
--

LOCK TABLES `core_progresssubstage` WRITE;
/*!40000 ALTER TABLE `core_progresssubstage` DISABLE KEYS */;
/*!40000 ALTER TABLE `core_progresssubstage` ENABLE KEYS */;
UNLOCK TABLES;

--
-- Table structure for table `core_project`
--

DROP TABLE IF EXISTS `core_project`;
/*!40101 SET @saved_cs_client     = @@character_set_client */;
/*!40101 SET character_set_client = utf8mb4 */;
CREATE TABLE `core_project` (
  `project_id` int(11) NOT NULL AUTO_INCREMENT,
  `title` varchar(500) NOT NULL,
  `start_date` int(11) DEFAULT NULL,
  `end_date` int(11) DEFAULT NULL,
  `state_id` int(11) NOT NULL,
  `description` longtext NOT NULL,
  `created_by_id` bigint(20) DEFAULT NULL,
  `Documentation_Path` longtext DEFAULT NULL,
  `Logo` longtext DEFAULT NULL,
  `field` longtext DEFAULT NULL,
  `tools` longtext DEFAULT NULL,
  PRIMARY KEY (`project_id`),
  KEY `core_project_created_by_id_3ae31859_fk_core_user_id` (`created_by_id`),
  KEY `core_project_state_id_abd48933` (`state_id`),
  CONSTRAINT `core_project_created_by_id_3ae31859_fk_core_user_id` FOREIGN KEY (`created_by_id`) REFERENCES `core_user` (`id`),
  CONSTRAINT `core_project_state_id_abd48933_fk_core_proj` FOREIGN KEY (`state_id`) REFERENCES `core_projectstate` (`ProjectStateId`)
) ENGINE=InnoDB AUTO_INCREMENT=19 DEFAULT CHARSET=utf8mb3 COLLATE=utf8mb3_general_ci;
/*!40101 SET character_set_client = @saved_cs_client */;

--
-- Dumping data for table `core_project`
--

LOCK TABLES `core_project` WRITE;
/*!40000 ALTER TABLE `core_project` DISABLE KEYS */;
INSERT INTO `core_project` VALUES (1,'pro_1',20251211,NULL,1,'‚Ēė√†‚Ēė√ß‚Ēė√†',NULL,NULL,NULL,NULL,NULL),(2,'gpms',20260125,NULL,2,'graduation project management',39,NULL,NULL,NULL,NULL),(3,'graduation management system',20260126,NULL,3,'this system is to manage the graduation process',55,NULL,NULL,NULL,NULL),(4,'ship digital twin',20260126,20260126,1,'Lorem Ipsum is a type of placeholder text commonly used in the design and publishing industries. It is derived from a work by the Roman statesman and philosopher Cicero, specifically from \"De finibus bonorum et malorum,\" and has been altered to create nonsensical Latin text.',NULL,NULL,NULL,NULL,NULL),(5,'School management system',20260126,20260126,1,'Lorem Ipsum is a type of placeholder text commonly used in the design and publishing industries. It is derived from a work by the Roman statesman and philosopher Cicero, specifically from \"De finibus bonorum et malorum,\" and has been altered to create nonsensical Latin text.',NULL,NULL,NULL,NULL,NULL),(6,'hospital system',20260126,20260126,3,'Lorem Ipsum is a type of placeholder text commonly used in the design and publishing industries. It is derived from a work by the Roman statesman and philosopher Cicero, specifically from \"De finibus bonorum et malorum,\" and has been altered to create nonsensical Latin text.',NULL,NULL,NULL,NULL,NULL),(7,'online shopping',20260126,20260126,3,'Lorem Ipsum is a type of placeholder text commonly used in the design and publishing industries. It is derived from a work by the Roman statesman and philosopher Cicero, specifically from \"De finibus bonorum et malorum,\" and has been altered to create nonsensical Latin text.',NULL,NULL,NULL,NULL,NULL),(8,'Unified Portal for Graduation Projects in Yemeni Universities',20260204,20260205,1,'Lorem Ipsum is simply dummy text of the printing and typesetting industry. Lorem Ipsum has been the industry\'s standard dummy text ever since the 1500s, when an unknown printer took a galley of type and scrambled it to make a type specimen book. It has survived not only five centuries, but also the leap into electronic typesetting, remaining essentially unchanged. It was popularised in the 1960s with the release of Letraset sheets containing Lorem Ipsum passages, and more recently with desktop publishing software like Aldus PageMaker including versions of Lorem Ipsum.',NULL,NULL,NULL,NULL,NULL),(9,'gpms',20260210,NULL,3,'gpms',55,NULL,NULL,NULL,NULL),(10,'h',NULL,-1,2,'j',239,'','','',''),(11,'hjkl',2026,NULL,3,'sdfguio',67,NULL,NULL,NULL,NULL),(12,'ŔÜōłōßŔÖ ō•ōĮōßōĪō© ŔÖōīōßōĪŔäōĻ ōßŔĄō™ōģōĪō¨',2025,2026,3,'ŔÜōłōßŔÖ ŔĄō•ōĮōßōĪō© ŔÖōīōßōĪŔäōĻ ōßŔĄō™ōģōĪō¨ ŔĀŔä ōßŔĄō¨ōßŔÖōĻōßō™ ōßŔĄŔäŔÖŔÜŔäō©',67,NULL,NULL,'Software Engineering','Django, React, MySQL'),(13,'ŔÜōłōßŔÖ ō®Ŕąōßō®ō© ŔÖŔąō≠ōĮō©',2026,2026,3,'ōßŔÉō™ō® ŔÖŔĄōģōĶ ōßŔĄŔÖōīōĪŔąōĻ ŔáŔÜōß...',67,NULL,NULL,'ō™ŔāŔÜŔä','django, react, myadminphp'),(14,'ŔÖōęōßŔĄ: ŔÜōłōßŔÖ ō®Ŕąōßō®ō© ŔÖŔąō≠ōĮō©',2026,2026,3,'ōßŔÉō™ō® ŔÖŔĄōģōĶ ōßŔĄŔÖōīōĪŔąōĻ ŔáŔÜōß...',67,NULL,NULL,'',''),(15,'ŔÖōīōĪŔąōĻ ō™ōģōĪō¨ ōįŔÉŔä',2025,2026,3,'qwertyuiopasdfghj',67,NULL,NULL,'software','django'),(17,'ŔÖōīōĪŔąōĻ ō™ōģōĪō¨ ōįŔÉŔä',2025,2026,3,'qwertyuiopasdfghj',67,NULL,NULL,'software','django'),(18,'ŔÖōīōĪŔąōĻ ō™ōģōĪō¨',2025,2026,3,'qwertyuiopasdfghj',67,NULL,NULL,'software','django');
/*!40000 ALTER TABLE `core_project` ENABLE KEYS */;
UNLOCK TABLES;

--
-- Table structure for table `core_projectstate`
--

DROP TABLE IF EXISTS `core_projectstate`;
/*!40101 SET @saved_cs_client     = @@character_set_client */;
/*!40101 SET character_set_client = utf8mb4 */;
CREATE TABLE `core_projectstate` (
  `ProjectStateId` int(11) NOT NULL AUTO_INCREMENT,
  `name` varchar(100) NOT NULL,
  PRIMARY KEY (`ProjectStateId`),
  UNIQUE KEY `name` (`name`)
) ENGINE=InnoDB AUTO_INCREMENT=4 DEFAULT CHARSET=utf8mb3 COLLATE=utf8mb3_general_ci;
/*!40101 SET character_set_client = @saved_cs_client */;

--
-- Dumping data for table `core_projectstate`
--

LOCK TABLES `core_projectstate` WRITE;
/*!40000 ALTER TABLE `core_projectstate` DISABLE KEYS */;
INSERT INTO `core_projectstate` VALUES (2,'Accepted'),(3,'Pending'),(1,'Reserved');
/*!40000 ALTER TABLE `core_projectstate` ENABLE KEYS */;
UNLOCK TABLES;

--
-- Table structure for table `core_role`
--

DROP TABLE IF EXISTS `core_role`;
/*!40101 SET @saved_cs_client     = @@character_set_client */;
/*!40101 SET character_set_client = utf8mb4 */;
CREATE TABLE `core_role` (
  `role_ID` int(11) NOT NULL AUTO_INCREMENT,
  `type` varchar(100) NOT NULL,
  `role_type` varchar(100) DEFAULT NULL,
  PRIMARY KEY (`role_ID`)
) ENGINE=InnoDB AUTO_INCREMENT=14 DEFAULT CHARSET=utf8mb3 COLLATE=utf8mb3_general_ci;
/*!40101 SET character_set_client = @saved_cs_client */;

--
-- Dumping data for table `core_role`
--

LOCK TABLES `core_role` WRITE;
/*!40000 ALTER TABLE `core_role` DISABLE KEYS */;
INSERT INTO `core_role` VALUES (1,'Ministry','General_Managment_System'),(2,'External Company',NULL),(3,'Dean',NULL),(4,'CO-Supervisor',NULL),(5,'Student',NULL),(6,'University President',NULL),(7,'System Manager',NULL),(8,'Department Head',NULL),(9,'Supervisor',NULL);
/*!40000 ALTER TABLE `core_role` ENABLE KEYS */;
UNLOCK TABLES;

--
-- Table structure for table `core_staff`
--

DROP TABLE IF EXISTS `core_staff`;
/*!40101 SET @saved_cs_client     = @@character_set_client */;
/*!40101 SET character_set_client = utf8mb4 */;
CREATE TABLE `core_staff` (
  `staff_id` int(11) NOT NULL AUTO_INCREMENT,
  `Qualification` longtext DEFAULT NULL,
  `Office_Hours` longtext DEFAULT NULL,
  `role_id` int(11) NOT NULL,
  `user_id` bigint(20) NOT NULL,
  PRIMARY KEY (`staff_id`),
  KEY `core_staff_role_id_af81a5ea_fk_core_role_role_ID` (`role_id`),
  KEY `core_staff_user_id_3295e7b7_fk_core_user_id` (`user_id`),
  CONSTRAINT `core_staff_role_id_af81a5ea_fk_core_role_role_ID` FOREIGN KEY (`role_id`) REFERENCES `core_role` (`role_ID`),
  CONSTRAINT `core_staff_user_id_3295e7b7_fk_core_user_id` FOREIGN KEY (`user_id`) REFERENCES `core_user` (`id`)
) ENGINE=InnoDB DEFAULT CHARSET=utf8mb3 COLLATE=utf8mb3_general_ci;
/*!40101 SET character_set_client = @saved_cs_client */;

--
-- Dumping data for table `core_staff`
--

LOCK TABLES `core_staff` WRITE;
/*!40000 ALTER TABLE `core_staff` DISABLE KEYS */;
/*!40000 ALTER TABLE `core_staff` ENABLE KEYS */;
UNLOCK TABLES;

--
-- Table structure for table `core_systemsettings`
--

DROP TABLE IF EXISTS `core_systemsettings`;
/*!40101 SET @saved_cs_client     = @@character_set_client */;
/*!40101 SET character_set_client = utf8mb4 */;
CREATE TABLE `core_systemsettings` (
  `setting_value` longtext NOT NULL,
  `description` longtext DEFAULT NULL,
  `setting_key` varchar(255) NOT NULL,
  `updated_at` datetime(6) NOT NULL,
  PRIMARY KEY (`setting_key`)
) ENGINE=InnoDB DEFAULT CHARSET=utf8mb3 COLLATE=utf8mb3_general_ci;
/*!40101 SET character_set_client = @saved_cs_client */;

--
-- Dumping data for table `core_systemsettings`
--

LOCK TABLES `core_systemsettings` WRITE;
/*!40000 ALTER TABLE `core_systemsettings` DISABLE KEYS */;
/*!40000 ALTER TABLE `core_systemsettings` ENABLE KEYS */;
UNLOCK TABLES;

--
-- Table structure for table `core_university`
--

DROP TABLE IF EXISTS `core_university`;
/*!40101 SET @saved_cs_client     = @@character_set_client */;
/*!40101 SET character_set_client = utf8mb4 */;
CREATE TABLE `core_university` (
  `uid` int(11) NOT NULL AUTO_INCREMENT,
  `uname_ar` varchar(255) NOT NULL,
  `uname_en` varchar(255) DEFAULT NULL,
  `type` varchar(100) DEFAULT NULL,
  PRIMARY KEY (`uid`)
) ENGINE=InnoDB AUTO_INCREMENT=45 DEFAULT CHARSET=utf8mb3 COLLATE=utf8mb3_general_ci;
/*!40101 SET character_set_client = @saved_cs_client */;

--
-- Dumping data for table `core_university`
--

LOCK TABLES `core_university` WRITE;
/*!40000 ALTER TABLE `core_university` DISABLE KEYS */;
INSERT INTO `core_university` VALUES (21,'ō¨ōßŔÖōĻō© ōĶŔÜōĻōßō°',NULL,NULL),(22,'ō¨ōßŔÖōĻō© ōßŔĄō≠ōĮŔäōĮō©',NULL,NULL),(23,'ō¨ōßŔÖōĻō© ō™ōĻō≤',NULL,NULL),(24,'ō¨ōßŔÖōĻō© ō•ō®',NULL,NULL),(25,'ō¨ōßŔÖōĻō© ōįŔÖōßōĪ',NULL,NULL),(26,'ō¨ōßŔÖōĻō© ōĻōĮŔÜ',NULL,NULL),(27,'ō¨ōßŔÖōĻō© ō≠ō∂ōĪŔÖŔąō™',NULL,NULL),(28,'ō¨ōßŔÖōĻō© ŔÖō£ōĪō®',NULL,NULL),(29,'ō¨ōßŔÖōĻō© ō≠ō¨ō©',NULL,NULL),(30,'ō¨ōßŔÖōĻō© ōßŔĄō®Ŕäō∂ōßō°',NULL,NULL),(31,'ō¨ōßŔÖōĻō© ōĻŔÖōĪōßŔÜ',NULL,NULL),(32,'ō¨ōßŔÖōĻō© ōĶōĻōĮō©',NULL,NULL),(33,'ō¨ōßŔÖōĻō© ōßŔĄō¨ŔąŔĀ',NULL,NULL),(34,'ō¨ōßŔÖōĻō© ōßŔĄŔÖō≠ŔąŔäō™',NULL,NULL),(35,'ō¨ōßŔÖōĻō© ōßŔĄō∂ōßŔĄōĻ',NULL,NULL),(36,'ō¨ōßŔÖōĻō© ōīō®Ŕąō©',NULL,NULL),(37,'ō¨ōßŔÖōĻō© ŔĄō≠ō¨',NULL,NULL),(38,'ō¨ōßŔÖōĻō© ō£ō®ŔäŔÜ',NULL,NULL),(39,'ō¨ōßŔÖōĻō© ōĪŔäŔÖō©',NULL,NULL),(40,'uni','uni',NULL),(41,'ō¨ōßŔÖōĻō© ōßŔĄŔÖō≥ō™Ŕāō®ŔĄ',NULL,NULL),(42,'ō¨ōßŔÖōĻō© ōßŔĄōĻŔĄŔąŔÖ ŔąōßŔĄō™ŔÉŔÜŔąŔĄŔąō¨Ŕäōß',NULL,NULL),(43,'ō¨ōßŔÖōĻō© ōßŔĄōĪōßō≤Ŕä',NULL,NULL),(44,'ō¨ōßŔÖōĻō© ōĶŔÜōĻōßō°','Sanaa University','ō≠ŔÉŔąŔÖŔä');
/*!40000 ALTER TABLE `core_university` ENABLE KEYS */;
UNLOCK TABLES;

--
-- Table structure for table `core_user`
--

DROP TABLE IF EXISTS `core_user`;
/*!40101 SET @saved_cs_client     = @@character_set_client */;
/*!40101 SET character_set_client = utf8mb4 */;
CREATE TABLE `core_user` (
  `id` bigint(20) NOT NULL AUTO_INCREMENT,
  `password` varchar(128) NOT NULL,
  `last_login` datetime(6) DEFAULT NULL,
  `is_superuser` tinyint(1) NOT NULL,
  `username` varchar(150) NOT NULL,
  `first_name` varchar(150) NOT NULL,
  `last_name` varchar(150) NOT NULL,
  `email` varchar(254) DEFAULT NULL,
  `is_staff` tinyint(1) NOT NULL,
  `is_active` tinyint(1) NOT NULL,
  `date_joined` datetime(6) NOT NULL,
  `phone` varchar(20) DEFAULT NULL,
  `name` varchar(255) DEFAULT NULL,
  `gender` varchar(10) DEFAULT NULL,
  PRIMARY KEY (`id`),
  UNIQUE KEY `username` (`username`)
) ENGINE=InnoDB AUTO_INCREMENT=330 DEFAULT CHARSET=utf8mb3 COLLATE=utf8mb3_general_ci;
/*!40101 SET character_set_client = @saved_cs_client */;

--
-- Dumping data for table `core_user`
--

LOCK TABLES `core_user` WRITE;
/*!40000 ALTER TABLE `core_user` DISABLE KEYS */;
INSERT INTO `core_user` VALUES (39,'pbkdf2_sha256$1000000$k8kkxobbmaq6R3QQjjHyIW$SKtNYE4j8JXqgWGy+Qv7xEA8XEMiNhFXz8uWbdCHATM=','2026-02-28 09:41:53.454281',1,'shatha','shatha','dahmash','shatha@gmail.com',1,1,'2026-01-04 06:05:23.000000',NULL,'shatha dahmash','Female'),(52,'pbkdf2_sha256$1000000$4Rk8rbPZWuhRAYGKxDZn9k$NKkj+wsg4Nz5pSacb1esPHxLfsfIEnFrea+mRaMbv8A=','2026-02-24 08:28:42.469760',1,'admin','','','admin@gmail.com',1,1,'2026-01-13 07:03:03.581287',NULL,'',NULL),(53,'pbkdf2_sha256$1000000$sOkQZLYbaQUe7ZpsfRIgZs$nhyhKww1d6AMntPAABUKUOHhLXHebgvcsphei87pAP0=','2026-01-26 08:19:18.876726',0,'shokri','shokri','alwafi','shokri@gmail.com',0,1,'2026-01-13 07:46:00.000000',NULL,'shokri alwafi','Male'),(55,'pbkdf2_sha256$1000000$yD1eE39M3mCxPb5bcrUjPq$5o50yTqU2qBfkobgEfRjWeewgkc9mzVHT+U79F/T6OA=','2026-02-16 08:14:13.647325',0,'company1','Company','','company@gmail.com',0,1,'2026-01-13 08:00:53.000000',NULL,'c 1','Other'),(56,'pbkdf2_sha256$1000000$5uOArMSGlQyXyayfPKWwfX$mcTibEeYR/m0jFg6e26K10TVlD5URKbsQOK3YTdrklg=','2026-03-05 22:15:48.924865',0,'musa','Musa','Ghurab','musa@gmail.com',0,1,'2026-01-13 08:15:24.000000',NULL,'Musa Ghurab','Male'),(57,'pbkdf2_sha256$1000000$oPbp73L3ky0WYACpQLiNQd$vTX8aZV2apwdpROSeeKFpicSL+UgZ27NpMx1AknFCr0=','2026-02-28 09:43:38.347966',0,'Alwaleed','Alwaleed','Alduais','alwaleed@gmail.com',0,1,'2026-01-20 06:22:42.000000',NULL,'Alwaleed Alduais',NULL),(58,'pbkdf2_sha256$1000000$PgPOAxfpzzkiKyf47cjL8e$Km+opI5/3wt/p+w3Q6aAPrH6nGlZCffnljF7eeav1FQ=','2026-02-14 06:20:08.886792',0,'Ebtihal','Ebtihal','Murad','',0,1,'2026-01-20 06:24:47.000000',NULL,'Ebtihal Murad',NULL),(60,'pbkdf2_sha256$1000000$Dy0XNH9EhvT1EcWWPNQlJI$FNEnrjYadj2Kr/G/DcN2fT0U43ZuY6zGT9WnnBaIdgY=','2026-03-06 02:40:43.443629',0,'afnan','afnan','dheyab','afnan@gmail.com',0,1,'2026-01-26 08:02:51.000000',NULL,'afnan dheyab','Female'),(61,'pbkdf2_sha256$1000000$jJk2PU5gemKnWHCElkeMAo$JZz7tpXHC3LHbpf++8o2KmfsxDLbK5FMEEnx6o1XpT4=','2026-02-23 08:52:04.071683',0,'fatima','Fatima','Alnagi','fatima@gmail.com',0,1,'2026-01-26 08:05:48.000000',NULL,'Fatima Alnagi','Female'),(62,'pbkdf2_sha256$1000000$9B786nlHwfs1ailHqx3ama$iG8MIm4R5m1fMi62kcgIVBrs1EOCOop5WYwEBEGmDV4=','2026-03-04 09:28:52.591331',0,'ministry','ministry','','',0,1,'2026-01-26 08:20:59.000000',NULL,'ministry','Other'),(63,'pbkdf2_sha256$1000000$adfDTBJnjlQ3F260HZ9IQN$9o9T8Gt9nwKIBJW9L/UutO7xPos9NcSCSoXD//BPP1c=','2026-03-06 02:41:06.237998',0,'Student','Student','1','',0,1,'2026-02-01 18:14:24.000000',NULL,'Student',NULL),(65,'pbkdf2_sha256$1000000$KdHk9Qfr518JdMSIr9G6aA$hEZfeca4XSsah9wfImyWUf2Jy+M7DwQxKNT5LWrCFCs=','2026-03-06 02:39:05.448386',0,'Supervisor','','','',0,1,'2026-02-01 18:22:28.328998',NULL,'',NULL),(66,'pbkdf2_sha256$1000000$EbYalCrVL6tKyIBQiXstcL$GL5l8dEZKCDPYAnvRDkCEEtIpJb7jdFFhPjWInMFCHA=','2026-03-06 02:41:38.199516',0,'DepartmentHead','department','head','',0,1,'2026-02-01 18:27:55.000000',NULL,'department head',NULL),(67,'pbkdf2_sha256$1000000$NPo8aSWfWRtAsR5Uc6NWu0$SH+iYfn0vvVCgkKLi+MUO7dVRhWnUo0eSdGUx/TLd2o=','2026-03-06 12:52:12.141196',0,'SystemManager','','','',0,1,'2026-02-01 20:48:30.620828',NULL,'',NULL),(68,'pbkdf2_sha256$1000000$IWYoiZjYc1TDROUXQLbx5B$r9ZQ7dZK1aP324MXgotgUa8m8DfCdycaPa78FxTs6eo=','2026-02-01 21:10:44.078463',0,'UniversityPresident','','','',0,1,'2026-02-01 21:09:58.000000',NULL,'',NULL),(69,'pbkdf2_sha256$1000000$u5TMneVBgQseBgC2vqtno0$DclKoGMABgOuRAPYItilPtryHVHCLgpxE89B+xCJ/RQ=','2026-02-23 08:53:33.302637',0,'Dean','Alwaleed','abdulmalik','alwaleed@gmail.com',0,1,'2026-02-01 21:12:15.000000',NULL,'Alwaleed abdulmalik',NULL),(70,'pbkdf2_sha256$1000000$Qfcbm3TcgND5NxzFqOfuJO$/FKyq/pDek7VT8V0MBhAwKtce3+soxwEOJ0BRtfAzYE=',NULL,0,'student1','','','',0,1,'2026-02-04 23:25:48.664934',NULL,'',NULL),(72,'pbkdf2_sha256$1000000$HQ2LFMjRxt990FjBvMqH9o$sUNO/4oYCCPUMs8yBZ7yM7Z0y9eGZJQr+qBr74FQ6NE=','2026-02-04 23:28:48.759847',0,'student11','','','',0,1,'2026-02-04 23:26:07.287619',NULL,'',NULL),(73,'pbkdf2_sha256$1000000$X09vWp0PCw8FQqB9VIoRL4$HfKxvWMuDt4UVUTN1o0iOxaYZm/FOW9GcgMkuPLzKIA=',NULL,0,'Alhasan','Alhasan','Alnagi','hasan@gmail.com',0,1,'2026-02-18 10:42:56.580519',NULL,'Alhasan Alnagi',NULL),(74,'pbkdf2_sha256$1000000$ry28SczazrnzEfK8Ga8vxz$jxNECtLAFR3gGt0zhntoV7g3Qs699GDbxdJuBBwyhKg=',NULL,0,'nooalhi45','ŔÜŔąōĪ','ōßŔĄō≤ō®ŔäōĪŔä','nooalhi45@example.edu.ye',0,1,'2026-02-22 09:24:48.495911',NULL,'ŔÜŔąōĪ ōßŔĄō≤ō®ŔäōĪŔä',NULL),(75,'pbkdf2_sha256$1000000$rVMVB7XhasJue8PQRfZJuB$e3HrhbrgtazcWZmkOpiugHFkf0Q1r0cYQy/RVcGfPVc=',NULL,0,'roaalmu64','Roa','Al-Muayyad','roaalmu64@example.edu.ye',0,1,'2026-02-22 09:24:49.067826',NULL,'Roa Al-Muayyad',NULL),(76,'pbkdf2_sha256$1000000$DtnaP2S2O08C3DaLuKVUUh$LbOA9cU7mz2wk3MPK6IBu5YtU2y9LABGV7xY6ZAkaDk=',NULL,0,'ayaalhi81','ōĘŔäō©','ōßŔĄō≥ŔāōßŔĀ','ayaalhi81@example.edu.ye',0,1,'2026-02-22 09:24:49.631197',NULL,'ōĘŔäō© ōßŔĄō≥ŔāōßŔĀ',NULL),(77,'pbkdf2_sha256$1000000$xZowmHVPAJVHRtq55gToLM$+q6yLao0gWmqJLwnbOmQFuX9DkuBaHx9JTaOEXq+o58=',NULL,0,'samalom30','Sami','Al-Omari','samalom30@mail.example',0,1,'2026-02-22 09:24:50.170294',NULL,'Sami Al-Omari',NULL),(78,'pbkdf2_sha256$1000000$xfN0WHWXbY0LfszAMboJdQ$376dIysRJTgcMnwCk8gfcZFJT936v0AqSw6V7kBcQyw=',NULL,0,'yasalzu21','Ŕäōßō≥ōĪ','ōßŔĄō≠ō∂ōĪŔÖŔä','yasalzu21@uni.example',0,1,'2026-02-22 09:24:50.778998',NULL,'Ŕäōßō≥ōĪ ōßŔĄō≠ō∂ōĪŔÖŔä',NULL),(79,'pbkdf2_sha256$1000000$AinVdoVJa5R9Vu3gGxUVNl$JUZaWW+hemAwFRspm3XXHwAsMAVg6BxxU1AE/o/l8gU=',NULL,0,'salalqa78','Salman','Al-Qahtani','salalqa78@example.edu.ye',0,1,'2026-02-22 09:24:51.314046',NULL,'Salman Al-Qahtani',NULL),(80,'pbkdf2_sha256$1000000$zFlug3hzQEKh8dkWrwTb5V$X1aq/T9VDDXuL+W1e833yugSkoWHTcWzJ2m/KOUFh1g=',NULL,0,'maralsa56','ŔÖōĪŔäŔÖ','ōßŔĄŔÖŔāō∑ōĪŔä','maralsa56@mail.example',0,1,'2026-02-22 09:24:51.878214',NULL,'ŔÖōĪŔäŔÖ ōßŔĄŔÖŔāō∑ōĪŔä',NULL),(81,'pbkdf2_sha256$1000000$E7uJNHYRgdqGXrxTlGnKUZ$3b7Z9Ux5Yhye82+Irxq7vc0pcrPifjXSkXRtfRd42s0=',NULL,0,'somalan20','Somaya','Al-Ansi','somalan20@example.edu.ye',0,1,'2026-02-22 09:24:52.492380',NULL,'Somaya Al-Ansi',NULL),(82,'pbkdf2_sha256$1000000$c4rzGn8HFr1EUI5QPVVhoS$bKCIr0JrPIjeWU0M+MFALeILicx32OoTL73f1ZwaTLo=',NULL,0,'samalmu57','ō≥ōßŔÖŔä','ōßŔĄōĻōĮŔÜŔä','samalmu57@uni.example',0,1,'2026-02-22 09:24:53.134171',NULL,'ō≥ōßŔÖŔä ōßŔĄōĻōĮŔÜŔä',NULL),(83,'pbkdf2_sha256$1000000$Gb83uTOD9J9tPM83HaPvgp$yfBclwc/SfvWXjhTKHrRJqAXk7toUgQKNTTpHKE3RjI=',NULL,0,'hebalar78','Heba','Al-Areeqi','hebalar78@mail.example',0,1,'2026-02-22 09:24:53.668296',NULL,'Heba Al-Areeqi',NULL),(84,'pbkdf2_sha256$1000000$SzRyPmn3d8prrnsKjscmql$YryKC1NNPLfA8k49xg9k+TfpRs58qrBdHrNkVhxMWX4=',NULL,0,'salalan97','ō≥ŔĄŔÖōßŔÜ','ōßŔĄŔÖō§ŔäōĮ','salalan97@uni.example',0,1,'2026-02-22 09:24:54.253171',NULL,'ō≥ŔĄŔÖōßŔÜ ōßŔĄŔÖō§ŔäōĮ',NULL),(85,'pbkdf2_sha256$1000000$daIH6iWc7DrU5xUEg3i63m$CTnlCaRQ/2Hf3jKP2nTPJowbfpX4b/fB9J3x0satli0=',NULL,0,'shaalqa61','Shahd','Al-Qahtani','shaalqa61@uni.example',0,1,'2026-02-22 09:24:54.693348',NULL,'Shahd Al-Qahtani',NULL),(86,'pbkdf2_sha256$1000000$W0RWgsiHT41Or9lT15Fwv9$ioxOsdNxRfeJmTjwAsqiBs9VtdOKQtIM75ko7lCTnVA=',NULL,0,'nooalta92','ŔÜŔąōĪ','ōßŔĄō≠ōĮŔĎōßōĮ','nooalta92@uni.example',0,1,'2026-02-22 09:24:55.134500',NULL,'ŔÜŔąōĪ ōßŔĄō≠ōĮŔĎōßōĮ',NULL),(87,'pbkdf2_sha256$1000000$foE44r7Vs26c9XnoyOZx77$ELV7Kw0gIRVegffT1K6eTPVhWXB6ito1MKaQYChlDzY=',NULL,0,'roaalmu84','Roa','Al-Muayyad','roaalmu84@uni.example',0,1,'2026-02-22 09:24:55.586407',NULL,'Roa Al-Muayyad',NULL),(88,'pbkdf2_sha256$1000000$71ySdJMEEvfF6iTwEXQ2dw$qQzxYrM3w6cZlFmsZ/k+Ik4u9nP4bovwqwXHH1rnwZA=',NULL,0,'maralba73','ŔÖōĪŔąōßŔÜ','ōßŔĄŔÜōĻŔÖōßŔÜŔä','maralba73@example.edu.ye',0,1,'2026-02-22 09:24:56.027068',NULL,'ŔÖōĪŔąōßŔÜ ōßŔĄŔÜōĻŔÖōßŔÜŔä',NULL),(89,'pbkdf2_sha256$1000000$cEGQvd3YdjHN8IxDYPdH0P$SdW6uBXrpysdO008fLRCe5+p9jpZpOJ9X1VH/sLFG18=',NULL,0,'nooalmu86','Noor','Al-Mutawakkil','nooalmu86@example.edu.ye',0,1,'2026-02-22 09:24:56.488597',NULL,'Noor Al-Mutawakkil',NULL),(90,'pbkdf2_sha256$1000000$FFYYgd5VcAVD6kv6c8yWJb$Xb7gcPsOmyIr9q0yvc4bWSvMzSuZYrsZ+wBUa173SaI=',NULL,0,'salalhi97','ō≥ŔĄŔÖōßŔÜ','ōßŔĄŔÖō§ŔäōĮ','salalhi97@mail.example',0,1,'2026-02-22 09:24:56.933557',NULL,'ō≥ŔĄŔÖōßŔÜ ōßŔĄŔÖō§ŔäōĮ',NULL),(91,'pbkdf2_sha256$1000000$JWpoSaToO9naIYPbrb9ApT$GvUFXQVYbbDvJmk/N1skUIkK00bRfNOjiPJ8UFQX/HI=',NULL,0,'omaalzu30','Omar','Al-Zubairi','omaalzu30@uni.example',0,1,'2026-02-22 09:24:57.371010',NULL,'Omar Al-Zubairi',NULL),(92,'pbkdf2_sha256$1000000$eFxux0mjCZJp3tT8ftllda$/SEzJXI2Ir5DlagIaCMG0H6CTi67yeetdFx4EqiIUIg=',NULL,0,'khaalba23','ōģōĮŔäō¨ō©','ōßŔĄŔÖō™ŔąŔÉŔĎŔĄ','khaalba23@mail.example',0,1,'2026-02-22 09:24:57.836152',NULL,'ōģōĮŔäō¨ō© ōßŔĄŔÖō™ŔąŔÉŔĎŔĄ',NULL),(93,'pbkdf2_sha256$1000000$q1tBolboaa3kSQnqCjrA5O$9aWRwDM12spvadFzFQplGXUuBpWOqsq6ang91FM7cvk=',NULL,0,'hamalmu10','Hamza','Al-Mutawakkil','hamalmu10@mail.example',0,1,'2026-02-22 09:24:58.290854',NULL,'Hamza Al-Mutawakkil',NULL),(94,'pbkdf2_sha256$1000000$EYFaalOBRxQnekqMI7WiaT$SX8y+T9RtXwuAJyLBGrU8F9RKJtySUAhwNfnSRkDX+w=',NULL,0,'hebalmu40','Ŕáō®ō©','ōßŔĄōĻōĮŔÜŔä','hebalmu40@example.edu.ye',0,1,'2026-02-22 09:24:58.749696',NULL,'Ŕáō®ō© ōßŔĄōĻōĮŔÜŔä',NULL),(95,'pbkdf2_sha256$1000000$K1iAMdCZrjScDq7eZC9z8j$RjF5YefQtHFpeXA+9nsenFu+TaeqkLmfms6LhyqnkM4=',NULL,0,'roaalha78','Roa','Al-Haddad','roaalha78@example.edu.ye',0,1,'2026-02-22 09:24:59.222396',NULL,'Roa Al-Haddad',NULL),(96,'pbkdf2_sha256$1000000$ZB9QdmrUgM8cTxO41IUepd$G7PzAu+sz/O//To9hB5Y4i0PhUH6T0pdHs4IBlD0FAs=',NULL,0,'khaalba87','ōģōßŔĄōĮ','ōßŔĄōĪōĮōßōĻŔä','khaalba87@uni.example',0,1,'2026-02-22 09:24:59.669147',NULL,'ōģōßŔĄōĮ ōßŔĄōĪōĮōßōĻŔä',NULL),(97,'pbkdf2_sha256$1000000$ng7Y8omiVN0ntvM0KBR7BD$msUbk8BPz3yhykZRd0fL9ee8XrinpRsPp0GofURYou8=',NULL,0,'mosalad67','Mostafa','Al-Adani','mosalad67@example.edu.ye',0,1,'2026-02-22 09:25:00.124553',NULL,'Mostafa Al-Adani',NULL),(98,'pbkdf2_sha256$1000000$Qw6biZ4fZiWu1Bjqgp0q1D$jNuqYA9qmglIMYC2Rj5GFi3Rl/sbZ386pV2xODs0bPc=',NULL,0,'mohalmu39','ŔÖō≠ŔÖōĮ','ōßŔĄōĻŔÖōĪŔä','mohalmu39@mail.example',0,1,'2026-02-22 09:25:00.573814',NULL,'ŔÖō≠ŔÖōĮ ōßŔĄōĻŔÖōĪŔä',NULL),(99,'pbkdf2_sha256$1000000$2acLjj6HJ70gonp1DXtFPB$92hseFkhDubwIC4HgbkMlHdAhLR2RW2x8dlJ41oVFAs=',NULL,0,'nooalqa14','Noor','Al-Qahtani','nooalqa14@uni.example',0,1,'2026-02-22 09:25:01.015754',NULL,'Noor Al-Qahtani',NULL),(100,'pbkdf2_sha256$1000000$6t4A4Lv20TqYvHkEOQPQLm$p3ehYxU1hNhOGJCKz0IcnFaSRbjykAxx8V1kqbdhvW8=',NULL,0,'somalsh79','ō≥ŔÖŔäō©','ōßŔĄō≠ōĮŔĎōßōĮ','somalsh79@example.edu.ye',0,1,'2026-02-22 09:25:01.471509',NULL,'ō≥ŔÖŔäō© ōßŔĄō≠ōĮŔĎōßōĮ',NULL),(101,'pbkdf2_sha256$1000000$FqZIhXpL7kZMPy4VTsSPpS$QzfPiRFynZhDDhCUhmKg4S3KMYvheoSX4PkzhT3H2uk=',NULL,0,'zaialha34','Zainab','Al-Haddad','zaialha34@example.edu.ye',0,1,'2026-02-22 09:25:01.912941',NULL,'Zainab Al-Haddad',NULL),(102,'pbkdf2_sha256$1000000$yPI1DIWsvZxTxvg92a2mI6$IpmHWkImBcIilFuc9O7/InVxH+dqLDCltJ6rD/wOfXE=',NULL,0,'husalsa16','ō≠ō≥ŔäŔÜ','ōßŔĄō•ō®Ŕä','husalsa16@mail.example',0,1,'2026-02-22 09:25:02.407994',NULL,'ō≠ō≥ŔäŔÜ ōßŔĄō•ō®Ŕä',NULL),(103,'pbkdf2_sha256$1000000$TjvlqCNrlyjd6eCj23rJgb$TD6oW+l0vyZNjX+0eZ64jJr0Ax9XIrMv3ovWbnyaPeQ=',NULL,0,'mosalha41','Mostafa','Al-Hadrami','mosalha41@example.edu.ye',0,1,'2026-02-22 09:25:02.887845',NULL,'Mostafa Al-Hadrami',NULL),(104,'pbkdf2_sha256$1000000$0Cqv1WLx79hTyEoWIBrK3Y$FlkxXSm71VN8dhdermJU/7621vglrLS+NDsWuwtA1E8=',NULL,0,'husalra69','ō≠ō≥ŔäŔÜ','ōßŔĄŔÖō™ŔąŔÉŔĎŔĄ','husalra69@example.edu.ye',0,1,'2026-02-22 09:25:03.340018',NULL,'ō≠ō≥ŔäŔÜ ōßŔĄŔÖō™ŔąŔÉŔĎŔĄ',NULL),(105,'pbkdf2_sha256$1000000$z1mZ37HhaUO0cixF6EKsIy$gyo4U1x+JNMHrHr+peJ48wPxBObSfeXSqyufkN4ex1I=',NULL,0,'zaialmu93','Zainab','Al-Muayyad','zaialmu93@mail.example',0,1,'2026-02-22 09:25:03.811904',NULL,'Zainab Al-Muayyad',NULL),(106,'pbkdf2_sha256$1000000$Hj1ctyuBkhvflrrBvVDYJI$6AiO8c1GHDataJW/CHSlIz5b8193L4kRUkfpazfNWf4=',NULL,0,'khaalha71','ōģōßŔĄōĮ','ōßŔĄō•ō®Ŕä','khaalha71@example.edu.ye',0,1,'2026-02-22 09:25:04.264212',NULL,'ōģōßŔĄōĮ ōßŔĄō•ō®Ŕä',NULL),(107,'pbkdf2_sha256$1000000$b1AqguKUdm4ZrVwTqhcVAp$HhOLoGyBEXLDEFdMNduxKVluLz1Cb2H3kynypuNMBuQ=',NULL,0,'mosalhi68','Mostafa','Al-Himyari','mosalhi68@uni.example',0,1,'2026-02-22 09:25:04.720778',NULL,'Mostafa Al-Himyari',NULL),(108,'pbkdf2_sha256$1000000$Uzf0YIR83i6DJWcSKk87Zb$Y6eyAbcUzZHzhIAd0YiJXHy4UgXsrDtUjivaMno+0iU=',NULL,0,'yasalsh17','Ŕäōßō≥ōĪ','ōßŔĄŔÖŔāō∑ōĪŔä','yasalsh17@mail.example',0,1,'2026-02-22 09:25:05.215465',NULL,'Ŕäōßō≥ōĪ ōßŔĄŔÖŔāō∑ōĪŔä',NULL),(109,'pbkdf2_sha256$1000000$PSXL7VVJcpOU8IsnOaCwMo$uLYcy+sqWVBJAjoSOwNv3bkLBsZN1hU8R4Uw/V4fqXU=',NULL,0,'ahmalqa74','Ahmed','Al-Qahtani','ahmalqa74@mail.example',0,1,'2026-02-22 09:25:05.670982',NULL,'Ahmed Al-Qahtani',NULL),(110,'pbkdf2_sha256$1000000$3VmA3v1SHg6oR9xWXq7TSC$uNwyPFpyLzsZJXXaxLiK6UfC8GZkKey0jLlLmzn7sEE=',NULL,0,'alialar96','ōĻŔĄŔä','ōßŔĄō≥ŔāōßŔĀ','alialar96@example.edu.ye',0,1,'2026-02-22 09:25:06.176664',NULL,'ōĻŔĄŔä ōßŔĄō≥ŔāōßŔĀ',NULL),(111,'pbkdf2_sha256$1000000$DTv7yxbWyp1hCM3tE9Akjl$rtNAhDdQuSB9IG8oIx5Thv2VW9EdZJ0vLNiHxc+SImM=',NULL,0,'hudalqa63','Huda','Al-Qahtani','hudalqa63@mail.example',0,1,'2026-02-22 09:25:06.627383',NULL,'Huda Al-Qahtani',NULL),(112,'pbkdf2_sha256$1000000$I7ZnIXb8M0cb1n1Lxqp60c$WPZi24ktaNcE5YfUd9oZ/96hR25Ozk/S9K8e83kWTP0=',NULL,0,'yasalan43','Ŕäōßō≥ōĪ','ōßŔĄō≠ō∂ōĪŔÖŔä','yasalan43@uni.example',0,1,'2026-02-22 09:25:07.086511',NULL,'Ŕäōßō≥ōĪ ōßŔĄō≠ō∂ōĪŔÖŔä',NULL),(113,'pbkdf2_sha256$1000000$YNzptUbcb05D1aJqrzVQtE$PNxUzvhviHzEIGzhO0vP94h1Np7G8oGSwJ4Nbw99Vhk=',NULL,0,'omaalar89','Omar','Al-Areeqi','omaalar89@mail.example',0,1,'2026-02-22 09:25:07.530626',NULL,'Omar Al-Areeqi',NULL),(114,'pbkdf2_sha256$1000000$bnHfQOaYTqU0lvddCwjcMF$9wl7pZwik7AkKAvlylctr3tDOTitc64hfn81jP6dkfE=',NULL,0,'yasalra26','Ŕäōßō≥ōĪ','ōßŔĄō®ōßōīōß','yasalra26@uni.example',0,1,'2026-02-22 09:25:07.975075',NULL,'Ŕäōßō≥ōĪ ōßŔĄō®ōßōīōß',NULL),(115,'pbkdf2_sha256$1000000$rL6cHTRlfDBcWkDUplG328$rpetnbsIGzfd6xknA/+mLZpG0UMDuZOuaF34mmOwIis=',NULL,0,'anaalmu48','Anas','Al-Mutawakkil','anaalmu48@mail.example',0,1,'2026-02-22 09:25:08.469201',NULL,'Anas Al-Mutawakkil',NULL),(116,'pbkdf2_sha256$1000000$CmHlss2aC2Y7dLFaJRdSfQ$VI+/jRQLeiURtxZ0isXBHNbbLICgOpX4NddraYvdwLk=',NULL,0,'shaalmu94','ōīŔáōĮ','ōßŔĄŔÖō§ŔäōĮ','shaalmu94@example.edu.ye',0,1,'2026-02-22 09:25:08.918428',NULL,'ōīŔáōĮ ōßŔĄŔÖō§ŔäōĮ',NULL),(117,'pbkdf2_sha256$1000000$CDT96Q0buu8XeEA4adT6L6$89OLleg+YDHaYOEPjs2X4OZRxerfkL9oN+hI+wZKOq0=',NULL,0,'abdalzu29','Abdullah','Al-Zubairi','abdalzu29@uni.example',0,1,'2026-02-22 09:25:09.365879',NULL,'Abdullah Al-Zubairi',NULL),(118,'pbkdf2_sha256$1000000$l1OozYBC7ptya4HIjf82KS$9XfX2tp/lCVP3GUu+bJZaKvFC2l6xQumWCtyUYugbuM=',NULL,0,'yasalba72','Ŕäōßō≥ōĪ','ōßŔĄōĪōĮōßōĻŔä','yasalba72@uni.example',0,1,'2026-02-22 09:25:09.820059',NULL,'Ŕäōßō≥ōĪ ōßŔĄōĪōĮōßōĻŔä',NULL),(119,'pbkdf2_sha256$1000000$tgBUw8gGCSgIRZz5DBLrDo$ETLXRoiEUHwYAWzDBCJYUANZs/wRcLDj/DG+MFzIORU=',NULL,0,'nooalib15','Noor','Al-Ibbi','nooalib15@example.edu.ye',0,1,'2026-02-22 09:25:10.270197',NULL,'Noor Al-Ibbi',NULL),(120,'pbkdf2_sha256$1000000$iWVbyHrTth4IKoQ4q27eB3$ZNVDDP+bxpuBjTlNjLteptrPQkNk8NILnSFK7OffYEo=',NULL,0,'salalsa80','ō≥ŔĄŔÖōßŔÜ','ōßŔĄŔÖō™ŔąŔÉŔĎŔĄ','salalsa80@mail.example',0,1,'2026-02-22 09:25:10.729319',NULL,'ō≥ŔĄŔÖōßŔÜ ōßŔĄŔÖō™ŔąŔÉŔĎŔĄ',NULL),(121,'pbkdf2_sha256$1000000$S9MYnO2in6X2ENaqdm5QPP$KX+LANTnmX5n6Pqdu4dhfb+7Ek97hzoidlQtCycHIRE=',NULL,0,'alialnu57','Ali','Al-Nu\'mani','alialnu57@mail.example',0,1,'2026-02-22 09:25:11.181524',NULL,'Ali Al-Nu\'mani',NULL),(122,'pbkdf2_sha256$1000000$iHLrj8tygmQ4xYLBiMW3Mn$hZYQGnh0E0VOpsFJaLtw9EODPFGE65at5x/z8MQPnJk=',NULL,0,'ahmalad15','ō£ō≠ŔÖōĮ','ōßŔĄŔÖŔāō∑ōĪŔä','ahmalad15@uni.example',0,1,'2026-02-22 09:25:11.627759',NULL,'ō£ō≠ŔÖōĮ ōßŔĄŔÖŔāō∑ōĪŔä',NULL),(123,'pbkdf2_sha256$1000000$O3BGzIRTwpT2YtIzE9CZYL$tpJbUdtlyOwS6lFb6ggFsAQMJ+3Mb/RNZHZCXWi82p4=',NULL,0,'abdalad62','Abdullah','Al-Adani','abdalad62@mail.example',0,1,'2026-02-22 09:25:12.100296',NULL,'Abdullah Al-Adani',NULL),(124,'pbkdf2_sha256$1000000$ZDHuHalyDVnwiQFZaYVmmV$CuShAGc03CI2zKmcppupikcGGdZbmn6Zdt2K421ZzW0=',NULL,0,'zaialib13','ō≤ŔäŔÜō®','ōßŔĄŔÖō™ŔąŔÉŔĎŔĄ','zaialib13@example.edu.ye',0,1,'2026-02-22 09:25:12.554226',NULL,'ō≤ŔäŔÜō® ōßŔĄŔÖō™ŔąŔÉŔĎŔĄ',NULL),(125,'pbkdf2_sha256$1000000$2N7lnJ2ZOHMLyskzEm7GIB$LRK90JTWI9BewvkWQSTdQhtYrT7tBSP+D/uP13K0FF0=',NULL,0,'zaialan99','Zainab','Al-Ansi','zaialan99@example.edu.ye',0,1,'2026-02-22 09:25:13.017611',NULL,'Zainab Al-Ansi',NULL),(126,'pbkdf2_sha256$1000000$ycUzUyNBULk1Dhz6do6gMx$RuBUbpYViEVosCd6HYnmIv1eXlHQyhpxVsTBbHL2qo0=',NULL,0,'maralsa54','ŔÖōĪŔąōßŔÜ','ōßŔĄōīŔáōßōĪŔä','maralsa54@uni.example',0,1,'2026-02-22 09:25:13.470160',NULL,'ŔÖōĪŔąōßŔÜ ōßŔĄōīŔáōßōĪŔä',NULL),(127,'pbkdf2_sha256$1000000$hEfHgBwtMEpXgvUx2ui7dx$b8vKJ2OSiE6fgFUsJSEIUSx6BomwtT9JkX9xw0TyAto=',NULL,0,'mohalsh45','Mohamed','Al-Shahari','mohalsh45@example.edu.ye',0,1,'2026-02-22 09:25:13.927896',NULL,'Mohamed Al-Shahari',NULL),(128,'pbkdf2_sha256$1000000$SjKwN2bPj8J7VDSegoZ2OV$EaqzYxVcYVBHJuwC2Pmts6u1W96YJkgvg92sQCCMFok=',NULL,0,'nooalta96','ŔÜŔąōĪ','ōßŔĄō®ōßōīōß','nooalta96@mail.example',0,1,'2026-02-22 09:25:14.379310',NULL,'ŔÜŔąōĪ ōßŔĄō®ōßōīōß',NULL),(129,'pbkdf2_sha256$1000000$9twxLJuuYBToSllFj5RxwI$/yoIGr2KWXUhuHBShSMLCmeE1a7oBq5Gft6InIHSGNA=',NULL,0,'lamalra43','Lama','Al-Radaei','lamalra43@example.edu.ye',0,1,'2026-02-22 09:25:14.824819',NULL,'Lama Al-Radaei',NULL),(130,'pbkdf2_sha256$1000000$kFVwTOi2rtOZnC1D9nDIST$2gldn2hSCTVrj4qdvP4a01MrulrUSzRUgAF4aSkaMCU=',NULL,0,'roaalib87','ōĪō§ŔČ','ōßŔĄō≠ō∂ōĪŔÖŔä','roaalib87@mail.example',0,1,'2026-02-22 09:25:15.281377',NULL,'ōĪō§ŔČ ōßŔĄō≠ō∂ōĪŔÖŔä',NULL),(131,'pbkdf2_sha256$1000000$L9bEl5KPHW4ZASd3OEUcbB$XQJIeNoOQcKMDZgCy5a7wKsZP3PyDh+8nBDGBHUrpdw=',NULL,0,'ahmalib78','Ahmed','Al-Ibbi','ahmalib78@mail.example',0,1,'2026-02-22 09:25:15.730625',NULL,'Ahmed Al-Ibbi',NULL),(132,'pbkdf2_sha256$1000000$v9UyF8P9ujbZNHvm8SePNk$MyVmiRI8CnrILCj7Z56yYlZe6Ac+gBXpmU9iJkm66h8=',NULL,0,'husalha89','ō≠ō≥ŔäŔÜ','ōßŔĄōĻōĪŔäŔāŔä','husalha89@uni.example',0,1,'2026-02-22 09:25:16.177845',NULL,'ō≠ō≥ŔäŔÜ ōßŔĄōĻōĪŔäŔāŔä',NULL),(133,'pbkdf2_sha256$1000000$1rz0sePUWbno5mqbV4YxXK$zCiUNCD/YUfNytZKMkt76rpdRpaGDiNrl2a8YCSFEU4=',NULL,0,'ayaalmu51','Aya','Al-Muqtari','ayaalmu51@uni.example',0,1,'2026-02-22 09:25:16.647810',NULL,'Aya Al-Muqtari',NULL),(134,'pbkdf2_sha256$1000000$rn2tLX6gRdgb84J9ZsuNkB$yezRLfsA9mAcbd8nqduSsPer08lmpDj5Fi7PRIFjxHg=',NULL,0,'husalmu88','ō≠ō≥ŔäŔÜ','ōßŔĄō™ōĻō≤Ŕä','husalmu88@mail.example',0,1,'2026-02-22 09:25:17.103608',NULL,'ō≠ō≥ŔäŔÜ ōßŔĄō™ōĻō≤Ŕä',NULL),(135,'pbkdf2_sha256$1000000$PQJa5h7015ZLQrBjyOov2c$qaNaT21q5Nty2aNVYRymsyGvgEqFy2U45KdKlfg5zg8=',NULL,0,'anaalsh87','Anas','Al-Shahari','anaalsh87@mail.example',0,1,'2026-02-22 09:25:17.550205',NULL,'Anas Al-Shahari',NULL),(136,'pbkdf2_sha256$1000000$9jtDjRzTRlhSDvhoZZzZPt$jb2Ekc8WaRPpf/E2E8WvuLx9Hilnm7eLJ3EA1Zn9UyY=',NULL,0,'somalba70','ō≥ŔÖŔäō©','ōßŔĄōīŔáōßōĪŔä','somalba70@mail.example',0,1,'2026-02-22 09:25:17.996817',NULL,'ō≥ŔÖŔäō© ōßŔĄōīŔáōßōĪŔä',NULL),(137,'pbkdf2_sha256$1000000$Nx2Ar0hI9hN1eANfYATcbl$gmdAwYdfljlFYUFO5gmDTf+oX38oLQk4RCRsmWZzn3A=',NULL,0,'ayaalsa40','Aya','Al-Saqqaf','ayaalsa40@mail.example',0,1,'2026-02-22 09:25:18.448146',NULL,'Aya Al-Saqqaf',NULL),(138,'pbkdf2_sha256$1000000$LQqbyUsdjJPBHtDOdvLuQ2$pWsTo4xCvioHfcweBvf+FgiugZ4qbnhCHJ1Xrw4ba9Q=',NULL,0,'mohalan70','ŔÖō≠ŔÖōĮ','ōßŔĄŔāō≠ō∑ōßŔÜŔä','mohalan70@mail.example',0,1,'2026-02-22 09:25:18.942606',NULL,'ŔÖō≠ŔÖōĮ ōßŔĄŔāō≠ō∑ōßŔÜŔä',NULL),(139,'pbkdf2_sha256$1000000$gtGbla0DCkhs2R6B2lFAzd$Yt/JzLMIh4Azu3uITvK2Dl+LYMUwBWSNBmhq0MfDVYU=',NULL,0,'husalom73','Hussain','Al-Omari','husalom73@uni.example',0,1,'2026-02-22 09:25:19.392142',NULL,'Hussain Al-Omari',NULL),(140,'pbkdf2_sha256$1000000$F9Rm7yMy74hT5keTBwfm2j$Z3DzaVvm3SNLQCWysD9Qx3C0bBMXSUmppiRjxc/dtqw=',NULL,0,'khaalan32','ōģōĮŔäō¨ō©','ōßŔĄō•ō®Ŕä','khaalan32@mail.example',0,1,'2026-02-22 09:25:19.840869',NULL,'ōģōĮŔäō¨ō© ōßŔĄō•ō®Ŕä',NULL),(141,'pbkdf2_sha256$1000000$WtC7WRXR9uvLPNPVBiXITW$9sEBcXgPXWN0JjGiVVkzrH+2YDXTxBMp/1gwxvyIhQI=',NULL,0,'maralzu69','Marwan','Al-Zubairi','maralzu69@mail.example',0,1,'2026-02-22 09:25:20.289745',NULL,'Marwan Al-Zubairi',NULL),(142,'pbkdf2_sha256$1000000$9XuiyF8M9ofEJj3RQHuVBT$pUkjDioLNdzMMsico5gArmUJOR4UvfndAg0qPB/I1rs=',NULL,0,'hudalib80','ŔáōĮŔČ','ōßŔĄō®ōßōīōß','hudalib80@uni.example',0,1,'2026-02-22 09:25:20.734259',NULL,'ŔáōĮŔČ ōßŔĄō®ōßōīōß',NULL),(143,'pbkdf2_sha256$1000000$lOffs0k5SMuKb4zek8OaZt$3rBG3eik+Gwyked5IEW9WMXeop9ddgPy4Vw5yBDU+OI=',NULL,0,'salalan76','Salman','Al-Ansi','salalan76@uni.example',0,1,'2026-02-22 09:25:21.198871',NULL,'Salman Al-Ansi',NULL),(144,'pbkdf2_sha256$1000000$Kb0GhIlZgxwklIC76CAeJ0$EjzjGxzkJQ3ZyoOTlseXyeYNHpfLWpygjOwM+5hqY0k=',NULL,0,'alialan44','ōĻŔĄŔä','ōßŔĄŔÖŔāō∑ōĪŔä','alialan44@uni.example',0,1,'2026-02-22 09:25:21.648418',NULL,'ōĻŔĄŔä ōßŔĄŔÖŔāō∑ōĪŔä',NULL),(145,'pbkdf2_sha256$1000000$Y5uvOR4ow4yQuYDYs9boWV$mOqQc3ZpR0EkjX/KL9x+14CKny9sPKYgo2TYjzNyWj8=',NULL,0,'ibralan37','Ibrahim','Al-Ansi','ibralan37@example.edu.ye',0,1,'2026-02-22 09:25:22.092488',NULL,'Ibrahim Al-Ansi',NULL),(146,'pbkdf2_sha256$1000000$XkXJd5VOCbkqJds7eZ3htl$nuVKYRazh0YgGNHJ5MVFLopH4W/MUr3/AvhpkxhHUJ8=',NULL,0,'samalqa36','ō≥ōßŔÖŔä','ōßŔĄō•ō®Ŕä','samalqa36@uni.example',0,1,'2026-02-22 09:25:22.575415',NULL,'ō≥ōßŔÖŔä ōßŔĄō•ō®Ŕä',NULL),(147,'pbkdf2_sha256$1000000$B9QPlBC0ncLG9CPlQ8jAra$7NrBKb3RJ50PPNaObtyuifEEsSmdx3xKVtlO+OOhQBE=',NULL,0,'mosalha48','Mostafa','Al-Haddad','mosalha48@uni.example',0,1,'2026-02-22 09:25:23.024453',NULL,'Mostafa Al-Haddad',NULL),(148,'pbkdf2_sha256$1000000$boolNYgIvKtJCuvK8ZAupp$Xz6azyVN0CWT0RHLN4T9ywhrTP3ai8Y97vvRupsdu9g=',NULL,0,'roaalsa38','ōĪō§ŔČ','ōßŔĄŔÖō§ŔäōĮ','roaalsa38@uni.example',0,1,'2026-02-22 09:25:23.467701',NULL,'ōĪō§ŔČ ōßŔĄŔÖō§ŔäōĮ',NULL),(149,'pbkdf2_sha256$1000000$4y8nAQdJwhB9lAiYIXwkdk$2/uT2I5pebKLsdwbVFpcrl5h2EYhxFzz4dsyAnnvFQU=',NULL,0,'mohalta31','Mohamed','Al-Taizi','mohalta31@uni.example',0,1,'2026-02-22 09:25:23.926557',NULL,'Mohamed Al-Taizi',NULL),(150,'pbkdf2_sha256$1000000$DvaOvtF4pNEetO9TDcCzBy$jTMjeUZJ6giR+0LFf8cVEwVmB6YIF6JpO60miMQ2TSQ=',NULL,0,'saralhi20','ō≥ōßōĪō©','ōßŔĄōĻŔÖōĪŔä','saralhi20@mail.example',0,1,'2026-02-22 09:25:24.372492',NULL,'ō≥ōßōĪō© ōßŔĄōĻŔÖōĪŔä',NULL),(151,'pbkdf2_sha256$1000000$wy8ImNAnOLto8pkbXR2Uxc$JKXobyW4nYeLVSOfsgqZt1JQkPAQwAvrmjPwlbjwm8o=',NULL,0,'ahmalra37','Ahmed','Al-Radaei','ahmalra37@uni.example',0,1,'2026-02-22 09:25:24.834139',NULL,'Ahmed Al-Radaei',NULL),(152,'pbkdf2_sha256$1000000$d9NdwpfEQ9uRuR9dzbRgAB$/8B8a/DLqZO85l/WdllOUIur3uUehqtNwA6RRtMEmbQ=',NULL,0,'khaalra20','ōģōĮŔäō¨ō©','ōßŔĄō•ō®Ŕä','khaalra20@uni.example',0,1,'2026-02-22 09:25:25.297869',NULL,'ōģōĮŔäō¨ō© ōßŔĄō•ō®Ŕä',NULL),(153,'pbkdf2_sha256$1000000$NARgS2iBi4EFqj1r0gi8oT$DDL7hQL3Eztt3bq298Js98i+OEs33Equ2+vqqurFOtA=',NULL,0,'maralar13','Marwan','Al-Areeqi','maralar13@example.edu.ye',0,1,'2026-02-22 09:25:25.752545',NULL,'Marwan Al-Areeqi',NULL),(154,'pbkdf2_sha256$1000000$9s6u9l3R8oozxRPdEl82gy$ySquS6WFz7O/r/eHRTfleyib3GlACJawaTWw9jPN2L4=',NULL,0,'ibralnu70','ō•ō®ōĪōßŔáŔäŔÖ','ōßŔĄōĻŔÜō≥Ŕä','ibralnu70@mail.example',0,1,'2026-02-22 09:25:26.213534',NULL,'ō•ō®ōĪōßŔáŔäŔÖ ōßŔĄōĻŔÜō≥Ŕä',NULL),(155,'pbkdf2_sha256$1000000$MqOVAQfBeosDbEtElS49wi$BhhX7+Sf3CH9/IkeS7bnLcKkBJOUwkRxJU6UrR4ewmw=',NULL,0,'emaalra31','Eman','Al-Radaei','emaalra31@mail.example',0,1,'2026-02-22 09:25:26.670919',NULL,'Eman Al-Radaei',NULL),(156,'pbkdf2_sha256$1000000$HPkwvyBDyEmiWgKOasUDIY$rViU+T0qBkSu/OTQo1sARjLrJ25g6naDwrRpeL2PHTY=',NULL,0,'anaalom13','ō£ŔÜō≥','ōßŔĄō≤ō®ŔäōĪŔä','anaalom13@uni.example',0,1,'2026-02-22 09:25:27.124213',NULL,'ō£ŔÜō≥ ōßŔĄō≤ō®ŔäōĪŔä',NULL),(157,'pbkdf2_sha256$1000000$8ReOGJPkgwc47QerjIUe8R$J2vF2fjzcihULRMDv7HmKLCNqyAPY7gWtE8dJtDsQG4=',NULL,0,'emaalsh98','Eman','Al-Shahari','emaalsh98@mail.example',0,1,'2026-02-22 09:25:27.570211',NULL,'Eman Al-Shahari',NULL),(158,'pbkdf2_sha256$1000000$rMyrT5lci8VNgfkigcF46o$PRMJiDZIZgxXyEXZsMlSgVdzV49B0ywXM5UtWg1cdo4=',NULL,0,'hudalom15','ŔáōĮŔČ','ōßŔĄō≤ō®ŔäōĪŔä','hudalom15@uni.example',0,1,'2026-02-22 09:25:28.016647',NULL,'ŔáōĮŔČ ōßŔĄō≤ō®ŔäōĪŔä',NULL),(159,'pbkdf2_sha256$1000000$kzuiWbygsf23Pd1ZSToYAr$De5EE9fafAnR1tMgPh2gy/EZGTuZyCOCK9Uvg+vf3j8=',NULL,0,'ayaalha72','Aya','Al-Hadrami','ayaalha72@example.edu.ye',0,1,'2026-02-22 09:25:28.460216',NULL,'Aya Al-Hadrami',NULL),(160,'pbkdf2_sha256$1000000$pL5rbRGJXVOsYw1q8iIfVc$yWJ5VMmkktCxhx/W2nARgqrYnaCqRfkDguScnsAmS2g=',NULL,0,'lamalnu65','ŔĄŔÖŔČ','ōßŔĄōĶŔÜōĻōßŔÜŔä','lamalnu65@example.edu.ye',0,1,'2026-02-22 09:25:28.913202',NULL,'ŔĄŔÖŔČ ōßŔĄōĶŔÜōĻōßŔÜŔä',NULL),(161,'pbkdf2_sha256$1000000$i4PIG5blMYJeKltwuW3kBI$Dd26an1F5Q29uu8btnpPq0wpkaZ7WbmSf5GQCknuEt8=',NULL,0,'zaialmu69','Zainab','Al-Muayyad','zaialmu69@uni.example',0,1,'2026-02-22 09:25:29.375367',NULL,'Zainab Al-Muayyad',NULL),(162,'pbkdf2_sha256$1000000$S3L5dnkSEZkNWRXaeazB35$1hAgm9NBqdHfUc3DBEU0nAs7vZ6ZqI6rmaNSHTJyLe4=',NULL,0,'doaalar45','ōĮōĻōßō°','ōßŔĄōĻŔÜō≥Ŕä','doaalar45@uni.example',0,1,'2026-02-22 09:25:29.829940',NULL,'ōĮōĻōßō° ōßŔĄōĻŔÜō≥Ŕä',NULL),(163,'pbkdf2_sha256$1000000$TYgDqi9tGwVwnChxeUyjpc$CCqOZu4jHYOkgQUHI8/SeocAMbZ1GHvDt5x19xv6ZHY=',NULL,0,'hudalta73','Huda','Al-Taizi','hudalta73@uni.example',0,1,'2026-02-22 09:25:30.280534',NULL,'Huda Al-Taizi',NULL),(164,'pbkdf2_sha256$1000000$XT9ASFKlkFscqdRWqxoBhc$h+QSz09e+YA7J3c6JqEvWFWC5IlgL7sIkBQ1NbkjakM=',NULL,0,'zaialha45','ō≤ŔäŔÜō®','ōßŔĄōĪōĮōßōĻŔä','zaialha45@mail.example',0,1,'2026-02-22 09:25:30.756982',NULL,'ō≤ŔäŔÜō® ōßŔĄōĪōĮōßōĻŔä',NULL),(165,'pbkdf2_sha256$1000000$cEfoNuQZNol9Po3DN6sf2U$Khij/1PZO784JbFDvPXh4Aonj4wUJ0DJjQvcWgJ2egI=',NULL,0,'mohalba40','Mohamed','Al-Basha','mohalba40@mail.example',0,1,'2026-02-22 09:25:31.206692',NULL,'Mohamed Al-Basha',NULL),(166,'pbkdf2_sha256$1000000$2ChYVTiM4wNNddnRgNN0cb$FaDVRzG0RTqfHXH8ueCFmgOADBQs020nBkTbfQuYvQA=',NULL,0,'fatalsa12','ŔĀōßō∑ŔÖō©','ōßŔĄō≠ōĮŔĎōßōĮ','fatalsa12@example.edu.ye',0,1,'2026-02-22 09:25:31.662607',NULL,'ŔĀōßō∑ŔÖō© ōßŔĄō≠ōĮŔĎōßōĮ',NULL),(167,'pbkdf2_sha256$1000000$92RhJetsCsCxR2Gp4WzDNf$0NwoBrgufgL3HdxPu9AbFRrF2Wg88r8G5kMbjGKMXj0=',NULL,0,'maralmu57','Marwan','Al-Muqtari','maralmu57@uni.example',0,1,'2026-02-22 09:25:32.138047',NULL,'Marwan Al-Muqtari',NULL),(168,'pbkdf2_sha256$1000000$njuWLb8QrrKmtYNqwqkNWp$RSNjYDwodcupDiOQB77cAC9t1MPO4FLqC759TA+aoX4=',NULL,0,'roaalha55','ōĪō§ŔČ','ōßŔĄŔÖō§ŔäōĮ','roaalha55@mail.example',0,1,'2026-02-22 09:25:32.594276',NULL,'ōĪō§ŔČ ōßŔĄŔÖō§ŔäōĮ',NULL),(169,'pbkdf2_sha256$1000000$9vRgeSBbuAYr3lBOohPgJp$F4Iv06TzXmMU+TimOR+J0KJGpgYM5ydbk52GliyZRuY=',NULL,0,'maralzu50','Marwan','Al-Zubairi','maralzu50@example.edu.ye',0,1,'2026-02-22 09:25:33.054866',NULL,'Marwan Al-Zubairi',NULL),(170,'pbkdf2_sha256$1000000$jVaUjLwgiSg0UopvHyStkd$gs+jaiXHaadFznt6d/OUrA/sIxXb0IlJwwbkEsXYlyY=',NULL,0,'yasalra85','Ŕäōßō≥ōĪ','ōßŔĄō≠ōĮŔĎōßōĮ','yasalra85@mail.example',0,1,'2026-02-22 09:25:33.506308',NULL,'Ŕäōßō≥ōĪ ōßŔĄō≠ōĮŔĎōßōĮ',NULL),(171,'pbkdf2_sha256$1000000$X6HnkGTVpgV6JZYiNwMp8m$ebJbVlD3gI5rMWVjMT46g09D5BN4Thlgp02v1CTE5iQ=',NULL,0,'anaalan48','Anas','Al-Ansi','anaalan48@example.edu.ye',0,1,'2026-02-22 09:25:33.954029',NULL,'Anas Al-Ansi',NULL),(172,'pbkdf2_sha256$1000000$ABeCdKnBfI0HVenWmXNY7T$ShhwBhLvdiHLfQFqExTqcwBO5HlZ/5Czk0CPtlmvYPY=',NULL,0,'ahmalmu47','ō£ō≠ŔÖōĮ','ōßŔĄŔāō≠ō∑ōßŔÜŔä','ahmalmu47@mail.example',0,1,'2026-02-22 09:25:34.404306',NULL,'ō£ō≠ŔÖōĮ ōßŔĄŔāō≠ō∑ōßŔÜŔä',NULL),(173,'pbkdf2_sha256$1000000$E3XoyKhtZvDxbIH5BBWvG4$zAriWWrpCt7uzQ8PJjfNC683IV5sKKEAW7T103kGGHM=',NULL,0,'doaalhi70','Doaa','Al-Himyari','doaalhi70@uni.example',0,1,'2026-02-22 09:25:34.865071',NULL,'Doaa Al-Himyari',NULL),(174,'pbkdf2_sha256$1000000$IZteTWD199mWXmKzESKQUG$acHI2LLio1U/9qVfcIhlPOmLGTG2K6qVT617idMCOOM=',NULL,0,'salalzu18','ō≥ŔĄŔÖōßŔÜ','ōßŔĄō≠ōĮŔĎōßōĮ','salalzu18@uni.example',0,1,'2026-02-22 09:25:35.317067',NULL,'ō≥ŔĄŔÖōßŔÜ ōßŔĄō≠ōĮŔĎōßōĮ',NULL),(175,'pbkdf2_sha256$1000000$8B7LJyslhjaYAfoMDNeOew$2OMML5TcpLkzN+0xYmIQuaCOJXetJ90qTtn/WIaZ7uQ=',NULL,0,'ibralom41','Ibrahim','Al-Omari','ibralom41@example.edu.ye',0,1,'2026-02-22 09:25:35.771514',NULL,'Ibrahim Al-Omari',NULL),(176,'pbkdf2_sha256$1000000$IXg7MMfkXwD4XdvNRN6igg$Ag9N4vBkV7J1HtvYm5BYCb5EZI45exEisvh9u60HBsM=',NULL,0,'hudalan76','ŔáōĮŔČ','ōßŔĄō≥ŔāōßŔĀ','hudalan76@uni.example',0,1,'2026-02-22 09:25:36.220530',NULL,'ŔáōĮŔČ ōßŔĄō≥ŔāōßŔĀ',NULL),(177,'pbkdf2_sha256$1000000$Vy2479qJDo7NEjmFVV4IiK$XqFDm05+oq6er7t36os7hanvPbFbamahTr0MhcjgkX8=',NULL,0,'doaalom82','Doaa','Al-Omari','doaalom82@mail.example',0,1,'2026-02-22 09:25:36.668336',NULL,'Doaa Al-Omari',NULL),(178,'pbkdf2_sha256$1000000$0uj4FGJiXZD2OJLKWZv4zj$+ChQfzC+eBSgWn2mBmzHji00khiey/rytqMVtRq/wxs=',NULL,0,'nooalra94','ŔÜŔąōĪ','ōßŔĄōīŔáōßōĪŔä','nooalra94@example.edu.ye',0,1,'2026-02-22 09:25:37.116137',NULL,'ŔÜŔąōĪ ōßŔĄōīŔáōßōĪŔä',NULL),(179,'pbkdf2_sha256$1000000$ef5v8KDcep1fqt4R11rqlr$TDDImbLEPTbxG2rXoWkYznRfymO4Hhj1wjv0vsxxwHQ=',NULL,0,'alialmu67','Ali','Al-Mutawakkil','alialmu67@mail.example',0,1,'2026-02-22 09:25:37.568316',NULL,'Ali Al-Mutawakkil',NULL),(180,'pbkdf2_sha256$1000000$85a96M67PUkveibwN4Z81H$zzUkpFjPv69ZOf3kTqO/uDCHaRfNr3RdFcpEHUS4TS4=',NULL,0,'maralmu99','ŔÖōĪŔąōßŔÜ','ōßŔĄŔÖŔāō∑ōĪŔä','maralmu99@uni.example',0,1,'2026-02-22 09:25:38.015392',NULL,'ŔÖōĪŔąōßŔÜ ōßŔĄŔÖŔāō∑ōĪŔä',NULL),(181,'pbkdf2_sha256$1000000$aKZSsmJn1pSMghtZH0XwzI$n57YbWG9+kQQaNkIdSsxG4Dx5s+TNqUuBsPof3/mr60=',NULL,0,'zaialom64','Zainab','Al-Omari','zaialom64@example.edu.ye',0,1,'2026-02-22 09:25:38.466252',NULL,'Zainab Al-Omari',NULL),(182,'pbkdf2_sha256$1000000$yJebpPbcyfm5iWKBXrzQ3A$IopIFXOauqWXASui32sfvt5hBSL7UO+qi/m4Es+jBmg=',NULL,0,'shaalar17','ōīŔáōĮ','ōßŔĄŔÜōĻŔÖōßŔÜŔä','shaalar17@example.edu.ye',0,1,'2026-02-22 09:25:38.933007',NULL,'ōīŔáōĮ ōßŔĄŔÜōĻŔÖōßŔÜŔä',NULL),(183,'pbkdf2_sha256$1000000$tvCSuKmNkemvWmze2zCfg4$ovcADl6g9BOpkWt5Caw9AmdlaX3x0Y82pFgVMyNDwcQ=',NULL,0,'abdalsa99','Abdullah','Al-Sanani','abdalsa99@uni.example',0,1,'2026-02-22 09:25:39.386755',NULL,'Abdullah Al-Sanani',NULL),(184,'pbkdf2_sha256$1000000$ANbvMncq0ZClaDPLwCYuNn$mH+nh7+VXUG3EsBB6zHiQR029/LcBRdwtn4gzuBC000=',NULL,0,'alialqa65','ōĻŔĄŔä','ōßŔĄō≥ŔāōßŔĀ','alialqa65@mail.example',0,1,'2026-02-22 09:25:39.832500',NULL,'ōĻŔĄŔä ōßŔĄō≥ŔāōßŔĀ',NULL),(185,'pbkdf2_sha256$1000000$UZqA1vpVDkUjwAXGkGhmdW$It5lfpDMBl7Y701MiMl8IIWqWsUSShLbzH97WKpTMM0=',NULL,0,'alialan85','Ali','Al-Ansi','alialan85@example.edu.ye',0,1,'2026-02-22 09:25:40.288564',NULL,'Ali Al-Ansi',NULL),(186,'pbkdf2_sha256$1000000$ziz715GtSpG2fVrp3TmPgb$4SZf0yKjzYS6MzYXcGVDjAfCJ1/QLRL5klPODWRo3rs=',NULL,0,'ahmalha76','ō£ō≠ŔÖōĮ','ōßŔĄŔÖō™ŔąŔÉŔĎŔĄ','ahmalha76@mail.example',0,1,'2026-02-22 09:25:40.733826',NULL,'ō£ō≠ŔÖōĮ ōßŔĄŔÖō™ŔąŔÉŔĎŔĄ',NULL),(187,'pbkdf2_sha256$1000000$7AxtK3qKzrAJk5ffDkqCWE$MIb3shQkJJkh2P/6MYF/RCc2sh+s4ISnTpP0gEG0Jcs=',NULL,0,'saralib21','Sara','Al-Ibbi','saralib21@uni.example',0,1,'2026-02-22 09:25:41.194059',NULL,'Sara Al-Ibbi',NULL),(188,'pbkdf2_sha256$1000000$iSOr4Q77F3EGRDIGQxeFpU$DoLhvhWjolY8W3kulNpSvxwkzVG1SXAsvO/jHch6WlI=',NULL,0,'somalmu52','ō≥ŔÖŔäō©','ōßŔĄō≤ō®ŔäōĪŔä','somalmu52@uni.example',0,1,'2026-02-22 09:25:41.641025',NULL,'ō≥ŔÖŔäō© ōßŔĄō≤ō®ŔäōĪŔä',NULL),(189,'pbkdf2_sha256$1000000$Ygplz7ae4Wq9Q6UBVicHcI$6JvUYvxeCWmQxFXRVYS6PT6MJKimP6S3PmuL6g0BOVg=',NULL,0,'mosalmu21','Mostafa','Al-Muayyad','mosalmu21@uni.example',0,1,'2026-02-22 09:25:42.084782',NULL,'Mostafa Al-Muayyad',NULL),(190,'pbkdf2_sha256$1000000$WafZ1cRrhJRcE6hd3TI38p$aQQKqxIYx6XAf4prpn9SFyUtCaiu0PIp9p7hofOeOfc=',NULL,0,'doaalhi94','ōĮōĻōßō°','ōßŔĄō®ōßōīōß','doaalhi94@mail.example',0,1,'2026-02-22 09:25:42.536796',NULL,'ōĮōĻōßō° ōßŔĄō®ōßōīōß',NULL),(191,'pbkdf2_sha256$1000000$b2an08xZBt9lWiTfdndPCH$QHrIkw6Tue/4PPM3MzfzeiIkBC1uug6YDI9ZRE8pREA=',NULL,0,'ayaalad90','Aya','Al-Adani','ayaalad90@uni.example',0,1,'2026-02-22 09:25:42.986641',NULL,'Aya Al-Adani',NULL),(192,'pbkdf2_sha256$1000000$xH2wkilDzZr3kQg2NSc2vb$Gqf/Q1rCuxA1W5Yv950FzHizjB/0h5DeVYR1X2K2cLY=',NULL,0,'maralmu66','ŔÖōĪŔäŔÖ','ōßŔĄŔÜōĻŔÖōßŔÜŔä','maralmu66@mail.example',0,1,'2026-02-22 09:25:43.441082',NULL,'ŔÖōĪŔäŔÖ ōßŔĄŔÜōĻŔÖōßŔÜŔä',NULL),(193,'pbkdf2_sha256$1000000$iD5SpAtkrLLEdPB2ahrZvx$h6ceKBSxO4IbQT4ouNqz2egvgLzdlYsltD/ZUE9Chg0=',NULL,0,'hudalan49','Huda','Al-Ansi','hudalan49@mail.example',0,1,'2026-02-22 09:25:43.892895',NULL,'Huda Al-Ansi',NULL),(194,'pbkdf2_sha256$1000000$emOUr8P0eRzLib7SRHYd2f$Qups+6YzuZBHLaEoJU1FIrHMTipq5uh2sFIAwAq5lHA=',NULL,0,'maralsa25','ŔÖōĪŔąōßŔÜ','ōßŔĄō≤ō®ŔäōĪŔä','maralsa25@mail.example',0,1,'2026-02-22 09:25:44.338080',NULL,'ŔÖōĪŔąōßŔÜ ōßŔĄō≤ō®ŔäōĪŔä',NULL),(195,'pbkdf2_sha256$1000000$NOkwsAVMoTWgWAyCFfwaOc$htov/kqzx+8d7A8Bl4DBLsYUuL+CydDVpYrwQ0v31pY=',NULL,0,'ayaalra70','Aya','Al-Radaei','ayaalra70@example.edu.ye',0,1,'2026-02-22 09:25:44.786778',NULL,'Aya Al-Radaei',NULL),(196,'pbkdf2_sha256$1000000$DyzBrRyWD6SFLNsywoT8x5$iwfxJZ9WiAJwo5Gfs2nGm61wH4WWowS1dGJq1XrSwJE=',NULL,0,'yasalba27','Ŕäōßō≥ōĪ','ōßŔĄō≥ŔāōßŔĀ','yasalba27@example.edu.ye',0,1,'2026-02-22 09:25:45.236989',NULL,'Ŕäōßō≥ōĪ ōßŔĄō≥ŔāōßŔĀ',NULL),(197,'pbkdf2_sha256$1000000$IxxKNgeyIAejSDBXmTWZPz$Q7/8m+UxXfiVgMzRriMMxsCo890JMthAHgu5l77teSw=',NULL,0,'hebalba46','Heba','Al-Basha','hebalba46@mail.example',0,1,'2026-02-22 09:25:45.681924',NULL,'Heba Al-Basha',NULL),(198,'pbkdf2_sha256$1000000$7dxC9L0CjBM5YLQNebT5wZ$RUyOqF4JcLBixsRhQKw0I/rHvBE2ofCOGOyHnx32J6I=',NULL,0,'samalha54','ō≥ōßŔÖŔä','ōßŔĄŔÖō§ŔäōĮ','samalha54@uni.example',0,1,'2026-02-22 09:25:46.154224',NULL,'ō≥ōßŔÖŔä ōßŔĄŔÖō§ŔäōĮ',NULL),(199,'pbkdf2_sha256$1000000$jSPSfnPKdnZ59yW3MJdn7U$wafaMQUVkJSyN8tqAtEjK0XYquchF9gSHPwpoi0vvco=',NULL,0,'hebalha99','Heba','Al-Hadrami','hebalha99@example.edu.ye',0,1,'2026-02-22 09:25:46.604652',NULL,'Heba Al-Hadrami',NULL),(200,'pbkdf2_sha256$1000000$VZ7qhXQXIQTgQI9NOwGsFq$yTZvPlPF3F4DUEAZSK49VP2gZ9I2Lt8hzJhS8U3oYyM=',NULL,0,'ahmalha58','ō£ō≠ŔÖōĮ','ōßŔĄō≠ō∂ōĪŔÖŔä','ahmalha58@uni.example',0,1,'2026-02-22 09:25:47.056189',NULL,'ō£ō≠ŔÖōĮ ōßŔĄō≠ō∂ōĪŔÖŔä',NULL),(201,'pbkdf2_sha256$1000000$EREr8Q2E5v6SLnhDRr8ZAS$sXKwBkQQwbhhpOTDCyD7oCWGAqPkRDcdHMjlpFc5Nv8=',NULL,0,'ahmalnu52','Ahmed','Al-Nu\'mani','ahmalnu52@example.edu.ye',0,1,'2026-02-22 09:25:47.512953',NULL,'Ahmed Al-Nu\'mani',NULL),(202,'pbkdf2_sha256$1000000$xWYT3vfnw2T0m0I0xl8LyK$V5wJJNw76Quglmnvo00kkHynV9qOjAdIygR1qgNDvVM=',NULL,0,'ayaalhi28','ōĘŔäō©','ōßŔĄōĶŔÜōĻōßŔÜŔä','ayaalhi28@uni.example',0,1,'2026-02-22 09:25:47.961737',NULL,'ōĘŔäō© ōßŔĄōĶŔÜōĻōßŔÜŔä',NULL),(203,'pbkdf2_sha256$1000000$kOKOvqnbewRFLAUjhz5305$eF997yPkN4PCEm97iGYgwxvCY5n98TJnKMVS0P9XiPM=',NULL,0,'fatalra98','Fatima','Al-Radaei','fatalra98@uni.example',0,1,'2026-02-22 09:25:48.415056',NULL,'Fatima Al-Radaei',NULL),(204,'pbkdf2_sha256$1000000$jc8iTbKRTzOxmcU01OuTp0$ZUnp8tssffnpVGCBLvlS9DlPfinmK5Bb1Tn+k5MEPjQ=',NULL,0,'doaalta50','ōĮōĻōßō°','ōßŔĄŔÖō§ŔäōĮ','doaalta50@mail.example',0,1,'2026-02-22 09:25:48.863853',NULL,'ōĮōĻōßō° ōßŔĄŔÖō§ŔäōĮ',NULL),(205,'pbkdf2_sha256$1000000$ktt6xMj5GhGHrHr0rWTc0W$rUek/Z4CroTMDk6lGH0lmjiQECK2H1tvVdm4ErGK3pk=',NULL,0,'ahmalsa90','Ahmed','Al-Saqqaf','ahmalsa90@mail.example',0,1,'2026-02-22 09:25:49.315247',NULL,'Ahmed Al-Saqqaf',NULL),(206,'pbkdf2_sha256$1000000$rPSonZlfbb0uYQ4TDHvk3F$YAZ1/RJQmfOWxQ78SJcIw2BOCbRYGctlJxv1wwa/dL8=',NULL,0,'husalzu66','ō≠ō≥ŔäŔÜ','ōßŔĄō≤ō®ŔäōĪŔä','husalzu66@example.edu.ye',0,1,'2026-02-22 09:25:49.759855',NULL,'ō≠ō≥ŔäŔÜ ōßŔĄō≤ō®ŔäōĪŔä',NULL),(207,'pbkdf2_sha256$1000000$GgoBcYojlkPqXdSOGke3wh$0+KtPbZ1wswZFOXjN6JkdD0ijGqq9czGdWjvGfI3D98=',NULL,0,'omaalqa57','Omar','Al-Qahtani','omaalqa57@uni.example',0,1,'2026-02-22 09:25:50.215721',NULL,'Omar Al-Qahtani',NULL),(208,'pbkdf2_sha256$1000000$jErwwIPYlv4TimWgloS5e6$dhPI6+OLBPQZb8GmeU+l0GVWETxlCMJkeOIDIxyau8M=',NULL,0,'somalmu32','ō≥ŔÖŔäō©','ōßŔĄŔÖō™ŔąŔÉŔĎŔĄ','somalmu32@example.edu.ye',0,1,'2026-02-22 09:25:50.681503',NULL,'ō≥ŔÖŔäō© ōßŔĄŔÖō™ŔąŔÉŔĎŔĄ',NULL),(209,'pbkdf2_sha256$1000000$X21xSe84qRn5wODfiJ1hhN$6KPY8Gf7SELZPW1zVoyPEdDGKPYl+IiufggyuN+AZBY=',NULL,0,'somalan28','Somaya','Al-Ansi','somalan28@example.edu.ye',0,1,'2026-02-22 09:25:51.134005',NULL,'Somaya Al-Ansi',NULL),(210,'pbkdf2_sha256$1000000$rWYRwbaZwfSI1mx5HrQPZ2$FRBhv3CfeyxsOCBAROyALlmITaeEiMLfLoCR0t3gqvg=',NULL,0,'salalsa46','ō≥ŔĄŔÖōßŔÜ','ōßŔĄō≠ŔÖŔäōĪŔä','salalsa46@mail.example',0,1,'2026-02-22 09:25:51.577774',NULL,'ō≥ŔĄŔÖōßŔÜ ōßŔĄō≠ŔÖŔäōĪŔä',NULL),(211,'pbkdf2_sha256$1000000$kOjA5ttra4vHmNckLPAf0f$7TcqTqKhwzfhle3ck89gVn/XKOnL7T7DCidQw2U5LUU=',NULL,0,'hamalom98','Hamza','Al-Omari','hamalom98@uni.example',0,1,'2026-02-22 09:25:52.026980',NULL,'Hamza Al-Omari',NULL),(212,'pbkdf2_sha256$1000000$kIX552SMF0WwgJJn407Frd$r8IRsf88EiAsmT4JeYCX8RvGmiTPXc85mcLWT8wXdXE=',NULL,0,'mosalzu40','ŔÖōĶō∑ŔĀŔČ','ōßŔĄō≠ōĮŔĎōßōĮ','mosalzu40@uni.example',0,1,'2026-02-22 09:25:52.475981',NULL,'ŔÖōĶō∑ŔĀŔČ ōßŔĄō≠ōĮŔĎōßōĮ',NULL),(213,'pbkdf2_sha256$1000000$Ao6PP3jZSCsptDFctUml49$OhSsXW+kpyPfkUwKIav50ZrxBZOOft3/0q/GBlnBLqM=',NULL,0,'anaalhi45','Anas','Al-Himyari','anaalhi45@example.edu.ye',0,1,'2026-02-22 09:25:52.936802',NULL,'Anas Al-Himyari',NULL),(214,'pbkdf2_sha256$1000000$dlakmnUmNZk8PHYyxnEiBR$LYeMevWDLyxOXgR4EUzKAWswXanbT9w3G4Xh6T3XixE=',NULL,0,'roaalmu39','ōĪō§ŔČ','ōßŔĄō≠ōĮŔĎōßōĮ','roaalmu39@mail.example',0,1,'2026-02-22 09:25:53.392967',NULL,'ōĪō§ŔČ ōßŔĄō≠ōĮŔĎōßōĮ',NULL),(215,'pbkdf2_sha256$1000000$qdHQM6cW9earmQkmnekky7$KT0FOo/UBTC7CTHJOKBeux2XI/Pv3DtjyW/rvrsHzBA=',NULL,0,'yasalsa90','Yasser','Al-Saqqaf','yasalsa90@example.edu.ye',0,1,'2026-02-22 09:25:53.855962',NULL,'Yasser Al-Saqqaf',NULL),(216,'pbkdf2_sha256$1000000$C41IhEN8Jmto7JXq81teEL$K6Al83ZbO56h0vdGfB+0r1VOz7cW/WLn5xiP069zau8=',NULL,0,'zaialqa84','ō≤ŔäŔÜō®','ōßŔĄōĶŔÜōĻōßŔÜŔä','zaialqa84@uni.example',0,1,'2026-02-22 09:25:54.307202',NULL,'ō≤ŔäŔÜō® ōßŔĄōĶŔÜōĻōßŔÜŔä',NULL),(217,'pbkdf2_sha256$1000000$HFgV1dVmErsyVy15o1WHAw$uHGK+sCunIetsN7IXhAjsyAVhLq79N8vI3BP8vUh3eU=',NULL,0,'omaalib26','Omar','Al-Ibbi','omaalib26@mail.example',0,1,'2026-02-22 09:25:54.755598',NULL,'Omar Al-Ibbi',NULL),(218,'pbkdf2_sha256$1000000$IBpBGRLRySCgkWbHLMKhAd$aCzrbSg2MFn8qNNnlpaEyq7KswmKsp6Ha6HHoupsqNg=',NULL,0,'ayaalmu42','ōĘŔäō©','ōßŔĄōĪōĮōßōĻŔä','ayaalmu42@uni.example',0,1,'2026-02-22 09:25:55.215082',NULL,'ōĘŔäō© ōßŔĄōĪōĮōßōĻŔä',NULL),(219,'pbkdf2_sha256$1000000$LSZZdPsTN2ekPiLqyE3ZT0$Q+gtqn7ycxd92ZrDjUA0wzt3SN7FVKf2UAMz54X5W5g=',NULL,0,'zaialzu28','Zainab','Al-Zubairi','zaialzu28@example.edu.ye',0,1,'2026-02-22 09:25:55.671041',NULL,'Zainab Al-Zubairi',NULL),(220,'pbkdf2_sha256$1000000$7kzJxHgsuxpHxC2nIkJgkj$TyjQ5xQ6aaHo6wuWUEhGv8YoZvV/cuZYngldyHp2Qg8=',NULL,0,'hamalta11','ō≠ŔÖō≤ō©','ōßŔĄōĻōĪŔäŔāŔä','hamalta11@uni.example',0,1,'2026-02-22 09:25:56.120278',NULL,'ō≠ŔÖō≤ō© ōßŔĄōĻōĪŔäŔāŔä',NULL),(221,'pbkdf2_sha256$1000000$j3L7Qz6KnJas4NyCFU6EOl$h+XxB5JxvQfTqr4jGxT1uuEvYP76ytp6Nw2Rv5ZAv8I=',NULL,0,'somalra91','Somaya','Al-Radaei','somalra91@uni.example',0,1,'2026-02-22 09:25:56.571665',NULL,'Somaya Al-Radaei',NULL),(222,'pbkdf2_sha256$1000000$T9bGkOM5aaMhcmDFZhluiJ$TRMm7sw4I2VKb4VrAHoroCK43LPaOImaBMH+Tlw14es=',NULL,0,'mohalmu51','ŔÖō≠ŔÖōĮ','ōßŔĄō≥ŔāōßŔĀ','mohalmu51@mail.example',0,1,'2026-02-22 09:25:57.020326',NULL,'ŔÖō≠ŔÖōĮ ōßŔĄō≥ŔāōßŔĀ',NULL),(223,'pbkdf2_sha256$1000000$Ghk7BWrEgIFM4o3lffaZ4J$5IipLCYTSNRNjsK3glvip7rfWRjt4EOzu56qGzHuWA0=',NULL,0,'shaalsa93','Shahd','Al-Sanani','shaalsa93@uni.example',0,1,'2026-02-22 09:25:57.472479',NULL,'Shahd Al-Sanani',NULL),(224,'pbkdf2_sha256$1000000$rz8L9seCOj4NnNgvg3BgRs$UUv7HVrokgAgaM3eTji+grMdX5EaO3DehHvyfnK4Y50=',NULL,0,'anaalzu22','ō£ŔÜō≥','ōßŔĄō≠ōĮŔĎōßōĮ','anaalzu22@example.edu.ye',0,1,'2026-02-22 09:25:57.918773',NULL,'ō£ŔÜō≥ ōßŔĄō≠ōĮŔĎōßōĮ',NULL),(225,'pbkdf2_sha256$1000000$QqJ6w4ASJpbfle2jV9X8t4$qFvav0WRZKnVEctCsJTYsYEPAzr7aCX6FJ4Zyn/HmZ4=',NULL,0,'samalad63','Sami','Al-Adani','samalad63@mail.example',0,1,'2026-02-22 09:25:58.370269',NULL,'Sami Al-Adani',NULL),(226,'pbkdf2_sha256$1000000$zxVxHCyyU4m0aKWGdzmFAj$tSoob/v/mMqsmdGJD6KukVgl918FtWfRwUO3qUAjG2U=',NULL,0,'nooalha88','ŔÜŔąōĪ','ōßŔĄō≤ō®ŔäōĪŔä','nooalha88@uni.example',0,1,'2026-02-22 09:25:58.827800',NULL,'ŔÜŔąōĪ ōßŔĄō≤ō®ŔäōĪŔä',NULL),(227,'pbkdf2_sha256$1000000$WrqaTpKkXr2tBwpQg0HB6m$pq+9mNZCYx8ahPN3f9aSeJBwSEDDTVypoMdvcJtBhWI=',NULL,0,'emaalad66','Eman','Al-Adani','emaalad66@example.edu.ye',0,1,'2026-02-22 09:25:59.278971',NULL,'Eman Al-Adani',NULL),(228,'pbkdf2_sha256$1000000$AVO5hICNK8dBM85WcMlJcX$0HAgRmgLXrfRQY2pzmAxLG6tR53A7DnKhKtdLjSQ4B4=',NULL,0,'hamalad17','ō≠ŔÖō≤ō©','ōßŔĄŔÖō§ŔäōĮ','hamalad17@uni.example',0,1,'2026-02-22 09:25:59.725080',NULL,'ō≠ŔÖō≤ō© ōßŔĄŔÖō§ŔäōĮ',NULL),(229,'pbkdf2_sha256$1000000$fnnYUkkHDeLVHSlbsrnX8d$dpe7b/amGw3t7hVgmwNwwMk5LeyDxcvb+uMEHpVOeQs=',NULL,0,'alialsh12','Ali','Al-Shahari','alialsh12@example.edu.ye',0,1,'2026-02-22 09:26:00.175321',NULL,'Ali Al-Shahari',NULL),(230,'pbkdf2_sha256$1000000$f47BTfcUBPgeRBIglQL4WQ$wjdInFpdgU1NB3oGnDJBUl7rTlsE2FkGcpRSEAVSefs=',NULL,0,'zaialsh18','ō≤ŔäŔÜō®','ōßŔĄōĻŔÖōĪŔä','zaialsh18@mail.example',0,1,'2026-02-22 09:26:00.620771',NULL,'ō≤ŔäŔÜō® ōßŔĄōĻŔÖōĪŔä',NULL),(231,'pbkdf2_sha256$1000000$y0YlqTXQhmfk5pc3xZl87a$w+cnvPupS3WqpGKhU4Zgg4rNrXWOk6z5v2t9GsLHGtU=',NULL,0,'omaalnu10','Omar','Al-Nu\'mani','omaalnu10@uni.example',0,1,'2026-02-22 09:26:01.128816',NULL,'Omar Al-Nu\'mani',NULL),(232,'pbkdf2_sha256$1000000$fKj8HKVdvjG6NPzh7jIOR1$YzVW+8XxXWvfzzfSWvAbOXW4O9zJ9nhBHN0KA0Yb1ew=',NULL,0,'maralmu24','ŔÖōĪŔäŔÖ','ōßŔĄōĪōĮōßōĻŔä','maralmu24@mail.example',0,1,'2026-02-22 09:26:01.763233',NULL,'ŔÖōĪŔäŔÖ ōßŔĄōĪōĮōßōĻŔä',NULL),(233,'pbkdf2_sha256$1000000$AziE993slJEowCFSiPf02G$9bVP3d4hKfSnoF/sDNxfoM9D7CTI0Y2gTzdxXqTg6Ps=',NULL,0,'hamalan12','Hamza','Al-Ansi','hamalan12@example.edu.ye',0,1,'2026-02-22 09:26:02.261703',NULL,'Hamza Al-Ansi',NULL),(234,'pbkdf2_sha256$1000000$3GWkssY8Yfgoxr3eehbvvA$C4k9lty/B0nUmSbeujS8tQV+CMBaNyQT4u9cm/G4r04=',NULL,0,'ayaalar70','ōĘŔäō©','ōßŔĄō≤ō®ŔäōĪŔä','ayaalar70@uni.example',0,1,'2026-02-22 09:26:02.751857',NULL,'ōĘŔäō© ōßŔĄō≤ō®ŔäōĪŔä',NULL),(235,'pbkdf2_sha256$1000000$AHG4e8suKdbbUNZuI62yVA$Nx/M7JKaPkazqIgzM+qqR9iqn4/i9kgIRu4ue4ltO2Y=',NULL,0,'ayaalan94','Aya','Al-Ansi','ayaalan94@mail.example',0,1,'2026-02-22 09:26:03.214195',NULL,'Aya Al-Ansi',NULL),(236,'pbkdf2_sha256$1000000$i9bvGD0LFyPt9gbJpaSJVo$Fde8GhTByl0xHdLoVYQ7kJorF7DU1JRvQuJyCWmt4gY=',NULL,0,'fatalib97','ŔĀōßō∑ŔÖō©','ōßŔĄō™ōĻō≤Ŕä','fatalib97@example.edu.ye',0,1,'2026-02-22 09:26:03.678597',NULL,'ŔĀōßō∑ŔÖō© ōßŔĄō™ōĻō≤Ŕä',NULL),(237,'pbkdf2_sha256$1000000$jAMLlAQGSRbTdWsQq9uZ5f$6veQQhXBN7AhYK9XydqvvV+1Z6wuLyrAEzKLS/vRcVY=',NULL,0,'lamalar28','Lama','Al-Areeqi','lamalar28@example.edu.ye',0,1,'2026-02-22 09:26:04.129985',NULL,'Lama Al-Areeqi',NULL),(238,'pbkdf2_sha256$1000000$gRd206eydNDiuH8MCSW4Ew$JSqR4IuNgl2sYSULTXDBDh8Qh5G85AdfzmBXBmZCj+Y=',NULL,0,'hudalmu68','ŔáōĮŔČ','ōßŔĄō®ōßōīōß','hudalmu68@mail.example',0,1,'2026-02-22 09:26:04.590386',NULL,'ŔáōĮŔČ ōßŔĄō®ōßōīōß',NULL),(239,'pbkdf2_sha256$1000000$ADOO9BgqUku88xuWb3glHa$tw3/CBv8dNGHs/XbfEdnRClbb1HP8j4xI2LcQ11rQFU=',NULL,0,'abdalmu65','Abdullah','Al-Muayyad','abdalmu65@uni.example',0,1,'2026-02-22 09:26:05.043856',NULL,'Abdullah Al-Muayyad',NULL),(240,'pbkdf2_sha256$1000000$0xdHEWPuIe8Pwtpfi1mdJP$a1MCa0D4g9vlNC0hlJCqZp/CTKC5gjcBBIBkOJIDVdI=',NULL,0,'shaalta63','ōīŔáōĮ','ōßŔĄōĶŔÜōĻōßŔÜŔä','shaalta63@mail.example',0,1,'2026-02-22 09:26:05.493524',NULL,'ōīŔáōĮ ōßŔĄōĶŔÜōĻōßŔÜŔä',NULL),(241,'pbkdf2_sha256$1000000$vXzDgficY8aXfOU9cDpjrI$LM03iB1unA9TlvkqGC8l4LD+1vYmD5Xyxg3xmyiik6Y=',NULL,0,'somalra97','Somaya','Al-Radaei','somalra97@uni.example',0,1,'2026-02-22 09:26:05.947166',NULL,'Somaya Al-Radaei',NULL),(242,'pbkdf2_sha256$1000000$oNrbS5KKgfGrSo7jrVTYxO$GRrVQHmDic06acTh4C9zNdkPEcrxlohECwo2K799gy8=',NULL,0,'husalad26','ō≠ō≥ŔäŔÜ','ōßŔĄō≤ō®ŔäōĪŔä','husalad26@mail.example',0,1,'2026-02-22 09:26:06.395846',NULL,'ō≠ō≥ŔäŔÜ ōßŔĄō≤ō®ŔäōĪŔä',NULL),(243,'pbkdf2_sha256$1000000$Sh0H6WRxsostMAOozpo2wT$Nvdi63lVPoeoW5fHHEUd9nBXMduXeWD4x0SKUV7IsAY=',NULL,0,'abdalib16','Abdullah','Al-Ibbi','abdalib16@uni.example',0,1,'2026-02-22 09:26:06.850989',NULL,'Abdullah Al-Ibbi',NULL),(244,'pbkdf2_sha256$1000000$wrz4tnIqC6bEGYCgY9iOmf$9fGj4KwOzY+dg9hbbgrQ4ahZkH5jlr/AokBaYA21RSI=',NULL,0,'saralsh29','ō≥ōßōĪō©','ōßŔĄō®ōßōīōß','saralsh29@mail.example',0,1,'2026-02-22 09:26:07.314146',NULL,'ō≥ōßōĪō© ōßŔĄō®ōßōīōß',NULL),(245,'pbkdf2_sha256$1000000$cMQPNBMEOgrM0bv09vpI68$P1KzMOd0lqDHZAYTSc1F/QBALl/AANH/qf3ulkk2nRw=',NULL,0,'doaalmu45','Doaa','Al-Muayyad','doaalmu45@mail.example',0,1,'2026-02-22 09:26:07.756201',NULL,'Doaa Al-Muayyad',NULL),(246,'pbkdf2_sha256$1000000$k96K2p2ynU2Nun1jd5BOPc$BMKuIj0PZBhg02H9deEIczVETQrULufTrr7XC6uCUAE=',NULL,0,'khaalsa96','ōģōĮŔäō¨ō©','ōßŔĄō≥ŔāōßŔĀ','khaalsa96@mail.example',0,1,'2026-02-22 09:26:08.219351',NULL,'ōģōĮŔäō¨ō© ōßŔĄō≥ŔāōßŔĀ',NULL),(247,'pbkdf2_sha256$1000000$fXFlvCAuO2H0F6psByQ6OY$thbGnM2iK1ubNdaz4x+oODWpxVLOlyz4Jllluk0Arkg=',NULL,0,'khaalra53','Khaled','Al-Radaei','khaalra53@uni.example',0,1,'2026-02-22 09:26:08.683999',NULL,'Khaled Al-Radaei',NULL),(248,'pbkdf2_sha256$1000000$oGFMMWMuyDenG5WCLxIl5n$vrrmp87MGpDCqN0rOExTzAOGa2rSCXlUHt1xuZxStyo=',NULL,0,'somalar28','ō≥ŔÖŔäō©','ōßŔĄō™ōĻō≤Ŕä','somalar28@mail.example',0,1,'2026-02-22 09:26:09.137360',NULL,'ō≥ŔÖŔäō© ōßŔĄō™ōĻō≤Ŕä',NULL),(249,'pbkdf2_sha256$1000000$wNsb2QtyQ04ROO6sIRw6LC$NHUU0nn1m8uKl2CmOPz7TPihHoSNiIjCzWh+nF31has=',NULL,0,'roaalba63','Roa','Al-Basha','roaalba63@uni.example',0,1,'2026-02-22 09:26:09.652153',NULL,'Roa Al-Basha',NULL),(250,'pbkdf2_sha256$1000000$VeqStjSHx2X3LMwvS7tx18$AFFQMZ32X/zH08aotmnPnyBTJBg+szOv+1IDKCD22pU=',NULL,0,'roaalom86','ōĪō§ŔČ','ōßŔĄō≠ō∂ōĪŔÖŔä','roaalom86@example.edu.ye',0,1,'2026-02-22 09:26:10.132691',NULL,'ōĪō§ŔČ ōßŔĄō≠ō∂ōĪŔÖŔä',NULL),(251,'pbkdf2_sha256$1000000$qeBrIl92u3RtKbYAxDKGLi$VRAgnHU83TXqv/MGY5Bex+WKa2Ai0jkbxXuweJY200Q=',NULL,0,'khaalsa44','Khadija','Al-Saqqaf','khaalsa44@uni.example',0,1,'2026-02-22 09:26:10.584776',NULL,'Khadija Al-Saqqaf',NULL),(252,'pbkdf2_sha256$1000000$ZobEQYzx8gFUFXhlBFJjPv$LJOeRB3SQMUmzbF7s2yYg7yYuaSOtteyBSBlteBB10g=',NULL,0,'samalra37','ō≥ōßŔÖŔä','ōßŔĄō•ō®Ŕä','samalra37@mail.example',0,1,'2026-02-22 09:26:11.036079',NULL,'ō≥ōßŔÖŔä ōßŔĄō•ō®Ŕä',NULL),(253,'pbkdf2_sha256$1000000$3MmZwQYi16yn7YHrg5P7EF$QL9wDQNXGEV6cXQmfZgOICbRyFq74DZoKNJIrYAEoNs=',NULL,0,'anaalom95','Anas','Al-Omari','anaalom95@uni.example',0,1,'2026-02-22 09:26:11.483569',NULL,'Anas Al-Omari',NULL),(254,'pbkdf2_sha256$1000000$C9dlia2ysFs4cEMVxJXQR2$XcLX4py0RgEcnft+xkdqtSwcwcHKNmlgx8RDTIeej7M=',NULL,0,'ahmalsh48','ō£ō≠ŔÖōĮ','ōßŔĄō≠ŔÖŔäōĪŔä','ahmalsh48@example.edu.ye',0,1,'2026-02-22 09:26:11.994863',NULL,'ō£ō≠ŔÖōĮ ōßŔĄō≠ŔÖŔäōĪŔä',NULL),(255,'pbkdf2_sha256$1000000$gOu0Wc5Az9o2FVSXO4AIrK$Ri2ErwEL4FJZCejtguAmsnH25EOnAQNkACRBMgigSFg=',NULL,0,'omaalzu65','Omar','Al-Zubairi','omaalzu65@example.edu.ye',0,1,'2026-02-22 09:26:12.498802',NULL,'Omar Al-Zubairi',NULL),(256,'pbkdf2_sha256$1000000$VCB1UQ39BMgATQFa7ODcdf$3DJRJbxzKmAG7p3CLvz+dfZlVwvutAKeKPI3XImfAMY=',NULL,0,'maralar60','ŔÖōĪŔäŔÖ','ōßŔĄōĻōĮŔÜŔä','maralar60@mail.example',0,1,'2026-02-22 09:26:12.985338',NULL,'ŔÖōĪŔäŔÖ ōßŔĄōĻōĮŔÜŔä',NULL),(257,'pbkdf2_sha256$1000000$QaFlS6Q7VHK2ng2gGIVhW5$JdxxJvMiXKb8zFLFg6Uih/7qA1cCWByrMBNtLfCmHGI=',NULL,0,'hebalar83','Heba','Al-Areeqi','hebalar83@uni.example',0,1,'2026-02-22 09:26:13.436925',NULL,'Heba Al-Areeqi',NULL),(258,'pbkdf2_sha256$1000000$HbF1sLZW0H0nCccW712o2T$WxDgMzUPPoNkmNq6ZyzbR5goq/NvXAUBrdjrU2uSCC4=',NULL,0,'abdalhi51','ōĻō®ōĮōßŔĄŔĄŔá','ōßŔĄō™ōĻō≤Ŕä','abdalhi51@example.edu.ye',0,1,'2026-02-22 09:26:13.890691',NULL,'ōĻō®ōĮōßŔĄŔĄŔá ōßŔĄō™ōĻō≤Ŕä',NULL),(259,'pbkdf2_sha256$1000000$scW0wq6dsYNKCOvhjSZ4YW$TfnoRwXF58Sh5lRmnU2MEm+sVfHJmS35GIHrHoCi+2E=',NULL,0,'hebalad23','Heba','Al-Adani','hebalad23@example.edu.ye',0,1,'2026-02-22 09:26:14.337271',NULL,'Heba Al-Adani',NULL),(260,'pbkdf2_sha256$1000000$YaKj0Ha1HBKQ3S0VgycLET$nxIam0rUu0cyYKZPodzMFF63R8+UxCLlldffw7nTioM=',NULL,0,'alialmu53','ōĻŔĄŔä','ōßŔĄō™ōĻō≤Ŕä','alialmu53@example.edu.ye',0,1,'2026-02-22 09:26:14.792104',NULL,'ōĻŔĄŔä ōßŔĄō™ōĻō≤Ŕä',NULL),(261,'pbkdf2_sha256$1000000$AxBy3rc6G6EpkqQyIVT9C5$rPowdY2S8v4IZpVtMcOtt6Q7mSRBs0ayMnR1KXvMacY=',NULL,0,'ayaalzu34','Aya','Al-Zubairi','ayaalzu34@uni.example',0,1,'2026-02-22 09:26:15.242928',NULL,'Aya Al-Zubairi',NULL),(262,'pbkdf2_sha256$1000000$l8pQSFn9pRp3UfvXImv4ag$S0IY3ABmbFiugHqx+XbTo9BxQ5I3palhY80r4ehxQvc=',NULL,0,'abdalra35','ōĻō®ōĮōßŔĄŔĄŔá','ōßŔĄŔÜōĻŔÖōßŔÜŔä','abdalra35@example.edu.ye',0,1,'2026-02-22 09:26:15.692434',NULL,'ōĻō®ōĮōßŔĄŔĄŔá ōßŔĄŔÜōĻŔÖōßŔÜŔä',NULL),(263,'pbkdf2_sha256$1000000$wVM9mSEIHQCSkhpAlkYDS1$m/vVfL2/AjUvN8auco7yld7MT0T03j+JsBb6LXd2zfQ=',NULL,0,'khaalha84','Khadija','Al-Haddad','khaalha84@uni.example',0,1,'2026-02-22 09:26:16.140660',NULL,'Khadija Al-Haddad',NULL),(264,'pbkdf2_sha256$1000000$WU9sQ3YeNrSTAQTzhVR7fc$Ccr+T9aaMB8PVjIR1YWA3HA+McPDK2aHrwceuUNBd+o=',NULL,0,'omaalsa18','ōĻŔÖōĪ','ōßŔĄŔÜōĻŔÖōßŔÜŔä','omaalsa18@uni.example',0,1,'2026-02-22 09:26:16.586107',NULL,'ōĻŔÖōĪ ōßŔĄŔÜōĻŔÖōßŔÜŔä',NULL),(265,'pbkdf2_sha256$1000000$3RvZUmUqo1Z1eF2WiJmMfF$I2iRNtwcROvzno6DW0DNtYvnDYxkuZmZOSluI7LMpJs=',NULL,0,'saralqa19','Sara','Al-Qahtani','saralqa19@uni.example',0,1,'2026-02-22 09:26:17.036914',NULL,'Sara Al-Qahtani',NULL),(266,'pbkdf2_sha256$1000000$x83XNNU1AYmOmHT1Tb2GP3$naLALv1HvZEEwjehG+dNsBTYX1PbAPbm8kFOr236vEg=',NULL,0,'hamalar92','ō≠ŔÖō≤ō©','ōßŔĄŔÖŔāō∑ōĪŔä','hamalar92@example.edu.ye',0,1,'2026-02-22 09:26:17.518125',NULL,'ō≠ŔÖō≤ō© ōßŔĄŔÖŔāō∑ōĪŔä',NULL),(267,'pbkdf2_sha256$1000000$9IxbTkl90iZLWjt33boRxk$8S6s9OjilbNq7TTFXnRlH64FJb7e6W2CY9li3NImwB0=',NULL,0,'saralmu67','Sara','Al-Muayyad','saralmu67@mail.example',0,1,'2026-02-22 09:26:17.968645',NULL,'Sara Al-Muayyad',NULL),(268,'pbkdf2_sha256$1000000$K8Q9l2KGAN52sweF0n7srx$PuZTLIoD4M+F7N2tK+K2nXQB6qmPuYjkkoQ4FRe7XdY=',NULL,0,'fatalnu17','ŔĀōßō∑ŔÖō©','ōßŔĄō®ōßōīōß','fatalnu17@uni.example',0,1,'2026-02-22 09:26:18.453069',NULL,'ŔĀōßō∑ŔÖō© ōßŔĄō®ōßōīōß',NULL),(269,'pbkdf2_sha256$1000000$CBkHqBVPe7oLVknKduKmAJ$wDq6uUHDYKmyZGKXQ2yLk2Envcgh5KDp6cRMLm3bpCU=',NULL,0,'ayaalmu66','Aya','Al-Mutawakkil','ayaalmu66@uni.example',0,1,'2026-02-22 09:26:18.924258',NULL,'Aya Al-Mutawakkil',NULL),(270,'pbkdf2_sha256$1000000$Qo2XPHcBNsw4IzkE7Q5C6z$h+GSvIDf+GfnTOgq3xn/to4s9RF4cmYSfTzyIlirWlw=',NULL,0,'hamalta62','ō≠ŔÖō≤ō©','ōßŔĄŔÖŔāō∑ōĪŔä','hamalta62@uni.example',0,1,'2026-02-22 09:26:19.369911',NULL,'ō≠ŔÖō≤ō© ōßŔĄŔÖŔāō∑ōĪŔä',NULL),(271,'pbkdf2_sha256$1000000$Dt1qisQh5ZDFBLciimoQEi$I3taYj/nZVelFQtBIwnH6nb5atxreb5WqMny+ZlrXi4=',NULL,0,'nooalha22','Noor','Al-Hadrami','nooalha22@mail.example',0,1,'2026-02-22 09:26:19.868059',NULL,'Noor Al-Hadrami',NULL),(272,'pbkdf2_sha256$1000000$BgK2ge4nO2qgKVoPNpBwnU$y/HQN1/8+0NRMBB1o2LFQYaXkNMhvKzxAD8dZQEanwg=',NULL,0,'roaalnu52','ōĪō§ŔČ','ōßŔĄō≥ŔāōßŔĀ','roaalnu52@example.edu.ye',0,1,'2026-02-22 09:26:20.317715',NULL,'ōĪō§ŔČ ōßŔĄō≥ŔāōßŔĀ',NULL),(273,'pbkdf2_sha256$1000000$0YZdQXOAyhMvvquFycMhQt$dhGpP5yRRL/hO9wRZ9osU6Nn5vKjIs/9wrcJobgpHcY=',NULL,0,'anaalta20','Anas','Al-Taizi','anaalta20@uni.example',0,1,'2026-02-22 09:26:20.771281',NULL,'Anas Al-Taizi',NULL),(274,'pbkdf2_sha256$1000000$LUAcZCowMEofdQPNzHID0M$lrH8O2+jdH+hM+f2KUG4VY3CJMoMgyud8oYMshgth50=',NULL,0,'somalar92','ō≥ŔÖŔäō©','ōßŔĄō®ōßōīōß','somalar92@mail.example',0,1,'2026-02-22 09:26:21.223436',NULL,'ō≥ŔÖŔäō© ōßŔĄō®ōßōīōß',NULL),(275,'pbkdf2_sha256$1000000$fFcu49hfdnI0Zj8YumJhXi$EHWNxVRxc9qqzjKTRLlUai55DXSUHxEQvtHNcggT+sw=',NULL,0,'hamalmu53','Hamza','Al-Muqtari','hamalmu53@uni.example',0,1,'2026-02-22 09:26:21.671451',NULL,'Hamza Al-Muqtari',NULL),(276,'pbkdf2_sha256$1000000$Q788N4nahLYnkkUwpsqjuy$2TDYKr3aslySTWJIb3nbTs9ErTa9/hT/Ts//RovPlSo=',NULL,0,'alialzu74','ōĻŔĄŔä','ōßŔĄŔÖŔāō∑ōĪŔä','alialzu74@mail.example',0,1,'2026-02-22 09:26:22.121386',NULL,'ōĻŔĄŔä ōßŔĄŔÖŔāō∑ōĪŔä',NULL),(277,'pbkdf2_sha256$1000000$oL2uIAJAL5AClMef0jUHeJ$Po/2/MpR6Q43QIiiRR+MmH7N61s56UidGJaxE4LAIjU=',NULL,0,'omaalsa58','Omar','Al-Saqqaf','omaalsa58@example.edu.ye',0,1,'2026-02-22 09:26:22.580576',NULL,'Omar Al-Saqqaf',NULL),(278,'pbkdf2_sha256$1000000$v1ZiT5MprmvS7OKJP41O6P$d/709m81O++oMVBWHKDUu2xzZrETqgjACPyXDR5ikfw=',NULL,0,'ahmalad96','ō£ō≠ŔÖōĮ','ōßŔĄō•ō®Ŕä','ahmalad96@mail.example',0,1,'2026-02-22 09:26:23.025710',NULL,'ō£ō≠ŔÖōĮ ōßŔĄō•ō®Ŕä',NULL),(279,'pbkdf2_sha256$1000000$R3p0PAtGUlCA65HyOTM2xg$92GmlpLtz8Uw9krN0gIaJaLPHc857WfskVZo6mZbO7U=',NULL,0,'anaalsa40','Anas','Al-Sanani','anaalsa40@uni.example',0,1,'2026-02-22 09:26:23.483387',NULL,'Anas Al-Sanani',NULL),(280,'pbkdf2_sha256$1000000$rmdqlnlrDDeet0wjPLqIbv$b1yxuuAr3AhRDoQCVJuMvyZVXKMvFWLyvGc+wo/QGHY=',NULL,0,'hamalsa69','ō≠ŔÖō≤ō©','ōßŔĄōĻŔÖōĪŔä','hamalsa69@uni.example',0,1,'2026-02-22 09:26:23.931953',NULL,'ō≠ŔÖō≤ō© ōßŔĄōĻŔÖōĪŔä',NULL),(281,'pbkdf2_sha256$1000000$XUGC0tEe1098indPyIn7ki$lZMZ+bT6YBxE7cwT3SgwjUdIhxMkFEo1tvrQampkMVY=',NULL,0,'shaalsh27','Shahd','Al-Shahari','shaalsh27@uni.example',0,1,'2026-02-22 09:26:24.376390',NULL,'Shahd Al-Shahari',NULL),(282,'pbkdf2_sha256$1000000$qsygxkgi5tRGih3osFJyL1$qY6KbaNFNTc0v0oz5Z4YgXCqz/tAKYG/UlEsP0ddJDA=',NULL,0,'maralba25','ŔÖōĪŔäŔÖ','ōßŔĄō≤ō®ŔäōĪŔä','maralba25@uni.example',0,1,'2026-02-22 09:26:24.825996',NULL,'ŔÖōĪŔäŔÖ ōßŔĄō≤ō®ŔäōĪŔä',NULL),(283,'pbkdf2_sha256$1000000$Fg0WlisQsLExNidju2ahbw$WfaiNY9bsQXswKF3BUZOH2wLrAQTbGhpOqIdZuLBg9c=',NULL,0,'samalba21','Sami','Al-Basha','samalba21@example.edu.ye',0,1,'2026-02-22 09:26:25.274176',NULL,'Sami Al-Basha',NULL),(284,'pbkdf2_sha256$1000000$uwLB3ekTLCLndyp36TQ0Ke$CfKpu6fR8ci2z/oqYsJf9dWPZ86tSzAsJQVop5aaTrk=',NULL,0,'husalta74','ō≠ō≥ŔäŔÜ','ōßŔĄŔāō≠ō∑ōßŔÜŔä','husalta74@uni.example',0,1,'2026-02-22 09:26:25.719223',NULL,'ō≠ō≥ŔäŔÜ ōßŔĄŔāō≠ō∑ōßŔÜŔä',NULL),(285,'pbkdf2_sha256$1000000$FEKtIhco9SJ06iVJI9npjq$DNaFbLr5VjOXlPfCJdwmJ1bSAb3+9JMZnzFQVMJGnpw=',NULL,0,'maralhi93','Marwan','Al-Himyari','maralhi93@uni.example',0,1,'2026-02-22 09:26:26.171848',NULL,'Marwan Al-Himyari',NULL),(286,'pbkdf2_sha256$1000000$pDoX0xk0ld2o1ctkU6f7GJ$csLuuo05kzfEzbejxf1ePIUqM18515OfPjscJY8kTUg=',NULL,0,'anaalnu70','ō£ŔÜō≥','ōßŔĄō≠ōĮŔĎōßōĮ','anaalnu70@uni.example',0,1,'2026-02-22 09:26:26.621162',NULL,'ō£ŔÜō≥ ōßŔĄō≠ōĮŔĎōßōĮ',NULL),(287,'pbkdf2_sha256$1000000$khfcEBA0RufDTntRjLeq7H$5AG3+BydCzBR7cAScaXp1h8Ueyp/H3LVFaXo8SCeEpw=',NULL,0,'salalsh80','Salman','Al-Shahari','salalsh80@mail.example',0,1,'2026-02-22 09:26:27.095474',NULL,'Salman Al-Shahari',NULL),(288,'pbkdf2_sha256$1000000$Hsp3hWi3DJJ2sZd6MZEkp1$kYkWPHF+d2wRbJWjvONFkDBh2Z28TCC96dFN68cfnew=',NULL,0,'khaalan48','ōģōĮŔäō¨ō©','ōßŔĄŔÖŔāō∑ōĪŔä','khaalan48@example.edu.ye',0,1,'2026-02-22 09:26:27.540558',NULL,'ōģōĮŔäō¨ō© ōßŔĄŔÖŔāō∑ōĪŔä',NULL),(289,'pbkdf2_sha256$1000000$XqiNkhoru8wRFxN6cLablM$ecx4e4ePikEIQYShj7OFcYge9lRLG8TVWI01c1KggT0=',NULL,0,'zaialsa24','Zainab','Al-Saqqaf','zaialsa24@uni.example',0,1,'2026-02-22 09:26:27.987567',NULL,'Zainab Al-Saqqaf',NULL),(290,'pbkdf2_sha256$1000000$C3Ii9W9N9A2QygzkHPNyqn$5DWwCrozVtFp0LuiSPkcXYlEbupDs7o9kZuOtDmMPOU=',NULL,0,'ayaalan28','ōĘŔäō©','ōßŔĄōĻŔÖōĪŔä','ayaalan28@uni.example',0,1,'2026-02-22 09:26:28.432305',NULL,'ōĘŔäō© ōßŔĄōĻŔÖōĪŔä',NULL),(291,'pbkdf2_sha256$1000000$UrJs87HMDBOUS7z6LWFwDr$T872NXtVkUX/SjxcLsFdH/BvApnp2RyFEMLhCtc3I3g=',NULL,0,'saralib77','Sara','Al-Ibbi','saralib77@uni.example',0,1,'2026-02-22 09:26:28.883948',NULL,'Sara Al-Ibbi',NULL),(292,'pbkdf2_sha256$1000000$D2bSxCkYbC0CXg9L8jFZzz$3lYaUNSo2Tem1o8SgD0erWPLGU5zmryTu6ptagmD154=',NULL,0,'doaalqa91','ōĮōĻōßō°','ōßŔĄō≠ōĮŔĎōßōĮ','doaalqa91@uni.example',0,1,'2026-02-22 09:26:29.343132',NULL,'ōĮōĻōßō° ōßŔĄō≠ōĮŔĎōßōĮ',NULL),(293,'pbkdf2_sha256$1000000$JHLI4CW2qZj762rmiqZbTR$KB4aphiNY/Vdv8G5admQLgoPhjwR+evlrHu2fYJbLdg=',NULL,0,'hamalar94','Hamza','Al-Areeqi','hamalar94@mail.example',0,1,'2026-02-22 09:26:29.787341',NULL,'Hamza Al-Areeqi',NULL),(294,'pbkdf2_sha256$1000000$2GPpdLHVvrfbm362Imiy9E$i6WCwwSQpRZhknkw7dG2hbYj2AlUhlcXZ8vIpf0lRTo=',NULL,0,'ahmalmu53','ō£ō≠ŔÖōĮ','ōßŔĄōĻōĮŔÜŔä','ahmalmu53@mail.example',0,1,'2026-02-22 09:26:30.238372',NULL,'ō£ō≠ŔÖōĮ ōßŔĄōĻōĮŔÜŔä',NULL),(295,'pbkdf2_sha256$1000000$G4ldc0yICxHENrr1AyyZK0$7jDvffuDOJalMRIlS3AH9JeJ+7cX8TT1UZ3rCcbMxUc=',NULL,0,'fatalmu18','Fatima','Al-Mutawakkil','fatalmu18@mail.example',0,1,'2026-02-22 09:26:30.700552',NULL,'Fatima Al-Mutawakkil',NULL),(296,'pbkdf2_sha256$1000000$isGTF2Z4BNtUzPNvX8t9Lz$4zyln90bAQoCfvZlVaoeraOqo5in2ifZfZbzz1hTMbc=',NULL,0,'anaalqa35','ō£ŔÜō≥','ōßŔĄōīŔáōßōĪŔä','anaalqa35@example.edu.ye',0,1,'2026-02-22 09:26:31.154193',NULL,'ō£ŔÜō≥ ōßŔĄōīŔáōßōĪŔä',NULL),(297,'pbkdf2_sha256$1000000$pl2z91o4sPuCrN6mFvEfYC$eItaNsHO8C7iNrOxVxik0byGv5rIWvmp29XtK5m2rLA=',NULL,0,'mosalmu14','Mostafa','Al-Muayyad','mosalmu14@mail.example',0,1,'2026-02-22 09:26:31.595292',NULL,'Mostafa Al-Muayyad',NULL),(298,'pbkdf2_sha256$1000000$gz0d6MNJFhzx73HnQc550v$9BKEpd9t9OTJ+FGyAOCOlRmPrPe49teVt2S2vfQyNsw=',NULL,0,'doaalra25','ōĮōĻōßō°','ōßŔĄō≠ō∂ōĪŔÖŔä','doaalra25@uni.example',0,1,'2026-02-22 09:26:32.047346',NULL,'ōĮōĻōßō° ōßŔĄō≠ō∂ōĪŔÖŔä',NULL),(299,'pbkdf2_sha256$1000000$4WpB4gDNU9x5oUXITD3XjC$cp+1RuH1BY/B5V9yGZWe+l5uZ+jVLFLzGw42irB4bUc=',NULL,0,'lamalta73','Lama','Al-Taizi','lamalta73@mail.example',0,1,'2026-02-22 09:26:32.495506',NULL,'Lama Al-Taizi',NULL),(300,'pbkdf2_sha256$1000000$dOXgtY2WFXyvaTluBOCKCG$51ziB9SuYsL94DzQPZxuZSfLYEdR6S4J53xU0nfJLFk=',NULL,0,'roaalar65','ōĪō§ŔČ','ōßŔĄō•ō®Ŕä','roaalar65@mail.example',0,1,'2026-02-22 09:26:33.004203',NULL,'ōĪō§ŔČ ōßŔĄō•ō®Ŕä',NULL),(301,'pbkdf2_sha256$1000000$BYJ6xaiVfMfrt3z3IneBKI$FAtSYxRRPSeJ1/Wo36cKyFMJ0UAEyo/X1eptLxDRzFM=',NULL,0,'anaalha51','Anas','Al-Hadrami','anaalha51@mail.example',0,1,'2026-02-22 09:26:33.453232',NULL,'Anas Al-Hadrami',NULL),(302,'pbkdf2_sha256$1000000$LpzLvP07pR1EWPeDGVyI3a$hcwlrW6qbihm0xDdgDr/UTccUxomyrRlz/VSPbefxpY=',NULL,0,'emaalmu98','ō•ŔäŔÖōßŔÜ','ōßŔĄō•ō®Ŕä','emaalmu98@uni.example',0,1,'2026-02-22 09:26:33.912510',NULL,'ō•ŔäŔÖōßŔÜ ōßŔĄō•ō®Ŕä',NULL),(303,'pbkdf2_sha256$1000000$H8tzfGeS1cawwtCFuGEVqU$WbVQGeTG3ZeAK9GztGSBhqozo9fZJJqScWwP7nr/Ons=',NULL,0,'hudalib19','Huda','Al-Ibbi','hudalib19@mail.example',0,1,'2026-02-22 09:26:34.360180',NULL,'Huda Al-Ibbi',NULL),(304,'pbkdf2_sha256$1000000$0zhlma5KuEftVkBTXTBikP$nJMoOPoNXLdSH46+o0lhz80c2jFkxTCm8ie6SDKFLJY=',NULL,0,'zaialhi28','ō≤ŔäŔÜō®','ōßŔĄŔÖō™ŔąŔÉŔĎŔĄ','zaialhi28@mail.example',0,1,'2026-02-22 09:26:34.809076',NULL,'ō≤ŔäŔÜō® ōßŔĄŔÖō™ŔąŔÉŔĎŔĄ',NULL),(305,'pbkdf2_sha256$1000000$m9qzg20oFYhN0nE2qJNsUu$8sSUXMUap91giK6wuKUVUenfafQto2cC27hgBtJDHwE=',NULL,0,'ibralar56','Ibrahim','Al-Areeqi','ibralar56@uni.example',0,1,'2026-02-22 09:26:35.259166',NULL,'Ibrahim Al-Areeqi',NULL),(306,'pbkdf2_sha256$1000000$MP7r6PahgiUcXkWdfWBOyR$ByYhkO50NP/Cw/zBKDVrGG30QV22e5gJ5zhuhONycNs=',NULL,0,'ibralad57','ō•ō®ōĪōßŔáŔäŔÖ','ōßŔĄōĶŔÜōĻōßŔÜŔä','ibralad57@uni.example',0,1,'2026-02-22 09:26:35.706002',NULL,'ō•ō®ōĪōßŔáŔäŔÖ ōßŔĄōĶŔÜōĻōßŔÜŔä',NULL),(307,'pbkdf2_sha256$1000000$vPcnOOTgzgQqGS2gUprEOF$i5/u58vvSz786KOwpnGt3LdxCnbSdcOkYvGtXOcKizY=',NULL,0,'hamalta41','Hamza','Al-Taizi','hamalta41@example.edu.ye',0,1,'2026-02-22 09:26:36.154183',NULL,'Hamza Al-Taizi',NULL),(308,'pbkdf2_sha256$1000000$TRbtSQ1JILCQWejhUbpjuP$pui6mHJuUTWW70Vif4VXPwYBqRXOFZG7KUUHJsJz1A8=',NULL,0,'ayaalmu25','ōĘŔäō©','ōßŔĄō™ōĻō≤Ŕä','ayaalmu25@uni.example',0,1,'2026-02-22 09:26:36.605403',NULL,'ōĘŔäō© ōßŔĄō™ōĻō≤Ŕä',NULL),(309,'pbkdf2_sha256$1000000$3QrQJFaKqN5Qoq4LNEchyD$9X2VBG/9Bkg5QebHUL1Slk68JG+f8nTZAyWMnTHWfrA=',NULL,0,'hudalmu35','Huda','Al-Muqtari','hudalmu35@example.edu.ye',0,1,'2026-02-22 09:26:37.051116',NULL,'Huda Al-Muqtari',NULL),(310,'pbkdf2_sha256$1000000$ZuHoyhJLpMRib1VECnw547$h1DUq/hxHdndZRC3e5jDbbXviYiFUyABagLJtRBHhEs=',NULL,0,'khaalar97','ōģōßŔĄōĮ','ōßŔĄōĶŔÜōĻōßŔÜŔä','khaalar97@uni.example',0,1,'2026-02-22 09:26:37.506875',NULL,'ōģōßŔĄōĮ ōßŔĄōĶŔÜōĻōßŔÜŔä',NULL),(311,'pbkdf2_sha256$1000000$2tAJaS7kSOF9SOQtrpvCr0$dMe9UFqFlqJfyYBBZ/wguxwaxd2H/PSzYRWVDEefqRE=',NULL,0,'maralmu30','Maryam','Al-Muqtari','maralmu30@mail.example',0,1,'2026-02-22 09:26:37.951724',NULL,'Maryam Al-Muqtari',NULL),(312,'pbkdf2_sha256$1000000$xl3LBgIRKUczbM0gmymDcU$vsvlKZMY19110b9LhRSK2KAFckPVK9bYlbfYtScwYyM=',NULL,0,'ayaalzu35','ōĘŔäō©','ōßŔĄōĻŔÜō≥Ŕä','ayaalzu35@example.edu.ye',0,1,'2026-02-22 09:26:38.395103',NULL,'ōĘŔäō© ōßŔĄōĻŔÜō≥Ŕä',NULL),(313,'pbkdf2_sha256$1000000$ewCRAZKrqw4a9BYaAJP7st$RzZSdpF1lRWerSRfgoEPoi/8bObvAhO8i6icn67cMNo=',NULL,0,'hamalmu69','Hamza','Al-Muayyad','hamalmu69@mail.example',0,1,'2026-02-22 09:26:38.855473',NULL,'Hamza Al-Muayyad',NULL),(314,'pbkdf2_sha256$1000000$IrEQYPju5t0fTzL1qXYfqC$bCHnUDrdwj9zUvg39nkbegU+wzIT6aADbKT+fG4wJnE=',NULL,0,'anaalha77','ō£ŔÜō≥','ōßŔĄō™ōĻō≤Ŕä','anaalha77@uni.example',0,1,'2026-02-22 09:26:39.308070',NULL,'ō£ŔÜō≥ ōßŔĄō™ōĻō≤Ŕä',NULL),(315,'pbkdf2_sha256$1000000$MzQAvCzBUSNWZcF2RCvf3J$+59bzB7ZAFwv6vn/74n1ZIyG7fd9rHecm6ZGKGT3Tq0=',NULL,0,'omaalar97','Omar','Al-Areeqi','omaalar97@mail.example',0,1,'2026-02-22 09:26:39.752661',NULL,'Omar Al-Areeqi',NULL),(316,'pbkdf2_sha256$1000000$MRSBYsyeCH036eU9m7c2vs$2h+yrWh9TcpTjIDgFj09I3D27YrK6HS0qyvOY7m/yGs=',NULL,0,'husalqa25','ō≠ō≥ŔäŔÜ','ōßŔĄō®ōßōīōß','husalqa25@mail.example',0,1,'2026-02-22 09:26:40.210793',NULL,'ō≠ō≥ŔäŔÜ ōßŔĄō®ōßōīōß',NULL),(317,'pbkdf2_sha256$1000000$GLFG5i35aodJBojEFmAflX$1APURRlE2gqjKE80amApbMpNmpZ0w6Z5r3fY2hXURgo=',NULL,0,'omaalan46','Omar','Al-Ansi','omaalan46@example.edu.ye',0,1,'2026-02-22 09:26:40.669026',NULL,'Omar Al-Ansi',NULL),(318,'pbkdf2_sha256$1000000$rKSsVFf1UTJXQusUpZa8uB$hM7vNHsJe93A3EVsLMCFYvX2ByB1x8ddIKrI7FYSxWQ=',NULL,0,'nooalsa78','ŔÜŔąōĪ','ōßŔĄŔÖŔāō∑ōĪŔä','nooalsa78@example.edu.ye',0,1,'2026-02-22 09:26:41.114192',NULL,'ŔÜŔąōĪ ōßŔĄŔÖŔāō∑ōĪŔä',NULL),(319,'pbkdf2_sha256$1000000$BAmQDjiTGlueOsXoQClzQY$33SFMPPRfnYCng9fi3LfhmosbnGd2cLb8r8FoK6fGDA=',NULL,0,'saralnu87','Sara','Al-Nu\'mani','saralnu87@uni.example',0,1,'2026-02-22 09:26:41.561189',NULL,'Sara Al-Nu\'mani',NULL),(320,'pbkdf2_sha256$1000000$SRWXKtO5RdmuSKjHncaK2i$C6QN1RicgQMVeUfU5Igxp62HzsTEZ7eDjiv/GCsDvMM=',NULL,0,'alialom43','ōĻŔĄŔä','ōßŔĄŔāō≠ō∑ōßŔÜŔä','alialom43@mail.example',0,1,'2026-02-22 09:26:42.004379',NULL,'ōĻŔĄŔä ōßŔĄŔāō≠ō∑ōßŔÜŔä',NULL),(321,'pbkdf2_sha256$1000000$GfXq3aFIC9AdZQ9IFDcmms$QFrX853+TPAQGGdgDvocJ1mcsj3Dlc3AN+1PzCwNUTk=',NULL,0,'nooalhi47','Noor','Al-Himyari','nooalhi47@mail.example',0,1,'2026-02-22 09:26:42.463740',NULL,'Noor Al-Himyari',NULL),(322,'pbkdf2_sha256$1000000$1teUeHqHPwTxMDl6sRTwCl$6ipCCKaxjgdobfBeEBCjJtcSCw+rJNiXb3zkOJc/nP8=',NULL,0,'zaialmu68','ō≤ŔäŔÜō®','ōßŔĄō™ōĻō≤Ŕä','zaialmu68@example.edu.ye',0,1,'2026-02-22 09:26:42.919719',NULL,'ō≤ŔäŔÜō® ōßŔĄō™ōĻō≤Ŕä',NULL),(323,'pbkdf2_sha256$1000000$cvrJzB0z2JpVDixr8JWumm$NHAlnWSTp0FEv86ybjpmsk69gahvZ8gct/Fmur8qzWc=',NULL,0,'husalha53','Hussain','Al-Haddad','husalha53@mail.example',0,1,'2026-02-22 09:26:43.377594',NULL,'Hussain Al-Haddad',NULL),(324,'pbkdf2_sha256$1000000$TouE4YefjnTFCCI28DbmPS$lR4ntIaIDPjp3xwSAvK61QwPUN+8GXzGMHtcFkp5Su0=',NULL,0,'fuaad_morshid_4580','fuaad morshid','','',0,1,'2026-02-28 08:46:39.474160',NULL,'fuaad morshid',NULL),(325,'pbkdf2_sha256$1000000$wpGqsdWPP5YOo3TPgbzL00$2rdeLSBS6+4XW++JIKYv6AYIMrfBsyu5mT224i2gwoI=',NULL,0,'__9201','ŔÖŔąō≥ŔČ ōļōĪōßō®','','',0,1,'2026-03-02 09:28:50.779602',NULL,'ŔÖŔąō≥ŔČ ōļōĪōßō®',NULL),(326,'pbkdf2_sha256$1000000$R4zXEr1WbHS41vqjjLVwBJ$ZRRHbIW5ClWJ5ccdidUEqPyu8gQGBFkepQsR7UN3LoQ=',NULL,0,'__8957','ōßŔĄŔąŔĄŔäōĮ ōßŔĄōĮōĻŔäō≥','','',0,1,'2026-03-02 09:28:51.208347',NULL,'ōßŔĄŔąŔĄŔäōĮ ōßŔĄōĮōĻŔäō≥',NULL),(327,'pbkdf2_sha256$1000000$T6k8Z5KUL36cvhELNNUIuB$cguFy9raSLpjvufKK3kJ4zm8lKIKT4m4i8Wz7zgcV0I=',NULL,0,'__3087','ōßŔÉōĪŔÖ ōĻōęŔÖōßŔÜ','','',0,1,'2026-03-05 17:34:48.285249',NULL,'ōßŔÉōĪŔÖ ōĻōęŔÖōßŔÜ',NULL),(328,'pbkdf2_sha256$1000000$fx6pdob3nrOxZYRM6jz2rH$nn+YxEaNW5aXm+4k0XDRWN+68jWshALumBxz8PrqM+I=',NULL,0,'__7316','ōßō≠ŔÖōĮ ōĻŔĄōßŔą','','',0,1,'2026-03-05 17:34:49.236121',NULL,'ōßō≠ŔÖōĮ ōĻŔĄōßŔą',NULL),(329,'pbkdf2_sha256$1000000$fWcBFactNCnPR7Y2EeHzX1$CAH8ARLuIE7oTV2bik7xoD9wyeO0Ir5b3tocFXuq2tU=',NULL,0,'user_123456789','ahmed','ali','cosuper@gmail.com',0,1,'2026-03-06 04:31:21.472513','777222333','ahmed ali',NULL);
/*!40000 ALTER TABLE `core_user` ENABLE KEYS */;
UNLOCK TABLES;

--
-- Table structure for table `core_user_groups`
--

DROP TABLE IF EXISTS `core_user_groups`;
/*!40101 SET @saved_cs_client     = @@character_set_client */;
/*!40101 SET character_set_client = utf8mb4 */;
CREATE TABLE `core_user_groups` (
  `id` bigint(20) NOT NULL AUTO_INCREMENT,
  `user_id` bigint(20) NOT NULL,
  `group_id` int(11) NOT NULL,
  PRIMARY KEY (`id`),
  UNIQUE KEY `core_user_groups_user_id_group_id_c82fcad1_uniq` (`user_id`,`group_id`),
  KEY `core_user_groups_group_id_fe8c697f_fk_auth_group_id` (`group_id`),
  CONSTRAINT `core_user_groups_group_id_fe8c697f_fk_auth_group_id` FOREIGN KEY (`group_id`) REFERENCES `auth_group` (`id`),
  CONSTRAINT `core_user_groups_user_id_70b4d9b8_fk_core_user_id` FOREIGN KEY (`user_id`) REFERENCES `core_user` (`id`)
) ENGINE=InnoDB DEFAULT CHARSET=utf8mb3 COLLATE=utf8mb3_general_ci;
/*!40101 SET character_set_client = @saved_cs_client */;

--
-- Dumping data for table `core_user_groups`
--

LOCK TABLES `core_user_groups` WRITE;
/*!40000 ALTER TABLE `core_user_groups` DISABLE KEYS */;
/*!40000 ALTER TABLE `core_user_groups` ENABLE KEYS */;
UNLOCK TABLES;

--
-- Table structure for table `core_user_user_permissions`
--

DROP TABLE IF EXISTS `core_user_user_permissions`;
/*!40101 SET @saved_cs_client     = @@character_set_client */;
/*!40101 SET character_set_client = utf8mb4 */;
CREATE TABLE `core_user_user_permissions` (
  `id` bigint(20) NOT NULL AUTO_INCREMENT,
  `user_id` bigint(20) NOT NULL,
  `permission_id` int(11) NOT NULL,
  PRIMARY KEY (`id`),
  UNIQUE KEY `core_user_user_permissions_user_id_permission_id_73ea0daa_uniq` (`user_id`,`permission_id`),
  KEY `core_user_user_permi_permission_id_35ccf601_fk_auth_perm` (`permission_id`),
  CONSTRAINT `core_user_user_permi_permission_id_35ccf601_fk_auth_perm` FOREIGN KEY (`permission_id`) REFERENCES `auth_permission` (`id`),
  CONSTRAINT `core_user_user_permissions_user_id_085123d3_fk_core_user_id` FOREIGN KEY (`user_id`) REFERENCES `core_user` (`id`)
) ENGINE=InnoDB AUTO_INCREMENT=141 DEFAULT CHARSET=utf8mb3 COLLATE=utf8mb3_general_ci;
/*!40101 SET character_set_client = @saved_cs_client */;

--
-- Dumping data for table `core_user_user_permissions`
--

LOCK TABLES `core_user_user_permissions` WRITE;
/*!40000 ALTER TABLE `core_user_user_permissions` DISABLE KEYS */;
/*!40000 ALTER TABLE `core_user_user_permissions` ENABLE KEYS */;
UNLOCK TABLES;

--
-- Table structure for table `django_admin_log`
--

DROP TABLE IF EXISTS `django_admin_log`;
/*!40101 SET @saved_cs_client     = @@character_set_client */;
/*!40101 SET character_set_client = utf8mb4 */;
CREATE TABLE `django_admin_log` (
  `id` int(11) NOT NULL AUTO_INCREMENT,
  `action_time` datetime(6) NOT NULL,
  `object_id` longtext DEFAULT NULL,
  `object_repr` varchar(200) NOT NULL,
  `action_flag` smallint(5) unsigned NOT NULL CHECK (`action_flag` >= 0),
  `change_message` longtext NOT NULL,
  `content_type_id` int(11) DEFAULT NULL,
  `user_id` bigint(20) NOT NULL,
  PRIMARY KEY (`id`),
  KEY `django_admin_log_content_type_id_c4bce8eb_fk_django_co` (`content_type_id`),
  KEY `django_admin_log_user_id_c564eba6_fk_core_user_id` (`user_id`),
  CONSTRAINT `django_admin_log_content_type_id_c4bce8eb_fk_django_co` FOREIGN KEY (`content_type_id`) REFERENCES `django_content_type` (`id`),
  CONSTRAINT `django_admin_log_user_id_c564eba6_fk_core_user_id` FOREIGN KEY (`user_id`) REFERENCES `core_user` (`id`)
) ENGINE=InnoDB DEFAULT CHARSET=utf8mb3 COLLATE=utf8mb3_general_ci;
/*!40101 SET character_set_client = @saved_cs_client */;

--
-- Dumping data for table `django_admin_log`
--

LOCK TABLES `django_admin_log` WRITE;
/*!40000 ALTER TABLE `django_admin_log` DISABLE KEYS */;
/*!40000 ALTER TABLE `django_admin_log` ENABLE KEYS */;
UNLOCK TABLES;

--
-- Table structure for table `django_content_type`
--

DROP TABLE IF EXISTS `django_content_type`;
/*!40101 SET @saved_cs_client     = @@character_set_client */;
/*!40101 SET character_set_client = utf8mb4 */;
CREATE TABLE `django_content_type` (
  `id` int(11) NOT NULL AUTO_INCREMENT,
  `app_label` varchar(100) NOT NULL,
  `model` varchar(100) NOT NULL,
  PRIMARY KEY (`id`),
  UNIQUE KEY `django_content_type_app_label_model_76bd3d3b_uniq` (`app_label`,`model`)
) ENGINE=InnoDB AUTO_INCREMENT=56 DEFAULT CHARSET=utf8mb3 COLLATE=utf8mb3_general_ci;
/*!40101 SET character_set_client = @saved_cs_client */;

--
-- Dumping data for table `django_content_type`
--

LOCK TABLES `django_content_type` WRITE;
/*!40000 ALTER TABLE `django_content_type` DISABLE KEYS */;
INSERT INTO `django_content_type` VALUES (31,'account','emailaddress'),(32,'account','emailconfirmation'),(15,'admin','logentry'),(17,'auth','group'),(16,'auth','permission'),(29,'authtoken','token'),(30,'authtoken','tokenproxy'),(18,'contenttypes','contenttype'),(13,'core','academicaffiliation'),(24,'core','approvalrequest'),(26,'core','approvalsequence'),(22,'core','branch'),(20,'core','city'),(1,'core','college'),(40,'core','collegeprogresspattern'),(51,'core','companytype'),(48,'core','contactus'),(7,'core','department'),(39,'core','departmentprogresspattern'),(53,'core','externalcompany'),(9,'core','group'),(36,'core','groupcreationrequest'),(27,'core','groupinvitation'),(37,'core','groupmemberapproval'),(10,'core','groupmembers'),(11,'core','groupsupervisors'),(8,'core','notification'),(25,'core','notificationlog'),(42,'core','patternstageassignment'),(44,'core','patternsubstageassignment'),(2,'core','permission'),(21,'core','program'),(49,'core','programgroup'),(47,'core','programproject'),(38,'core','progresspattern'),(41,'core','progressstage'),(43,'core','progresssubstage'),(3,'core','project'),(46,'core','projectstate'),(4,'core','role'),(12,'core','rolepermission'),(52,'core','sector'),(50,'core','staff'),(54,'core','student'),(55,'core','studentenrollmentperiod'),(45,'core','studentprogress'),(23,'core','systemsettings'),(5,'core','university'),(6,'core','user'),(14,'core','userroles'),(19,'sessions','session'),(28,'sites','site'),(33,'socialaccount','socialaccount'),(34,'socialaccount','socialapp'),(35,'socialaccount','socialtoken');
/*!40000 ALTER TABLE `django_content_type` ENABLE KEYS */;
UNLOCK TABLES;

--
-- Table structure for table `django_migrations`
--

DROP TABLE IF EXISTS `django_migrations`;
/*!40101 SET @saved_cs_client     = @@character_set_client */;
/*!40101 SET character_set_client = utf8mb4 */;
CREATE TABLE `django_migrations` (
  `id` bigint(20) NOT NULL AUTO_INCREMENT,
  `app` varchar(255) NOT NULL,
  `name` varchar(255) NOT NULL,
  `applied` datetime(6) NOT NULL,
  PRIMARY KEY (`id`)
) ENGINE=InnoDB AUTO_INCREMENT=114 DEFAULT CHARSET=utf8mb3 COLLATE=utf8mb3_general_ci;
/*!40101 SET character_set_client = @saved_cs_client */;

--
-- Dumping data for table `django_migrations`
--

LOCK TABLES `django_migrations` WRITE;
/*!40000 ALTER TABLE `django_migrations` DISABLE KEYS */;
INSERT INTO `django_migrations` VALUES (1,'contenttypes','0001_initial','2025-11-06 05:57:57.735139'),(2,'contenttypes','0002_remove_content_type_name','2025-11-06 05:57:57.798072'),(3,'auth','0001_initial','2025-11-06 05:57:58.026344'),(4,'auth','0002_alter_permission_name_max_length','2025-11-06 05:57:58.080979'),(5,'auth','0003_alter_user_email_max_length','2025-11-06 05:57:58.091330'),(6,'auth','0004_alter_user_username_opts','2025-11-06 05:57:58.102307'),(7,'auth','0005_alter_user_last_login_null','2025-11-06 05:57:58.112206'),(8,'auth','0006_require_contenttypes_0002','2025-11-06 05:57:58.114977'),(9,'auth','0007_alter_validators_add_error_messages','2025-11-06 05:57:58.125935'),(10,'auth','0008_alter_user_username_max_length','2025-11-06 05:57:58.132384'),(11,'auth','0009_alter_user_last_name_max_length','2025-11-06 05:57:58.138000'),(12,'auth','0010_alter_group_name_max_length','2025-11-06 05:57:58.174969'),(13,'auth','0011_update_proxy_permissions','2025-11-06 05:57:58.180559'),(14,'auth','0012_alter_user_first_name_max_length','2025-11-06 05:57:58.185831'),(19,'sessions','0001_initial','2025-11-06 05:57:59.532564'),(20,'core','0002_city_university_type_user_gender_university_city_and_more','2025-11-11 07:33:19.914453'),(21,'core','0003_rename_city_id_city_bid_rename_name_city_bname_ar_and_more','2025-11-19 06:41:52.012667'),(35,'core','0004_systemsettings_academicaffiliation_college_and_more','2025-12-03 14:52:07.393460'),(36,'sites','0001_initial','2025-12-03 14:52:07.409271'),(37,'sites','0002_alter_domain_unique','2025-12-03 14:52:07.433017'),(44,'core','0005_alter_approvalrequest_options_and_more','2025-12-20 03:15:56.007179'),(45,'core','0006_project_college_alter_notificationlog_title_and_more','2025-12-23 10:42:03.123027'),(46,'core','0007_alter_approvalsequence_sequence_type','2025-12-30 07:50:00.036734'),(47,'core','0008_alter_approvalsequence_sequence_type_and_more','2025-12-31 02:51:57.726668'),(48,'core','0009_project_created_by','2026-01-04 05:45:37.429213'),(49,'core','0010_groupproject','2026-01-07 06:43:57.678598'),(50,'core','0011_alter_approvalsequence_options_and_more','2026-01-07 06:43:59.623145'),(51,'core','0012_alter_progresspattern_options_and_more','2026-01-07 06:53:59.394125'),(52,'core','0013_alter_group_options_remove_group_created_at_and_more','2026-01-07 07:04:38.001529'),(53,'core','0014_group_created_at_group_department','2026-01-07 07:04:38.157607'),(54,'core','0015_progresssubstage_patternsubstageassignment','2026-01-11 23:15:52.303933'),(55,'core','0016_studentprogress','2026-01-12 18:16:52.495339'),(56,'core','0017_delete_studentprogress','2026-01-12 20:11:40.682822'),(57,'core','0018_studentprogress','2026-01-12 20:11:40.851090'),(58,'core','0019_notificationlog_related_id_and_more','2026-01-20 06:12:48.973727'),(59,'core','0020_project_department','2026-01-25 20:07:57.670434'),(60,'core','0021_projectstate_remove_group_department_and_more','2026-02-21 09:02:06.620096'),(61,'core','0022_contactus','2026-02-21 09:02:56.060998'),(62,'core','0022_remove_group_group_name_alter_project_end_date_and_more','2026-02-22 11:49:19.791974'),(63,'core','0023_merge_20260222_1432','2026-02-22 11:49:19.797315'),(64,'core','0023_merge_20260222_1420','2026-02-23 08:59:48.505074'),(65,'core','0024_merge_20260223_1159','2026-02-23 08:59:48.509074'),(66,'core','0024_project_documentation_path_project_logo_and_more','2026-02-24 08:22:16.913349'),(67,'core','0025_merge_20260224_1122','2026-02-24 08:22:16.915914'),(68,'core','0025_remove_groupcreationrequest_group_name','2026-02-28 09:11:07.875762'),(69,'core','0002_remove_groupcreationrequest_group_name_and_more','2026-02-28 11:42:01.703538'),(71,'core','0003_companytype_sector_program_duration_externalcompany_and_more','2026-03-01 10:05:01.911096'),(79,'core','0002_alter_user_first_name_alter_user_gender_and_more','2026-03-05 22:10:57.305947'),(80,'core','0003_alter_user_first_name_alter_user_last_name','2026-03-05 22:10:57.399066'),(81,'core','0004_alter_user_email','2026-03-05 22:10:57.494320'),(82,'core','0006_merge_0004_alter_user_email_0005_merge_20260301_1516','2026-03-05 22:10:57.496319'),(83,'core','0001_initial','2026-03-06 13:14:56.595249'),(84,'core','0002_remove_user_company_name','2026-03-06 13:14:56.599580'),(85,'core','0002_companytype_sector_remove_user_company_name_and_more','2026-03-06 13:14:56.602587'),(86,'core','0003_merge_20260301_1142','2026-03-06 13:14:56.606169'),(87,'core','0004_merge_20260301_1147','2026-03-06 13:14:56.609531'),(88,'core','0005_merge_20260301_1516','2026-03-06 13:14:56.612546'),(89,'core','0002_user_cid','2026-03-06 13:14:56.615547'),(90,'core','0003_alter_user_cid','2026-03-06 13:14:56.618865'),(91,'core','0006_merge_0003_alter_user_cid_0005_merge_20260301_1516','2026-03-06 13:14:56.621865'),(92,'account','0001_initial','2026-03-06 13:15:26.522912'),(93,'account','0002_email_max_length','2026-03-06 13:15:26.608473'),(94,'account','0003_alter_emailaddress_create_unique_verified_email','2026-03-06 13:15:26.691837'),(95,'account','0004_alter_emailaddress_drop_unique_email','2026-03-06 13:15:26.996506'),(96,'account','0005_emailaddress_idx_upper_email','2026-03-06 13:15:27.018930'),(97,'account','0006_emailaddress_lower','2026-03-06 13:15:27.059412'),(98,'account','0007_emailaddress_idx_email','2026-03-06 13:15:27.151751'),(99,'account','0008_emailaddress_unique_primary_email_fixup','2026-03-06 13:15:27.190196'),(100,'account','0009_emailaddress_unique_primary_email','2026-03-06 13:15:27.218693'),(101,'admin','0001_initial','2026-03-06 13:15:27.461572'),(102,'admin','0002_logentry_remove_auto_add','2026-03-06 13:15:27.483775'),(103,'admin','0003_logentry_add_action_flag_choices','2026-03-06 13:15:27.502775'),(104,'authtoken','0001_initial','2026-03-06 13:15:27.615769'),(105,'authtoken','0002_auto_20160226_1747','2026-03-06 13:15:27.695167'),(106,'authtoken','0003_tokenproxy','2026-03-06 13:15:27.702224'),(107,'authtoken','0004_alter_tokenproxy_options','2026-03-06 13:15:27.712614'),(108,'socialaccount','0001_initial','2026-03-06 13:15:28.364303'),(109,'socialaccount','0002_token_max_lengths','2026-03-06 13:15:28.509494'),(110,'socialaccount','0003_extra_data_default_dict','2026-03-06 13:15:28.540492'),(111,'socialaccount','0004_app_provider_id_settings','2026-03-06 13:15:28.741457'),(112,'socialaccount','0005_socialtoken_nullable_app','2026-03-06 13:15:29.161324'),(113,'socialaccount','0006_alter_socialaccount_extra_data','2026-03-06 13:15:29.244550');
/*!40000 ALTER TABLE `django_migrations` ENABLE KEYS */;
UNLOCK TABLES;

--
-- Table structure for table `django_session`
--

DROP TABLE IF EXISTS `django_session`;
/*!40101 SET @saved_cs_client     = @@character_set_client */;
/*!40101 SET character_set_client = utf8mb4 */;
CREATE TABLE `django_session` (
  `session_key` varchar(40) NOT NULL,
  `session_data` longtext NOT NULL,
  `expire_date` datetime(6) NOT NULL,
  PRIMARY KEY (`session_key`),
  KEY `django_session_expire_date_a5c62663` (`expire_date`)
) ENGINE=InnoDB DEFAULT CHARSET=utf8mb3 COLLATE=utf8mb3_general_ci;
/*!40101 SET character_set_client = @saved_cs_client */;

--
-- Dumping data for table `django_session`
--

LOCK TABLES `django_session` WRITE;
/*!40000 ALTER TABLE `django_session` DISABLE KEYS */;
INSERT INTO `django_session` VALUES ('02abi34ed9r9x2dz1m4n2fio0pj5lsg6','.eJxVjDsOwjAQBe_iGlneGMcbSnrOYHk_4ABypDipEHeHSCmgfTPzXibldSlpbTqnUczJdMEcfkfK_NC6EbnnepssT3WZR7KbYnfa7GUSfZ539--g5Fa-dfBOUCIAEqkXCajo_NVFJOmlh46RHAE7UOCBow_uqHHIxOo5iJj3BwtFOIo:1vauqA:AEt_Tn9Npx3cjilLXm5G8dChpvkOpNP8BxlLxHg8Pic','2026-01-14 11:58:10.386814'),('03azgzzjhks3cm11kufnl59y5zfq04xj','.eJxVjDsOwjAQBe_iGln2-kco6XMGa71r4wCypXwqxN0hUgpo38y8l4i4rTVuS57jxOIinBen3zEhPXLbCd-x3bqk3tZ5SnJX5EEXOXbOz-vh_h1UXOq3phAMkR4M-mItsAJNPNiAkBRlq7JTEKwx7qzVkAMgcFHIGFLRHnQR7w_6yze8:1vkHsc:TxC5jvqTTlm9fTCqJX09gC9CAKEMjWbFfD-dU5mriNA','2026-02-09 08:23:26.247982'),('06xtkuurrlz7dmhdg9xqjyzdun4r5urf','.eJxVjDsOwjAQBe_iGlneGMcbSnrOYHk_4ABypDipEHeHSCmgfTPzXibldSlpbTqnUczJdMEcfkfK_NC6EbnnepssT3WZR7KbYnfa7GUSfZ539--g5Fa-dfBOUCIAEqkXCajo_NVFJOmlh46RHAE7UOCBow_uqHHIxOo5iJj3BwtFOIo:1vbew0:tUyQKB43UCC5pXaplT8vVh9goUAd2QCD7tmFsRtpenE','2026-01-16 13:11:16.643084'),('0a2f2x6qg1w3ujgn9fxgplpouv2wo5ed','.eJxVjDsOwjAQBe_iGln2-kco6XMGa71r4wCypXwqxN0hUgpo38y8l4i4rTVuS57jxOIinBen3zEhPXLbCd-x3bqk3tZ5SnJX5EEXOXbOz-vh_h1UXOq3phAMkR4M-mItsAJNPNiAkBRlq7JTEKwx7qzVkAMgcFHIGFLRHnQR7w_6yze8:1vnmI0:HwSJBRbiRVSVM_lYaCINWLd2raBK8K_2c6v2gxw6fqI','2026-02-18 23:28:04.825819'),('0abp8dwteou8cpj384eihmvaojm1lro1','.eJxVjDsOwjAQBe_iGllLcFibkj5niPbjxQGUSHFSIe4OkVJA-2bmvVxP61L6tea5H9RdXAB3-B2Z5JHHjeidxtvkZRqXeWC_KX6n1XeT5ud1d_8OCtXyrUUCtBYzNJqJo2o6QjTJJpiYKGBKyRQFARVie8YGGg6BlfGUzMy9PzR1OQ4:1vcHMc:qerZcV3l3Wssv8qSOuJSOqvIauGI4AtuElkwR3ZFSPE','2026-01-18 06:13:18.737693'),('0b5ah4l8n37zlvlkjpv7ubzxiyizrrcd','.eJxVjEsOwiAUAO_C2hDgmRZcuvcM5P0qVUOT0q6Md9eaLnQ7M5mnybguJa9N5zyKORnvzeEXEvJd62bkhvU6WZ7qMo9kt8TuttnLJPo47-3foGAr368bEvTgOEmnoEf0SBwBgkoIKB_du-AFIZIqa4pDJIddisrkkprXGwl2OLM:1vcg9I:EWNm_N_dXvx4UYMpL62DxgWoY8K4qWo59QljX04Uxnc','2026-01-19 08:41:12.807384'),('0b7w30jg5fer1fx9kd09g4col0nq04f5','.eJxVjDsOwjAQBe_iGln2-kco6XMGa71r4wCypXwqxN0hUgpo38y8l4i4rTVuS57jxOIinBen3zEhPXLbCd-x3bqk3tZ5SnJX5EEXOXbOz-vh_h1UXOq3phAMkR4M-mItsAJNPNiAkBRlq7JTEKwx7qzVkAMgcFHIGFLRHnQR7w_6yze8:1vkJEj:NzJyCt_3YJbAYvcfKhkG6vDPsy-I0-xpNLbQhdPZYlk','2026-02-09 09:50:21.134238'),('0juahrgniavjssumsyfi1rt8gqwjwkqr','.eJxVjEEOwiAQRe_C2hBgmBZcuvcMBGaoVA0kpV0Z765NutDtf-_9lwhxW0vYel7CzOIscBCn3zFFeuS6E77HemuSWl2XOcldkQft8to4Py-H-3dQYi_fmthRds57AKXQeXITg_EaYEwaPONktGGDWhG6bImRlDWZBhrRWu3F-wPwTDcp:1viUZC:IlsR54OKVX7jOkKVQpk_dTQBCdqjwu17xubolTIutp8','2026-02-04 09:31:58.224183'),('0pkqi1llvmqyoqwobbjf55e35w5t8hpu','.eJxVjEsOwiAUAO_C2hDgmRZcuvcM5P0qVUOT0q6Md9eaLnQ7M5mnybguJa9N5zyKORnvzeEXEvJd62bkhvU6WZ7qMo9kt8TuttnLJPo47-3foGAr368bEvTgOEmnoEf0SBwBgkoIKB_du-AFIZIqa4pDJIddisrkkprXGwl2OLM:1vTQG5:o1GTlV9drXEI_Xr9cLfzZ938__QC5Qej4iWPZrjUAGU','2025-12-24 19:53:57.268714'),('0s4f75d2822bikgzj5vhjv8hsqb86yvw','.eJxVjM0OwiAQhN-FsyFQfrbx6N1nILssSNVAUtqT8d2VpAed43zfzEsE3LcS9p7WsLA4CyNOvx1hfKQ6AN-x3pqMrW7rQnIo8qBdXhun5-Vw_w4K9jLWlGcAD0qnrEhrYxiY7awm1pldBMeJLGb6xns0AHFy4DICIlky4v0B_WY45Q:1vaqfo:gLStmicZGMy7Xl3KTGxdWq38N9riuaWQHFcaci8qzvU','2026-01-14 07:31:12.757967'),('0sc2uemkfqjv61jkg4th63i8l2mmyxdc','.eJxVjDsOgzAQRO_iOrIw_uGU6TmDtfbuxiQRljBUUe4ekCgSaap5b-YtImxriVujJU4orkIHcfktE-QnzQfBB8z3KnOd12VK8lDkSZscK9Lrdrp_BwVa2deAjiwnbUgNLlvlEAbmhB1nTQoxhN6AzqF3zGjJKN976vYoz-QViM8XO005BA:1vkJD8:apXwI5wVL0_tfvBgPJz5T5lnWnxO2iZ-77CH-hM7Qe4','2026-02-09 09:48:42.267732'),('0tkb1iy9t7jomzjkccxv85vmpqga5yze','.eJxVjEEOwiAQRe_C2pAAhSku3XsGMjMMUjU0Ke3KeHdt0oVu_3vvv1TCba1p67KkKauz8l6dfkdCfkjbSb5ju82a57YuE-ld0Qft-jpneV4O9--gYq_f2mIZwIQIVAyzGQHBIoZgSkYkCjxER2UET2xRIHCULM4ZkRwjRlDvDypaOTo:1vfZMM:KJ6gDi9CgosOK6W4ZhgqOFsvn6Gtly9kaPkO0GjPRgY','2026-01-27 08:02:38.318943'),('0xucij52cl7emo97mw7hg1ul0ddgdpz7','.eJxVjDsOwjAQBe_iGlneGMcbSnrOYHk_4ABypDipEHeHSCmgfTPzXibldSlpbTqnUczJdMEcfkfK_NC6EbnnepssT3WZR7KbYnfa7GUSfZ539--g5Fa-dfBOUCIAEqkXCajo_NVFJOmlh46RHAE7UOCBow_uqHHIxOo5iJj3BwtFOIo:1vf5HN:pA6a_qOLk9PHsPrSqdl-JZqTzmZaFaEeXPxPk36VpqI','2026-01-25 23:55:29.330097'),('13abrmx5yxh98d5f2g57jq5sc4780pnf','.eJxVjDsOwjAQBe_iGln-fyjpOYO1Xq9xADlSnFSIu0OkFNC-mXkvlmBbW9oGLWkq7MycZqffMQM-qO-k3KHfZo5zX5cp813hBx38Ohd6Xg7376DBaN86K7KONHowIWJwMthcLXlXIQchAZ1GikWY4KkKjMroHD1AVSA1OsPeHxo6OHQ:1vnkAE:R4gOkM3VGzdWMIf76Fwm2XhnRE7v3MPjBvc12oecC4A','2026-02-18 21:11:54.927939'),('16cpbj5arz9t9hasrkst5hqct064qv11','.eJxVjDsOwjAQBe_iGlneGMcbSnrOYHk_4ABypDipEHeHSCmgfTPzXibldSlpbTqnUczJdMEcfkfK_NC6EbnnepssT3WZR7KbYnfa7GUSfZ539--g5Fa-dfBOUCIAEqkXCajo_NVFJOmlh46RHAE7UOCBow_uqHHIxOo5iJj3BwtFOIo:1vTFdB:5BUmZVbBmzqMQvhbpBzNT0oAEgwAro_GpfdB7LVKBiM','2025-12-24 08:33:05.790316'),('174rid0h4589v0l5q8ujw5kejjw1yfwp','.eJxVjMsOwiAQRf-FtSHMQHm4dN9vIAyDUjU0Ke3K-O_apAvd3nPOfYmYtrXGrZclTizOYnDi9DtSyo_SdsL31G6zzHNbl4nkrsiDdjnOXJ6Xw_07qKnXbw0mZR2CK5g9a-OA7BXYAYMqZkBQqEzmYDVqAo_eAaiAJoC3AEwk3h_gaDZ2:1vnl8j:WzM5LirRD-DfWrALAFtQ2mjEpZNHAicjcwlpkwUvJOg','2026-02-18 22:14:25.302320'),('1892r9g1x33g58mdtf0uvz3m5hdq3j9a','.eJxVjEsOwjAMBe-SNYpwksYxS_Y9Q2U7KS2gVOpnhbg7VOoCtm9m3st0vK1Dty1l7sZsLiaY0-8mrI9Sd5DvXG-T1amu8yh2V-xBF9tOuTyvh_t3MPAyfOsoqSgmIYeFwaPkTNo7AE8pQaDI2QcBTOQJI2ITXARQof7caxPYvD_XYjc0:1vbflK:FTvDFhIQKRTV4s_SFUVqivGf4ghwoteXcvnUb4FeMcQ','2026-01-16 14:04:18.862997'),('18e9f3lquvcyrb0rximzlb1jdmyfl2nm','.eJxVjDsOwjAQBe_iGln-fyjpOYO1Xq9xADlSnFSIu0OkFNC-mXkvlmBbW9oGLWkq7MycZqffMQM-qO-k3KHfZo5zX5cp813hBx38Ohd6Xg7376DBaN86K7KONHowIWJwMthcLXlXIQchAZ1GikWY4KkKjMroHD1AVSA1OsPeHxo6OHQ:1vmeL0:yFszs10XHPci1MYJ5RO66BzRzonfbib9Kb6X0DruEFk','2026-02-15 20:46:30.721877'),('18josz63kbc4sujs041xqg95u36ppfuq','.eJxVjDsOwjAQBe_iGlneGMcbSnrOYHk_4ABypDipEHeHSCmgfTPzXibldSlpbTqnUczJdMEcfkfK_NC6EbnnepssT3WZR7KbYnfa7GUSfZ539--g5Fa-dfBOUCIAEqkXCajo_NVFJOmlh46RHAE7UOCBow_uqHHIxOo5iJj3BwtFOIo:1vbgAN:xxlAqAyoY4UNYvE_yxY5vToKtFUvuBNJDz7fqzeTEWU','2026-01-16 14:30:11.018142'),('1a0q7y3m3wmpikcbjz1g6pgofcuo0o6b','.eJxVjDsOwjAQBe_iGlneGMcbSnrOYHk_4ABypDipEHeHSCmgfTPzXibldSlpbTqnUczJdMEcfkfK_NC6EbnnepssT3WZR7KbYnfa7GUSfZ539--g5Fa-dfBOUCIAEqkXCajo_NVFJOmlh46RHAE7UOCBow_uqHHIxOo5iJj3BwtFOIo:1vcIV5:5GhE0h020ie6Gb3eVM1MuPisOCb7a98q_OgXy6zrL1c','2026-01-18 07:26:07.115375'),('1b8gi8qcxl6o9cgnvnw659pocin5ikiy','.eJxVjEsOwiAUAO_C2hDgmRZcuvcM5P0qVUOT0q6Md9eaLnQ7M5mnybguJa9N5zyKORnvzeEXEvJd62bkhvU6WZ7qMo9kt8TuttnLJPo47-3foGAr368bEvTgOEmnoEf0SBwBgkoIKB_du-AFIZIqa4pDJIddisrkkprXGwl2OLM:1vXfuP:BsYVJsAI8yRd3wiVEHZCtiWBzbPBetxJnwNQX49kXJ0','2026-01-05 13:25:09.185535'),('1ctbvr8v6gwmcm4hqrj4lpgifykc5kof','.eJxVjMsOwiAQRf-FtSHMQHm4dN9vIAyDUjU0Ke3K-O_apAvd3nPOfYmYtrXGrZclTizOYnDi9DtSyo_SdsL31G6zzHNbl4nkrsiDdjnOXJ6Xw_07qKnXbw0mZR2CK5g9a-OA7BXYAYMqZkBQqEzmYDVqAo_eAaiAJoC3AEwk3h_gaDZ2:1vi5IK:8J4rA2kFPAWUwjKnbccx-jDTh8vEVFuUvssZmicGAss','2026-02-03 06:32:52.134710'),('1dzp81efo7eojvua48diuh85a10akp7i','.eJxVjDsOwjAQBe_iGlneGMcbSnrOYHk_4ABypDipEHeHSCmgfTPzXibldSlpbTqnUczJdMEcfkfK_NC6EbnnepssT3WZR7KbYnfa7GUSfZ539--g5Fa-dfBOUCIAEqkXCajo_NVFJOmlh46RHAE7UOCBow_uqHHIxOo5iJj3BwtFOIo:1vc3VC:wtzxCsnbVj88lDGORZtKvtdWsv_-FYfF0Q0SMPaBPyo','2026-01-17 15:25:14.274947'),('1fuwpskzzcn6p49ysjsldh65pq47qtq5','.eJxVjMsOgjAUBf-la9O09EVduucbmt5HBTUlobAy_ruQsNDtmZnzFilv65i2xkuaSFyF1-LyO0LGJ9eD0CPX-yxxrusygTwUedImh5n4dTvdv4Mxt3GvA0cPkRSjMhg7cDEXV_pgHHurO4XkNBjqegJrLRa368EEZYo1jADi8wUNgzg_:1vkHlo:xbuT7mFfs0Fbf2l29DSckdZLZoTcJVOAbUF79l6Cy7o','2026-02-09 08:16:24.032026'),('1h8j1pt15pclcd2f722f4q9uf3395u3o','.eJxVjDsOwjAQBe_iGlneGMcbSnrOYHk_4ABypDipEHeHSCmgfTPzXibldSlpbTqnUczJdMEcfkfK_NC6EbnnepssT3WZR7KbYnfa7GUSfZ539--g5Fa-dfBOUCIAEqkXCajo_NVFJOmlh46RHAE7UOCBow_uqHHIxOo5iJj3BwtFOIo:1vUMBL:ZdX3QAaHl1zgUfwOXeS_ai8kTovYM0-UoGA3YbLI6VI','2025-12-27 09:44:55.965705'),('1jinml88wkbjbg1ya0la414ldcytibkw','.eJxVjM0OwiAQhN-FsyFQfrbx6N1nILssSNVAUtqT8d2VpAed43zfzEsE3LcS9p7WsLA4CyNOvx1hfKQ6AN-x3pqMrW7rQnIo8qBdXhun5-Vw_w4K9jLWlGcAD0qnrEhrYxiY7awm1pldBMeJLGb6xns0AHFy4DICIlky4v0B_WY45Q:1vTvHx:-zYmfyWmZC7YHroTpvXqwGt6Pvryfv0e0dvMpEJe34c','2025-12-26 05:01:57.210551'),('1k58etbcp4v0w96g147cxyi3n6a99285','.eJxVjEsOwjAMBe-SNYqM0zgpS_Y9Q2UnDimgVupnhbg7VOoCtm9m3sv0vK213xad-yGbi0Fz-t2E00PHHeQ7j7fJpmlc50HsrtiDLrabsj6vh_t3UHmp3_rsVBx6IQcYInkW8EpAEqgNUCJEpoDogVuNiV2DgUpEaJpcVFI27w-xgjcQ:1vSsBq:J1I1O1LJdOhN6Rw4dH3IZqvZfmUoOai4nKlF2sBWI_E','2025-12-23 07:31:18.129088'),('1r7rmko43fh78daih9rahps5qbhzaidi','.eJxVjEsOwiAUAO_C2hDgmRZcuvcM5P0qVUOT0q6Md9eaLnQ7M5mnybguJa9N5zyKORnvzeEXEvJd62bkhvU6WZ7qMo9kt8TuttnLJPo47-3foGAr368bEvTgOEmnoEf0SBwBgkoIKB_du-AFIZIqa4pDJIddisrkkprXGwl2OLM:1vcmrQ:Ht0mYgA15QnRneBa2fnRKPTbKP53WMzNAdf-kRj2O4w','2026-01-19 15:51:12.355560'),('1tfkspgccr3pjmzj43z5f6gv9gw0gz31','.eJxVjEEOwiAQRe_C2hBgmBZcuvcMBGaoVA0kpV0Z765NutDtf-_9lwhxW0vYel7CzOIscBCn3zFFeuS6E77HemuSWl2XOcldkQft8to4Py-H-3dQYi_fmthRds57AKXQeXITg_EaYEwaPONktGGDWhG6bImRlDWZBhrRWu3F-wPwTDcp:1viSNC:1DaDElbbJAeMGJOq9KxOvCVEo000DJkm9zJKzUfJV98','2026-02-04 07:11:26.026494'),('1up13nhooo9emwnioku099qy7kem6qy5','.eJxVjDsOwjAQBe_iGlneGMcbSnrOYHk_4ABypDipEHeHSCmgfTPzXibldSlpbTqnUczJdMEcfkfK_NC6EbnnepssT3WZR7KbYnfa7GUSfZ539--g5Fa-dfBOUCIAEqkXCajo_NVFJOmlh46RHAE7UOCBow_uqHHIxOo5iJj3BwtFOIo:1vbewb:rTXpqiszZihkhtwN92_1rgzuQHwszBYvBMctE0JUCts','2026-01-16 13:11:53.902997'),('1xcluo0y73rqohdshkgck0ti76we27p8','.eJxVjDsOwjAQBe_iGlneGMcbSnrOYHk_4ABypDipEHeHSCmgfTPzXibldSlpbTqnUczJdMEcfkfK_NC6EbnnepssT3WZR7KbYnfa7GUSfZ539--g5Fa-dfBOUCIAEqkXCajo_NVFJOmlh46RHAE7UOCBow_uqHHIxOo5iJj3BwtFOIo:1vaufs:CkWSXU0aDirNxCtXjUn8iNvx67ofQJ98qnm4Gb7y8CA','2026-01-14 11:47:32.730645'),('1xsdflklwdmtkgne3zxkbj3ktyqqe12a','.eJxVjEEOwiAQRe_C2pAAhSku3XsGMjMMUjU0Ke3KeHdt0oVu_3vvv1TCba1p67KkKauz8l6dfkdCfkjbSb5ju82a57YuE-ld0Qft-jpneV4O9--gYq_f2mIZwIQIVAyzGQHBIoZgSkYkCjxER2UET2xRIHCULM4ZkRwjRlDvDypaOTo:1vrtiH:tlNBm6wGYmNSjbvYzMW8xdoKcVyAcw76RJ9oprdDRNw','2026-03-02 08:12:13.373051'),('1yokq4nigwltjlwyvs29fxsdcgyx5kso','.eJxVjMsOwiAURP-FtSFXytOle7-BwL0gVQNJaVfGf5cmXehuMnPOvJkP21r81tPiZ2IXph07_ZYx4DPVfaFHqPfGsdV1mSPfEX6snd8apdf1YP8OSuhl2EFYoSPmKWR0pMBFxKyEJGcySDOSAKsRgSRKSFYMASiJMyozkQP2-QIc5zgE:1vmekJ:PHIJKYRId1nvgfFQA4Juv00fbPcRJty0xEFQKsyxD6U','2026-02-15 21:12:39.606216'),('1ypigs0ey2xoqg3ovj99gzxn3y9doivi','.eJxVjEsOwjAMBe-SNYpwksYxS_Y9Q2U7KS2gVOpnhbg7VOoCtm9m3st0vK1Dty1l7sZsLiaY0-8mrI9Sd5DvXG-T1amu8yh2V-xBF9tOuTyvh_t3MPAyfOsoqSgmIYeFwaPkTNo7AE8pQaDI2QcBTOQJI2ITXARQof7caxPYvD_XYjc0:1vf5HB:kkk6tzHRtFU5VbzQxPivQ5P8oDSV1gsKiR95C4d6dEk','2026-01-25 23:55:17.521850'),('256kv80rw0vu68epuihqbbqc1jaoti3r','.eJxVjEsOwjAMBe-SNYqM0zgpS_Y9Q2UnDimgVupnhbg7VOoCtm9m3sv0vK213xad-yGbi0Fz-t2E00PHHeQ7j7fJpmlc50HsrtiDLrabsj6vh_t3UHmp3_rsVBx6IQcYInkW8EpAEqgNUCJEpoDogVuNiV2DgUpEaJpcVFI27w-xgjcQ:1vaPSb:5dr4IZuazzITn6N4ZCjfLqLx2uOMM4bZgbp7mqxnezk','2026-01-13 02:27:45.939221'),('26nq886s0rsilzp3ywe74yyoq3vxxdhg','.eJxVjEsOwiAUAO_C2hDgmRZcuvcM5P0qVUOT0q6Md9eaLnQ7M5mnybguJa9N5zyKORnvzeEXEvJd62bkhvU6WZ7qMo9kt8TuttnLJPo47-3foGAr368bEvTgOEmnoEf0SBwBgkoIKB_du-AFIZIqa4pDJIddisrkkprXGwl2OLM:1vcDln:4royCgQn7-K-5TQmyf0DiJBhO0bdsmxpUROUysLGjgA','2026-01-18 02:23:03.583890'),('2gxdhgzoaz1bmnucrv140i4glxz8hy50','.eJxVjDsOwjAQBe_iGlneGMcbSnrOYHk_4ABypDipEHeHSCmgfTPzXibldSlpbTqnUczJdMEcfkfK_NC6EbnnepssT3WZR7KbYnfa7GUSfZ539--g5Fa-dfBOUCIAEqkXCajo_NVFJOmlh46RHAE7UOCBow_uqHHIxOo5iJj3BwtFOIo:1vbgi0:WEgip6EbeahZw75KFLQ7c7k9kdfUlgpYu7uPUAJs4ek','2026-01-16 15:04:56.461306'),('2klx41zkwkmq5dnsbgfz9i4f80c2yfxv','.eJxVjDsOwjAQBe_iGlneGMcbSnrOYHk_4ABypDipEHeHSCmgfTPzXibldSlpbTqnUczJdMEcfkfK_NC6EbnnepssT3WZR7KbYnfa7GUSfZ539--g5Fa-dfBOUCIAEqkXCajo_NVFJOmlh46RHAE7UOCBow_uqHHIxOo5iJj3BwtFOIo:1vcDjv:cemAirCIpAqEiV_4by2Ch1_NrwHpefoGTLsJUcAMlys','2026-01-18 02:21:07.746230'),('2kwfd9pxb68qlsqdwnjb91212wt33ohr','.eJxVjDsOwjAQBe_iGln-r6Gkzxms9e6aBFAi5VMh7g6RUkD7Zua9VMFt7cu2yFwGVheVkjr9jhXpIeNO-I7jbdI0jes8VL0r-qCL7iaW5_Vw_w56XPpv7Y1j36zzFNhjcyanmjlJE0sQXcLIwcuZIEhoCBwBUgUga6JkQ0a9Pww5OAs:1vrtl2:aV8n4xj5QvWnlE7wJIgA6RBoeSWel6wS5WOcGyu3_l8','2026-03-02 08:15:04.951838'),('2mc7gqi0vji0mq42rsq40ygas3r895hh','.eJxVjEEOwiAQRe_C2pAAhSku3XsGMjMMUjU0Ke3KeHdt0oVu_3vvv1TCba1p67KkKauz8l6dfkdCfkjbSb5ju82a57YuE-ld0Qft-jpneV4O9--gYq_f2mIZwIQIVAyzGQHBIoZgSkYkCjxER2UET2xRIHCULM4ZkRwjRlDvDypaOTo:1vmeWg:zHu3t9C95SMhVODd9omZLbdfJ2DAEGnt2Cw2AXxpf_4','2026-02-15 20:58:34.804617'),('2oy8f3tgbyqhc9q3odk0wkfkrp55cpxe','.eJxVjDsOwjAQBe_iGln-xE6Wkp4zWLvrNQkgR4qTCnF3iJQC2jcz76USbuuYtiZLmrI6q-DV6Xck5IfUneQ71tusea7rMpHeFX3Qpq9zluflcP8ORmzjty5MAw7WFkbuoffZ-Qi2K5IphGiAejHUERTrh2gcCoCVzkTh7NgGUO8PHf44QQ:1vfv4M:Za75v7qalZWP2mGw92NYT86b0AXyIiCwVipLUKLBD0U','2026-01-28 07:13:30.286639'),('2vzjwtb84boda9kq8d4p5y8uwoag93vl','.eJxVjDsOwjAQBe_iGln4mw0lPWew1vYuDiBbipMKcXcSKQW0b2beWwRclxLWTnOYsrgIK06_W8T0pLqD_MB6bzK1usxTlLsiD9rlrWV6XQ_376BgL1sdPVHO6OCsB6_AIYGyOtkxGgUqOQ3MjvTIrFgbzzgY5RNYB3rzKInPF-LRN38:1vXfFw:jaGkZKOTzhPsVO3qt8ZIuv55dw0R5imWniozWFkJjcw','2026-01-05 12:43:20.746235'),('2wekrrljhnrf32z4j0ij4uda1fmjxe1q','.eJxVjEsOwjAMBe-SNYqM0zgpS_Y9Q2UnDimgVupnhbg7VOoCtm9m3sv0vK213xad-yGbi0Fz-t2E00PHHeQ7j7fJpmlc50HsrtiDLrabsj6vh_t3UHmp3_rsVBx6IQcYInkW8EpAEqgNUCJEpoDogVuNiV2DgUpEaJpcVFI27w-xgjcQ:1vaPhz:k2qB0yGnbJI1JT316yoDiFtgUfTcGqc3NrWVdiwKI0k','2026-01-13 02:43:39.581405'),('2wnfixxtdoifeja9aoebogqzxggq640k','.eJxVjDsOwjAQBe_iGlneGMcbSnrOYHk_4ABypDipEHeHSCmgfTPzXibldSlpbTqnUczJdMEcfkfK_NC6EbnnepssT3WZR7KbYnfa7GUSfZ539--g5Fa-dfBOUCIAEqkXCajo_NVFJOmlh46RHAE7UOCBow_uqHHIxOo5iJj3BwtFOIo:1vapjJ:ktfG0Kjr34ZpfV1LxSRWLkBMW-Vy7XrGTbmrbzrLmn8','2026-01-14 06:30:45.866847'),('2yh0d1vkb5hlaos384ncwygx1mqc2fm4','.eJxVjEEOwiAQRe_C2pAJ0Jni0r1nIANMpWpoUtpV491tky50-997f1OB16WEtckcxqyuquvV5XeMnF5SD5KfXB-TTlNd5jHqQ9Enbfo-ZXnfTvfvoHArey3RsXgmIGPYIzm2QByBskPTCwLBEK0IGnTiAcG7ocvk_Q5tElSfLwBvN5A:1vnl7k:w-KgsMzQbAo6mrM3pbn9TvuMFFa3jY8LU3YwFvl09DM','2026-02-18 22:13:24.869097'),('30f7uf03xyjclxzpyc8bsg66r9cq81xi','.eJxVjDsOwjAQBe_iGlmx17-lpOcMlte7wgGUSHFSIe4OkVJA-2bmvVQu29ry1mXJI6uzMkGdfkcq9SHTTvheptus6zyty0h6V_RBu77OLM_L4f4dtNLbtwYAYeRoglC04jBY9EABIwDTkFz16CuSSbYmR4kkDdYxeBvEJST1_gDsiTc4:1vTHwL:CPxUxmDLq8-zj9wirqdQiHmCgAxUqzj-kRzN_AT_tn4','2025-12-24 11:01:01.711693'),('32ij06epqz4t9xsd3lp8alw59apenp4i','.eJxVjEsOwjAMBe-SNYqM0zgpS_Y9Q2UnDimgVupnhbg7VOoCtm9m3sv0vK213xad-yGbi0Fz-t2E00PHHeQ7j7fJpmlc50HsrtiDLrabsj6vh_t3UHmp3_rsVBx6IQcYInkW8EpAEqgNUCJEpoDogVuNiV2DgUpEaJpcVFI27w-xgjcQ:1vSwPr:nJ6kEFT-1Noif2A1-kfiwRJREA7qpBuTRaVY7lZU7Dc','2025-12-23 12:02:03.896894'),('38pvwdz6vhj2ye1d6lb96mk7rrp883d0','.eJxVjDsOwjAQBe_iGln2-kco6XMGa71r4wCypXwqxN0hUgpo38y8l4i4rTVuS57jxOIinBen3zEhPXLbCd-x3bqk3tZ5SnJX5EEXOXbOz-vh_h1UXOq3phAMkR4M-mItsAJNPNiAkBRlq7JTEKwx7qzVkAMgcFHIGFLRHnQR7w_6yze8:1vrre7:bokCsMPziDjdW3bUwWNRNgoGtK_0zvdpej9gpPzOnNU','2026-03-02 05:59:47.124622'),('3ctcy3exgl3gpcavbcago567t8tny13i','.eJxVjEsOwiAUAO_C2hDgmRZcuvcM5P0qVUOT0q6Md9eaLnQ7M5mnybguJa9N5zyKORnvzeEXEvJd62bkhvU6WZ7qMo9kt8TuttnLJPo47-3foGAr368bEvTgOEmnoEf0SBwBgkoIKB_du-AFIZIqa4pDJIddisrkkprXGwl2OLM:1varGK:jxo20YvGnhEgl8f0s80Uf48k7F3Ja2aYUl4LS3LYMeQ','2026-01-14 08:08:56.964521'),('3f543u9sacy5i31h0ecqlhlzt8ncub8o','.eJxVjDsOgzAQRO_iOrIw_uGU6TmDtfbuxiQRljBUUe4ekCgSaap5b-YtImxriVujJU4orkIHcfktE-QnzQfBB8z3KnOd12VK8lDkSZscK9Lrdrp_BwVa2deAjiwnbUgNLlvlEAbmhB1nTQoxhN6AzqF3zGjJKN976vYoz-QViM8XO005BA:1vkHjN:K2XpWUrMvXdswN5vMMlbdVU6BbGMnwFxGgl94_emmuQ','2026-02-09 08:13:53.409730'),('3fn8r9rie8myryh8ims5xs6iu6qtf96h','.eJxVjDsOwjAQBe_iGlneGMcbSnrOYHk_4ABypDipEHeHSCmgfTPzXibldSlpbTqnUczJdMEcfkfK_NC6EbnnepssT3WZR7KbYnfa7GUSfZ539--g5Fa-dfBOUCIAEqkXCajo_NVFJOmlh46RHAE7UOCBow_uqHHIxOo5iJj3BwtFOIo:1vc1wM:z1vIwf9dmAeAKHuiBX-nHPuNw2f9oJkzbjiOQ95Puv8','2026-01-17 13:45:10.927866'),('3fpu634orhffipoqcrv1943z2wnoso4b','.eJxVjDsOwjAQBe_iGln-r6Gkzxms9e6aBFAi5VMh7g6RUkD7Zua9VMFt7cu2yFwGVheVkjr9jhXpIeNO-I7jbdI0jes8VL0r-qCL7iaW5_Vw_w56XPpv7Y1j36zzFNhjcyanmjlJE0sQXcLIwcuZIEhoCBwBUgUga6JkQ0a9Pww5OAs:1vpjHV:G7sV_el5UxiRwwOsA1akYb9dvNwr3HcXoXYG5qs097Q','2026-02-24 08:39:37.185628'),('3jxpzkv35i8czhejtpfbcg8fzzo9sum6','.eJxVjDsOwjAQBe_iGlneGMcbSnrOYHk_4ABypDipEHeHSCmgfTPzXibldSlpbTqnUczJdMEcfkfK_NC6EbnnepssT3WZR7KbYnfa7GUSfZ539--g5Fa-dfBOUCIAEqkXCajo_NVFJOmlh46RHAE7UOCBow_uqHHIxOo5iJj3BwtFOIo:1vaqr9:VP9CGa1CQ4bblwuo4-j8kASc9uUnFkIG0uVPuu4mzTI','2026-01-14 07:42:55.740503'),('3k8fi6rxfvdpeiu769xhcsw09ol0tshb','.eJxVjM0OwiAQhN-FsyFQfrbx6N1nILssSNVAUtqT8d2VpAed43zfzEsE3LcS9p7WsLA4CyNOvx1hfKQ6AN-x3pqMrW7rQnIo8qBdXhun5-Vw_w4K9jLWlGcAD0qnrEhrYxiY7awm1pldBMeJLGb6xns0AHFy4DICIlky4v0B_WY45Q:1vaOPC:Obb1TP77UyBRlz8WOChybAWScLYJMN1SssH89HNA09E','2026-01-13 01:20:10.434713'),('3lg8lisiwq51gr8u6449vjxxt98054wt','.eJxVjEEOwiAQRe_C2hBgmBZcuvcMBGaoVA0kpV0Z765NutDtf-_9lwhxW0vYel7CzOIscBCn3zFFeuS6E77HemuSWl2XOcldkQft8to4Py-H-3dQYi_fmthRds57AKXQeXITg_EaYEwaPONktGGDWhG6bImRlDWZBhrRWu3F-wPwTDcp:1vfaij:UVS7IYqf5zV2xTe-9GDNyE9NR7nj24cf-gk3imVbs5s','2026-01-27 09:29:49.455245'),('3lpsnwdag2uoj4ktketit8y5jixpxka1','.eJxVjDsOwjAQBe_iGlneGMcbSnrOYHk_4ABypDipEHeHSCmgfTPzXibldSlpbTqnUczJdMEcfkfK_NC6EbnnepssT3WZR7KbYnfa7GUSfZ539--g5Fa-dfBOUCIAEqkXCajo_NVFJOmlh46RHAE7UOCBow_uqHHIxOo5iJj3BwtFOIo:1vTEse:gaOt_QntB4tOC8cq97VCOKYH5MhCoZpofNvXQClw1K4','2025-12-24 07:45:00.401710'),('3x5hlu423b3wpvxz6ctekhtjtla05vjb','.eJxVjDsOwjAQBe_iGlneGMcbSnrOYHk_4ABypDipEHeHSCmgfTPzXibldSlpbTqnUczJdMEcfkfK_NC6EbnnepssT3WZR7KbYnfa7GUSfZ539--g5Fa-dfBOUCIAEqkXCajo_NVFJOmlh46RHAE7UOCBow_uqHHIxOo5iJj3BwtFOIo:1vcNk6:d7hK8g3mHpAEUik2VyBT6XWxkQdpHjr-Q4XhjcHQuyM','2026-01-18 13:01:58.328017'),('3xm3enk0tth0mkfed2bpybkhttk45gzq','.eJxVjEsOwjAMBe-SNYqM0zgpS_Y9Q2UnDimgVupnhbg7VOoCtm9m3sv0vK213xad-yGbi0Fz-t2E00PHHeQ7j7fJpmlc50HsrtiDLrabsj6vh_t3UHmp3_rsVBx6IQcYInkW8EpAEqgNUCJEpoDogVuNiV2DgUpEaJpcVFI27w-xgjcQ:1vaPgz:veKg4z-DCDmu-9i_44eKXbn0tUzUbTiZ1fIqKwtCmFI','2026-01-13 02:42:37.452616'),('3zwtic2543l5jcsvc8yztuaa38xnkewi','.eJxVjMsOgjAUBf-la9O09EVduucbmt5HBTUlobAy_ruQsNDtmZnzFilv65i2xkuaSFyF1-LyO0LGJ9eD0CPX-yxxrusygTwUedImh5n4dTvdv4Mxt3GvA0cPkRSjMhg7cDEXV_pgHHurO4XkNBjqegJrLRa368EEZYo1jADi8wUNgzg_:1vnkPD:4J1Ow3ZxPLU1IzNfz5KSexNfezWX2GNoOpIqFjDotYQ','2026-02-18 21:27:23.808828'),('44bjiwja3lvtx337fgwcz7udk4yxmc43','.eJxVjEsOwjAMBe-SNYqM0zgpS_Y9Q2UnDimgVupnhbg7VOoCtm9m3sv0vK213xad-yGbi0Fz-t2E00PHHeQ7j7fJpmlc50HsrtiDLrabsj6vh_t3UHmp3_rsVBx6IQcYInkW8EpAEqgNUCJEpoDogVuNiV2DgUpEaJpcVFI27w-xgjcQ:1vXf8v:FjpyUmROXF53MPilgfOIdsVzOgg3VckimkpAvrpJp9U','2026-01-05 12:36:05.383545'),('485st5pdm22u1g0lrtu04alx3hj5hzso','.eJxVjDsOwjAQBe_iGln2-kco6XMGa71r4wCypXwqxN0hUgpo38y8l4i4rTVuS57jxOIinBen3zEhPXLbCd-x3bqk3tZ5SnJX5EEXOXbOz-vh_h1UXOq3phAMkR4M-mItsAJNPNiAkBRlq7JTEKwx7qzVkAMgcFHIGFLRHnQR7w_6yze8:1vnlXi:FW2xVHP0XMxF9qrutnovwL5kb92paB2u8oC5zQOQsgM','2026-02-18 22:40:14.699191'),('49diwzmyest9tv05gi3tawf48zc7cu71','.eJxVjDsOwjAQBe_iGlneGMcbSnrOYHk_4ABypDipEHeHSCmgfTPzXibldSlpbTqnUczJdMEcfkfK_NC6EbnnepssT3WZR7KbYnfa7GUSfZ539--g5Fa-dfBOUCIAEqkXCajo_NVFJOmlh46RHAE7UOCBow_uqHHIxOo5iJj3BwtFOIo:1vcefM:r5Ba85i-vMMcQq-q3XpQWx8zH8mZXH27rUeF2HbSL7Y','2026-01-19 07:06:12.364694'),('4ex76riywmffxjjkxdj60kb65q4k6p22','.eJxVjEEOwiAQRe_C2pAAhSku3XsGMjMMUjU0Ke3KeHdt0oVu_3vvv1TCba1p67KkKauz8l6dfkdCfkjbSb5ju82a57YuE-ld0Qft-jpneV4O9--gYq_f2mIZwIQIVAyzGQHBIoZgSkYkCjxER2UET2xRIHCULM4ZkRwjRlDvDypaOTo:1vfahq:M-Xt5E7Uh800-WfwQ3Rohtimbr6UuVAfW4OyieGopkc','2026-01-27 09:28:54.498077'),('4gkas1ob89nxudsydi4lakgdom70opw6','.eJxVjDsOwjAQBe_iGln-xE6Wkp4zWLvrNQkgR4qTCnF3iJQC2jcz76USbuuYtiZLmrI6q-DV6Xck5IfUneQ71tusea7rMpHeFX3Qpq9zluflcP8ORmzjty5MAw7WFkbuoffZ-Qi2K5IphGiAejHUERTrh2gcCoCVzkTh7NgGUO8PHf44QQ:1vfakt:Wno95y-cEjMVDv-1fyBgm4HUrMzCJwKtqRwv7oUFOfA','2026-01-27 09:32:03.177660'),('4ihlvgxc8ute4urthxdhc9k9w64ajuij','.eJxVjDsOwjAQBe_iGlneGMcbSnrOYHk_4ABypDipEHeHSCmgfTPzXibldSlpbTqnUczJdMEcfkfK_NC6EbnnepssT3WZR7KbYnfa7GUSfZ539--g5Fa-dfBOUCIAEqkXCajo_NVFJOmlh46RHAE7UOCBow_uqHHIxOo5iJj3BwtFOIo:1vbg7N:-V3LmdGP9cL67gG0rs0SJeAQ4BeFvYc2O7eugVDN-KE','2026-01-16 14:27:05.999957'),('4jlf9sw2cmta6wde8o6sk8k5h7ldqgmg','.eJxVjEsOwjAMBe-SNYqM0zgpS_Y9Q2UnDimgVupnhbg7VOoCtm9m3sv0vK213xad-yGbi0Fz-t2E00PHHeQ7j7fJpmlc50HsrtiDLrabsj6vh_t3UHmp3_rsVBx6IQcYInkW8EpAEqgNUCJEpoDogVuNiV2DgUpEaJpcVFI27w-xgjcQ:1vcHBx:10xTs5WV7B7PphEh8fnwtxToCoKw5nsRprTZb34dPpM','2026-01-18 06:02:17.629881'),('4m5gmvmk1zz9n27o5aie0qnzgxeytghf','.eJxVjEEOwiAQRe_C2pDCgAwu3fcMZGBAqoYmpV0Z765NutDtf-_9lwi0rTVsPS9hYnERSpx-t0jpkdsO-E7tNss0t3WZotwVedAux5nz83q4fweVev3WOhdUxgAiQ9YZMYLWAGCNs2dbhpIKG-tjIZdsUkjOMyut_GCAbSTx_gDJ8jd7:1vScGD:rtiXgnSoUQMQjSBUMWq-qBn-PErmWMUQckRm9VnJXow','2025-12-22 14:30:45.551787'),('4o5aavw3xooiw6bsyao8kaeeybyahw5e','.eJxVjDsOwjAQBe_iGln-r6Gkzxms9e6aBFAi5VMh7g6RUkD7Zua9VMFt7cu2yFwGVheVkjr9jhXpIeNO-I7jbdI0jes8VL0r-qCL7iaW5_Vw_w56XPpv7Y1j36zzFNhjcyanmjlJE0sQXcLIwcuZIEhoCBwBUgUga6JkQ0a9Pww5OAs:1vmcC2:VS9JG_gd_y2gi5Rz9GBx-s3ADMp7R9y6BRXxuF7V6e8','2026-02-15 18:29:06.806917'),('4q16owsdaxp3e80mx8vnyko4v85s97re','.eJxVjDsOwjAQBe_iGln2-kco6XMGa71r4wCypXwqxN0hUgpo38y8l4i4rTVuS57jxOIinBen3zEhPXLbCd-x3bqk3tZ5SnJX5EEXOXbOz-vh_h1UXOq3phAMkR4M-mItsAJNPNiAkBRlq7JTEKwx7qzVkAMgcFHIGFLRHnQR7w_6yze8:1vnl8M:imhNeaJHWB1QcD4NrnZYfN_oQArkksMFWiPLXGzPN4g','2026-02-18 22:14:02.796745'),('4rrixpmsg5ksmb6wbwey06wa9q8gda4w','.eJxVjEsOwiAUAO_C2hDgmRZcuvcM5P0qVUOT0q6Md9eaLnQ7M5mnybguJa9N5zyKORnvzeEXEvJd62bkhvU6WZ7qMo9kt8TuttnLJPo47-3foGAr368bEvTgOEmnoEf0SBwBgkoIKB_du-AFIZIqa4pDJIddisrkkprXGwl2OLM:1vY0Cg:9PD_2VhjZR8GDOGddpMzqExr1DQazOeBir9pUPn_VvI','2026-01-06 11:05:22.414760'),('4tgvq99kgl3u8djl2bo4stg4vrqle1ow','.eJxVjM0OwiAQhN-FsyFQfrbx6N1nILssSNVAUtqT8d2VpAed43zfzEsE3LcS9p7WsLA4CyNOvx1hfKQ6AN-x3pqMrW7rQnIo8qBdXhun5-Vw_w4K9jLWlGcAD0qnrEhrYxiY7awm1pldBMeJLGb6xns0AHFy4DICIlky4v0B_WY45Q:1vY0Cw:5DkuvJK34rWEroNXKtglXWIqYEfxA57SEYgdUYw8CJU','2026-01-06 11:05:38.924925'),('4ueyff7cimf8fusbqmy05clvftns98zc','.eJxVjEsOwiAUAO_C2hDgmRZcuvcM5P0qVUOT0q6Md9eaLnQ7M5mnybguJa9N5zyKORnvzeEXEvJd62bkhvU6WZ7qMo9kt8TuttnLJPo47-3foGAr368bEvTgOEmnoEf0SBwBgkoIKB_du-AFIZIqa4pDJIddisrkkprXGwl2OLM:1vaqyz:jxX6ilaCGL98NY0Jar6lkfyiZKfvvGq9fPrCJUZT6mw','2026-01-14 07:51:01.545408'),('4x34f6ede1vnpiykycjk9uyzobm50w2l','.eJxVjMsOwiAQRf-FtSHMQHm4dN9vIAyDUjU0Ke3K-O_apAvd3nPOfYmYtrXGrZclTizOYnDi9DtSyo_SdsL31G6zzHNbl4nkrsiDdjnOXJ6Xw_07qKnXbw0mZR2CK5g9a-OA7BXYAYMqZkBQqEzmYDVqAo_eAaiAJoC3AEwk3h_gaDZ2:1vkJE1:FxsWpusyQT5EIgwK5UbDNjtIjlpiL0-Cm7EUf-KDQ20','2026-02-09 09:49:37.450478'),('4xsf7okaalwp15h14e00krcyotlkxr59','.eJxVjEsOwjAMBe-SNYpwksYxS_Y9Q2U7KS2gVOpnhbg7VOoCtm9m3st0vK1Dty1l7sZsLiaY0-8mrI9Sd5DvXG-T1amu8yh2V-xBF9tOuTyvh_t3MPAyfOsoqSgmIYeFwaPkTNo7AE8pQaDI2QcBTOQJI2ITXARQof7caxPYvD_XYjc0:1vbflU:rXtQoFLMEjmcQoEJAzsnweqyhcP9bvJaJBNqz7yAVP8','2026-01-16 14:04:28.500718'),('53z4mtykdcznpl580xhc38kgzrub7nnz','.eJxVjDsOwjAQBe_iGln-xE6Wkp4zWLvrNQkgR4qTCnF3iJQC2jcz76USbuuYtiZLmrI6q-DV6Xck5IfUneQ71tusea7rMpHeFX3Qpq9zluflcP8ORmzjty5MAw7WFkbuoffZ-Qi2K5IphGiAejHUERTrh2gcCoCVzkTh7NgGUO8PHf44QQ:1vifcf:h5mCein0FrnhOP3YXdg8cAPFztH1N1LvgF0yQILHQEY','2026-02-04 21:20:17.167658'),('5b8uwfeypeu18hw443nl52rfj4zjuasa','.eJxVjDsOwjAQBe_iGllLcFibkj5niPbjxQGUSHFSIe4OkVJA-2bmvVxP61L6tea5H9RdXAB3-B2Z5JHHjeidxtvkZRqXeWC_KX6n1XeT5ud1d_8OCtXyrUUCtBYzNJqJo2o6QjTJJpiYKGBKyRQFARVie8YGGg6BlfGUzMy9PzR1OQ4:1vceau:KrIvGweTdy9rWkJftYSpc2WFLWQnW3_yBp3bW-RuzTA','2026-01-19 07:01:36.817639'),('5cdesvvl95qetals2eaz6d98zegyljqi','.eJxVjEsOwiAUAO_C2hDgmRZcuvcM5P0qVUOT0q6Md9eaLnQ7M5mnybguJa9N5zyKORnvzeEXEvJd62bkhvU6WZ7qMo9kt8TuttnLJPo47-3foGAr368bEvTgOEmnoEf0SBwBgkoIKB_du-AFIZIqa4pDJIddisrkkprXGwl2OLM:1vWsng:uTZx16I5WiTU7u8IFwdYHL8JlCb0KrXxQdlzuoeuScI','2026-01-03 08:58:56.998657'),('5do4ti8wgm0fbhjmrdmt2im1w308fatu','.eJxVjDsOwjAQBe_iGln4mw0lPWew1vYuDiBbipMKcXcSKQW0b2beWwRclxLWTnOYsrgIK06_W8T0pLqD_MB6bzK1usxTlLsiD9rlrWV6XQ_376BgL1sdPVHO6OCsB6_AIYGyOtkxGgUqOQ3MjvTIrFgbzzgY5RNYB3rzKInPF-LRN38:1vUMB9:dk8aJA_jr8yP2BBW_34GrKoH_D8zx3QQynNdMnobm88','2025-12-27 09:44:43.791524'),('5e6j16kigq426y7g31c7co5b9n9unrhp','.eJxVjEEOwiAQRe_C2pAJ0Jni0r1nIANMpWpoUtpV491tky50-997f1OB16WEtckcxqyuquvV5XeMnF5SD5KfXB-TTlNd5jHqQ9Enbfo-ZXnfTvfvoHArey3RsXgmIGPYIzm2QByBskPTCwLBEK0IGnTiAcG7ocvk_Q5tElSfLwBvN5A:1vkHjg:Oa5I7PiBHp4gH5Hy54E4bD-bRGu8nW4TeLHUQg-DqSQ','2026-02-09 08:14:12.746628'),('5imk6sne2j8at47wzxn0t60lksip267u','.eJxVjEsOwjAMBe-SNYrqVHFSluw5Q2TXMSmgROpnhbg7VOoCtm9m3ssk2taStiXPaRJzNmBOvxvT-Mh1B3Knemt2bHWdJ7a7Yg-62GuT_Lwc7t9BoaV86-h6FMAwoCq7oWMHgv2oAlEJRYAJMUP0oB4GIvbBO-1YNOQuQG_eH-IaOAA:1vHOwA:-9MhN1YBCkYEV_VjjBfalGulCnlnx8iS0bEhE6Gx_jQ','2025-11-21 16:03:42.093037'),('5phqassvtw0ly8y94cj850np955u7dhr','.eJxVjDsOwjAQBe_iGllLcFibkj5niPbjxQGUSHFSIe4OkVJA-2bmvVxP61L6tea5H9RdXAB3-B2Z5JHHjeidxtvkZRqXeWC_KX6n1XeT5ud1d_8OCtXyrUUCtBYzNJqJo2o6QjTJJpiYKGBKyRQFARVie8YGGg6BlfGUzMy9PzR1OQ4:1vcJWI:nUrxdw4eFkS4L-39_VgtA9aWxoQ7BUeSrM3izvU8xNU','2026-01-18 08:31:26.859930'),('5qrnkjuprtzzm8yv12xr9ugkkqap1o8n','.eJxVjEsOwjAMBe-SNYpwksYxS_Y9Q2U7KS2gVOpnhbg7VOoCtm9m3st0vK1Dty1l7sZsLiaY0-8mrI9Sd5DvXG-T1amu8yh2V-xBF9tOuTyvh_t3MPAyfOsoqSgmIYeFwaPkTNo7AE8pQaDI2QcBTOQJI2ITXARQof7caxPYvD_XYjc0:1vaqgI:Ew6aS_tZvE6oMqTW_TeSBNlii5qa4H3oQ8Tq0fAav80','2026-01-14 07:31:42.293233'),('5t983f8f19o0whba3wqnz580unhx344h','.eJxVjEsOwjAMBe-SNYqM0zgpS_Y9Q2UnDimgVupnhbg7VOoCtm9m3sv0vK213xad-yGbi0Fz-t2E00PHHeQ7j7fJpmlc50HsrtiDLrabsj6vh_t3UHmp3_rsVBx6IQcYInkW8EpAEqgNUCJEpoDogVuNiV2DgUpEaJpcVFI27w-xgjcQ:1vaPW8:IZ6mKed8HoMg-ApS84w_Mz32sKJjH7BOG60OVIvjq00','2026-01-13 02:31:24.395462'),('5tf42q2x0t4580jxi8p36bljdm5lg2r7','.eJxVjDsOwjAQBe_iGln-LpiSPmewdtc2DiBHipMKcXdkKQW0b2beW0Tctxr3ntc4J3EV4MXpdyTkZ26DpAe2-yJ5ads6kxyKPGiX05Ly63a4fwcVex01lZDYG9DBcmEGsI600hicAeTAJjM5uCQu5HU4G2UzF_SkyIBNKD5fKMQ46Q:1vmdcw:QE_AoWDaOk0_UMhHrVHDdkzINn4KIZYrU3JV7pIpsvc','2026-02-15 20:00:58.286763'),('5ugnfpuf2wa8x51puj3ykhbk98h92tba','.eJxVjEsOwiAUAO_C2hDgmRZcuvcM5P0qVUOT0q6Md9eaLnQ7M5mnybguJa9N5zyKORnvzeEXEvJd62bkhvU6WZ7qMo9kt8TuttnLJPo47-3foGAr368bEvTgOEmnoEf0SBwBgkoIKB_du-AFIZIqa4pDJIddisrkkprXGwl2OLM:1vaPmp:gf-HUyLJQRArAqjMYB-fruquA2U5sE5Q4UGfSqvwLOU','2026-01-13 02:48:39.906957'),('5uqu83ccfec1k2cudtxyx071o8g3t2eu','.eJxVjMsOgjAUBf-la9O09EVduucbmt5HBTUlobAy_ruQsNDtmZnzFilv65i2xkuaSFyF1-LyO0LGJ9eD0CPX-yxxrusygTwUedImh5n4dTvdv4Mxt3GvA0cPkRSjMhg7cDEXV_pgHHurO4XkNBjqegJrLRa368EEZYo1jADi8wUNgzg_:1vrri3:pB6Sf38lzSOpUeDtLjlbLVLh0u62WX4A6nNTVIah_eE','2026-03-02 06:03:51.042144'),('5we74u8mzr9vqcu0gd35ekexgdzip7n9','.eJxVjEsOwiAUAO_C2hDgmRZcuvcM5P0qVUOT0q6Md9eaLnQ7M5mnybguJa9N5zyKORnvzeEXEvJd62bkhvU6WZ7qMo9kt8TuttnLJPo47-3foGAr368bEvTgOEmnoEf0SBwBgkoIKB_du-AFIZIqa4pDJIddisrkkprXGwl2OLM:1vaqBq:TYItceOYCu73qXy-eZiQa6ibpNkhaiZwo1N39TsZ0K4','2026-01-14 07:00:14.536003'),('5z2ocstu6ge91qmi33jntfcj9idw3ao2','.eJxVjDsOwjAQBe_iGlneGMcbSnrOYHk_4ABypDipEHeHSCmgfTPzXibldSlpbTqnUczJdMEcfkfK_NC6EbnnepssT3WZR7KbYnfa7GUSfZ539--g5Fa-dfBOUCIAEqkXCajo_NVFJOmlh46RHAE7UOCBow_uqHHIxOo5iJj3BwtFOIo:1vSxjf:uqjO3lUG12BKwvoHaGCxVMWfAvTxut4DrNfLqlHJAy8','2025-12-23 13:26:35.945962'),('63kqj4lkw4u0xpmorvtpe7wd5ct8z3ew','.eJxVjEsOwjAMBe-SNYqM0zgpS_Y9Q2UnDimgVupnhbg7VOoCtm9m3sv0vK213xad-yGbi0Fz-t2E00PHHeQ7j7fJpmlc50HsrtiDLrabsj6vh_t3UHmp3_rsVBx6IQcYInkW8EpAEqgNUCJEpoDogVuNiV2DgUpEaJpcVFI27w-xgjcQ:1vaPhr:0_9ZQMswlhzMKIYyP_5g-ewrcu7erVwG6tyjJs-rN0I','2026-01-13 02:43:31.934866'),('642s5l2uya7b0cavoxyg95xx08o0xn0q','.eJxVjEsOwiAUAO_C2hDgmRZcuvcM5P0qVUOT0q6Md9eaLnQ7M5mnybguJa9N5zyKORnvzeEXEvJd62bkhvU6WZ7qMo9kt8TuttnLJPo47-3foGAr368bEvTgOEmnoEf0SBwBgkoIKB_du-AFIZIqa4pDJIddisrkkprXGwl2OLM:1vTD6M:TcjAkeQxUKZbCIuvh3oRb4akcnlx77lguIe_idUAZ5M','2025-12-24 05:51:02.254284'),('655xd1rogi5hta82a19n7e04s16jemgw','.eJxVjEsOwjAMBe-SNYpwksYxS_Y9Q2U7KS2gVOpnhbg7VOoCtm9m3st0vK1Dty1l7sZsLiaY0-8mrI9Sd5DvXG-T1amu8yh2V-xBF9tOuTyvh_t3MPAyfOsoqSgmIYeFwaPkTNo7AE8pQaDI2QcBTOQJI2ITXARQof7caxPYvD_XYjc0:1vbfrw:O7Hodqql2c0gXEWdvYaN1WBHHFRp4SxAPs4gAGaTcUY','2026-01-16 14:11:08.694132'),('6aea5zjkatqny00sq0u91ydx0kktdo35','.eJxVjDsOwjAQBe_iGlmx17-lpOcMlte7wgGUSHFSIe4OkVJA-2bmvVQu29ry1mXJI6uzMkGdfkcq9SHTTvheptus6zyty0h6V_RBu77OLM_L4f4dtNLbtwYAYeRoglC04jBY9EABIwDTkFz16CuSSbYmR4kkDdYxeBvEJST1_gDsiTc4:1vaqg3:hslV5pk5F4lXHq9ezFI3vmSV2Ecg3JKs5iC794KskBA','2026-01-14 07:31:27.804382'),('6af1xzek0kwayyy1r581o4jsgupiky5z','.eJxVjMsOwiAQRf-FtSFAeY1L934DgWGQqoGktCvjv2uTLnR7zzn3xULc1hq2QUuYMzszA-z0O6aID2o7yffYbp1jb-syJ74r_KCDX3um5-Vw_w5qHPVb6yisV84YpUTWGjAVRwhQhPcFQIJzSWdjnUSaCAt4FGoCWWIGq0Cz9wfv3Td9:1viSAg:YSSIe5IuO9qeMS7FA6YR6-s0Y4ht-ZFOk2Onrv15s70','2026-02-04 06:58:30.399855'),('6baxzpsb5ceoidmz54v2m8ko8a8p8c85','.eJxVjMsOwiAQRf-FtSHMQHm4dN9vIAyDUjU0Ke3K-O_apAvd3nPOfYmYtrXGrZclTizOYnDi9DtSyo_SdsL31G6zzHNbl4nkrsiDdjnOXJ6Xw_07qKnXbw0mZR2CK5g9a-OA7BXYAYMqZkBQqEzmYDVqAo_eAaiAJoC3AEwk3h_gaDZ2:1vkHlR:3hemgV0XPouRBUYxvVKx1py8--bigfzCvB-SIt_Y-rA','2026-02-09 08:16:01.948324'),('6cp12yjx8zwnzrpn96ab3nqumtegf8k6','.eJxVjDsOwjAQBe_iGln4mw0lPWew1vYuDiBbipMKcXcSKQW0b2beWwRclxLWTnOYsrgIK06_W8T0pLqD_MB6bzK1usxTlLsiD9rlrWV6XQ_376BgL1sdPVHO6OCsB6_AIYGyOtkxGgUqOQ3MjvTIrFgbzzgY5RNYB3rzKInPF-LRN38:1vXfCv:_QNuAUgVvEJY7F-gxGgNU0GOkwnOt_q7xF38OYo6FzY','2026-01-05 12:40:13.210868'),('6i7kiorvjkiffdldf3ohvmeaw5aubmmu','.eJxVjDsOwjAQBe_iGlneGMcbSnrOYHk_4ABypDipEHeHSCmgfTPzXibldSlpbTqnUczJdMEcfkfK_NC6EbnnepssT3WZR7KbYnfa7GUSfZ539--g5Fa-dfBOUCIAEqkXCajo_NVFJOmlh46RHAE7UOCBow_uqHHIxOo5iJj3BwtFOIo:1vc2EJ:aEqGOmEtbnqYkH6NZL8MaXnTjdUkXcRm8E6CjFePF-Y','2026-01-17 14:03:43.475258'),('6iufrc2rj8ygv65p1l80xrp6jdi9setc','.eJxVjEEOwiAQRe_C2hBgmBZcuvcMBGaoVA0kpV0Z765NutDtf-_9lwhxW0vYel7CzOIscBCn3zFFeuS6E77HemuSWl2XOcldkQft8to4Py-H-3dQYi_fmthRds57AKXQeXITg_EaYEwaPONktGGDWhG6bImRlDWZBhrRWu3F-wPwTDcp:1vitK1:bI37gi8RCjyKHSrj20Cq64QrAt15EwRV9dIUHB4VAQU','2026-02-05 11:57:57.070118'),('6jjsqv7um822qged6ar8ig7ncji443ds','.eJxVjDsOwjAQBe_iGlmx17-lpOcMlte7wgGUSHFSIe4OkVJA-2bmvVQu29ry1mXJI6uzMkGdfkcq9SHTTvheptus6zyty0h6V_RBu77OLM_L4f4dtNLbtwYAYeRoglC04jBY9EABIwDTkFz16CuSSbYmR4kkDdYxeBvEJST1_gDsiTc4:1vTPdt:k988hJYSiUM4oKQn03z7ir4exJFpMxbxpBwg3x7QZv8','2025-12-24 19:14:29.731454'),('6k0fm9crt4dh8vdx1yf7ipg5z9xt9wyw','.eJxVjDsOwjAQBe_iGllLcFibkj5niPbjxQGUSHFSIe4OkVJA-2bmvVxP61L6tea5H9RdXAB3-B2Z5JHHjeidxtvkZRqXeWC_KX6n1XeT5ud1d_8OCtXyrUUCtBYzNJqJo2o6QjTJJpiYKGBKyRQFARVie8YGGg6BlfGUzMy9PzR1OQ4:1vcJX3:erExBrKqnpXfTh9eiPbokuHgVf-TxMi2DSkGdzg0dt4','2026-01-18 08:32:13.800207'),('6k8wsdyw3pc7mii15s56d05wdsxhe7bv','.eJxVjEsOwjAMBe-SNYpwksYxS_Y9Q2U7KS2gVOpnhbg7VOoCtm9m3st0vK1Dty1l7sZsLiaY0-8mrI9Sd5DvXG-T1amu8yh2V-xBF9tOuTyvh_t3MPAyfOsoqSgmIYeFwaPkTNo7AE8pQaDI2QcBTOQJI2ITXARQof7caxPYvD_XYjc0:1vbfqa:WkexH1p1PT2XjOTtZM0aFyAnxm0lSMnXvi-cq66RIEI','2026-01-16 14:09:44.950914'),('6kkyn47p0ibulokhz2vt3lyhdxpeb3cl','.eJxVjEEOwiAQRe_C2hBgmBZcuvcMBGaoVA0kpV0Z765NutDtf-_9lwhxW0vYel7CzOIscBCn3zFFeuS6E77HemuSWl2XOcldkQft8to4Py-H-3dQYi_fmthRds57AKXQeXITg_EaYEwaPONktGGDWhG6bImRlDWZBhrRWu3F-wPwTDcp:1vj1K0:V8E3oUuKL_yPHf6ZUMQyVAJJoMR_i2bRlhjIFPLPSJg','2026-02-05 20:30:28.888795'),('6r5e4auj45pwskcctmse3i8ehvafgqeg','.eJxVjDsOwyAQBe9CHSHAfFOm9xkQ612CkwgkY1dR7h5bcpG0b2bem8W0rSVunZY4I7syxS6_G6TpSfUA-Ej13vjU6rrMwA-Fn7TzsSG9bqf7d1BSL3strFGDk8EOFLQjIRE9WglKCE85BRC0G04jOQsKjR40ZC-DUsZClo59vriaNuk:1vSdUN:Jtc4KgT0jEnzWuIwqqoozlYwhAzZM2ZRFo3v4gEVEPc','2025-12-22 15:49:27.367930'),('6sldyn67eobxkaonk0biswrqg9ropv7v','.eJxVjDsOgzAQRO_iOrIw_uGU6TmDtfbuxiQRljBUUe4ekCgSaap5b-YtImxriVujJU4orkIHcfktE-QnzQfBB8z3KnOd12VK8lDkSZscK9Lrdrp_BwVa2deAjiwnbUgNLlvlEAbmhB1nTQoxhN6AzqF3zGjJKN976vYoz-QViM8XO005BA:1vr901:bgU57_unBqnWh1PltqkvgXfOszPV9eIFSUAnBECOEWc','2026-02-28 06:19:25.448042'),('6w1fdfu4f4mgvnuyws6ra0d8t4fanb02','.eJxVjDsOwjAQBe_iGlneGMcbSnrOYHk_4ABypDipEHeHSCmgfTPzXibldSlpbTqnUczJdMEcfkfK_NC6EbnnepssT3WZR7KbYnfa7GUSfZ539--g5Fa-dfBOUCIAEqkXCajo_NVFJOmlh46RHAE7UOCBow_uqHHIxOo5iJj3BwtFOIo:1vbsSZ:m6NJeH_8Re41xXgbN7eBb_oJj6tICWcdTzl-vSXSklU','2026-01-17 03:37:47.591869'),('6y2kyjjp7no7i9148w6na48yhczw1r9z','.eJxVjMsOgjAUBf-la9O09EVduucbmt5HBTUlobAy_ruQsNDtmZnzFilv65i2xkuaSFyF1-LyO0LGJ9eD0CPX-yxxrusygTwUedImh5n4dTvdv4Mxt3GvA0cPkRSjMhg7cDEXV_pgHHurO4XkNBjqegJrLRa368EEZYo1jADi8wUNgzg_:1vnkIy:xxkPkXJI_QJrO-sbXnZqllypE1V3vYMqtui6l6oALvM','2026-02-18 21:20:56.739754'),('70ygynmrixr99h8q1fg0f1gbtalrgh9b','.eJxVjEEOwiAQRe_C2hBgmBZcuvcMBGaoVA0kpV0Z765NutDtf-_9lwhxW0vYel7CzOIscBCn3zFFeuS6E77HemuSWl2XOcldkQft8to4Py-H-3dQYi_fmthRds57AKXQeXITg_EaYEwaPONktGGDWhG6bImRlDWZBhrRWu3F-wPwTDcp:1vifdG:_fTG9YZlLEBjwvNafV18MGrS5yhE4_mzG0mrNEkZN_k','2026-02-04 21:20:54.089602'),('71k1je6gyxs3e5vz5o2q118zec1enfmy','.eJxVjDsOwjAQBe_iGlneGMcbSnrOYHk_4ABypDipEHeHSCmgfTPzXibldSlpbTqnUczJdMEcfkfK_NC6EbnnepssT3WZR7KbYnfa7GUSfZ539--g5Fa-dfBOUCIAEqkXCajo_NVFJOmlh46RHAE7UOCBow_uqHHIxOo5iJj3BwtFOIo:1vauWH:ocB7mtWqS09-ZtfQM80g-yhQ8w2RoVGFkxFKPWMJaJo','2026-01-14 11:37:37.142620'),('721chzhwooe7xgbute5lju8wa4cqt3z7','.eJxVjEsOwiAUAO_C2hDgmRZcuvcM5P0qVUOT0q6Md9eaLnQ7M5mnybguJa9N5zyKORnvzeEXEvJd62bkhvU6WZ7qMo9kt8TuttnLJPo47-3foGAr368bEvTgOEmnoEf0SBwBgkoIKB_du-AFIZIqa4pDJIddisrkkprXGwl2OLM:1vTdwf:DO3e1sgCiCHprQtn8R1xxgueo2taaQfwLk8r5sVJdoo','2025-12-25 10:30:49.492401'),('76q8rmj4vqpd6oe0uls4vxfvfqm99n4r','.eJxVjM0OwiAQhN-FsyFQfrbx6N1nILssSNVAUtqT8d2VpAed43zfzEsE3LcS9p7WsLA4CyNOvx1hfKQ6AN-x3pqMrW7rQnIo8qBdXhun5-Vw_w4K9jLWlGcAD0qnrEhrYxiY7awm1pldBMeJLGb6xns0AHFy4DICIlky4v0B_WY45Q:1vSsIu:aONJKpKA3VqXXZDQGUiLsKdOE-fkhqQsgjnlqx4u6sw','2025-12-23 07:38:36.268526'),('76qepphxwtviqgjtqoxeqwze2xaj9oxq','.eJxVjEsOwiAUAO_C2hDgmRZcuvcM5P0qVUOT0q6Md9eaLnQ7M5mnybguJa9N5zyKORnvzeEXEvJd62bkhvU6WZ7qMo9kt8TuttnLJPo47-3foGAr368bEvTgOEmnoEf0SBwBgkoIKB_du-AFIZIqa4pDJIddisrkkprXGwl2OLM:1vTkL1:v117XhbLI3lMNts1ocINzS3Q-YfvZlyv_3tEizpPPJk','2025-12-25 17:20:23.952360'),('7akmwmzvfhj5uzh0cizvj9vp43qwvwy0','.eJxVjEsOwjAMBe-SNYqM0zgpS_Y9Q2UnDimgVupnhbg7VOoCtm9m3sv0vK213xad-yGbi0Fz-t2E00PHHeQ7j7fJpmlc50HsrtiDLrabsj6vh_t3UHmp3_rsVBx6IQcYInkW8EpAEqgNUCJEpoDogVuNiV2DgUpEaJpcVFI27w-xgjcQ:1vSww4:1x5xbJL-3WvR4-SvkRDpf3hO2WJNfzwni9OHXLO8FP0','2025-12-23 12:35:20.956230'),('7nyx4wx0lvku8ywvmpbhm6uyy6osz3ka','.eJxVjEEOwiAQRe_C2pAAhSku3XsGMjMMUjU0Ke3KeHdt0oVu_3vvv1TCba1p67KkKauz8l6dfkdCfkjbSb5ju82a57YuE-ld0Qft-jpneV4O9--gYq_f2mIZwIQIVAyzGQHBIoZgSkYkCjxER2UET2xRIHCULM4ZkRwjRlDvDypaOTo:1vkGKx:EVoj3Sg4ySYvsNWI3EVJy0hOznT1beMi1oM5k2R_VLM','2026-02-09 06:44:35.716893'),('7sdeczxf47wo9m1xe618fncs4r313kwm','.eJxVjDsOwjAQBe_iGln-xE6Wkp4zWLvrNQkgR4qTCnF3iJQC2jcz76USbuuYtiZLmrI6q-DV6Xck5IfUneQ71tusea7rMpHeFX3Qpq9zluflcP8ORmzjty5MAw7WFkbuoffZ-Qi2K5IphGiAejHUERTrh2gcCoCVzkTh7NgGUO8PHf44QQ:1vfZ7I:cIZa2niRTM89SuKCBigODSAwSnwtqw_68jwra5VFH2Y','2026-01-27 07:47:04.757174'),('7t1w6psoh5yku82j1qudnseno69qm7wj','.eJxVjDsOwjAQBe_iGlneGMcbSnrOYHk_4ABypDipEHeHSCmgfTPzXibldSlpbTqnUczJdMEcfkfK_NC6EbnnepssT3WZR7KbYnfa7GUSfZ539--g5Fa-dfBOUCIAEqkXCajo_NVFJOmlh46RHAE7UOCBow_uqHHIxOo5iJj3BwtFOIo:1vbuaw:xZ9xvu9xrtaS_QBhS-Op9zVTxFJ4Qzlmwlonzjv81Wo','2026-01-17 05:54:34.875925'),('87y8wxmo05exs4jfzdmxntj6za5z0lbe','.eJxVjMEOwiAQRP-FsyFdFNh69N5vIAu7SNXQpLQn47_bJj3oZQ7z3sxbBVqXEtYmcxhZXZUz6vRbRkpPqTvhB9X7pNNUl3mMelf0QZseJpbX7XD_Dgq1sq0zJiSHZBMb8Tl23uIFGSDL2QjG3oOJrkMnjqxndt5bgJ6SbAlA6vMFFII36A:1vpjIU:gW1q2IQP8j1a0ZtT_g4NyUAZgatVc8RpiOCO-busnvk','2026-02-24 08:40:38.109552'),('89vnyou69ydm2xlsw155jmukfd5jc64p','.eJxVjDsOwjAQBe_iGln-fyjpOYO1Xq9xADlSnFSIu0OkFNC-mXkvlmBbW9oGLWkq7MycZqffMQM-qO-k3KHfZo5zX5cp813hBx38Ohd6Xg7376DBaN86K7KONHowIWJwMthcLXlXIQchAZ1GikWY4KkKjMroHD1AVSA1OsPeHxo6OHQ:1vnmEQ:mOS05oXVDU5jPK0uXIwljBkY_WX97Z2ShC6Weo-PBEw','2026-02-18 23:24:22.122568'),('8avkt3gqbwwgx4dgyrf9vfzquh13whly','.eJxVjDsOwjAQBe_iGlneGMcbSnrOYHk_4ABypDipEHeHSCmgfTPzXibldSlpbTqnUczJdMEcfkfK_NC6EbnnepssT3WZR7KbYnfa7GUSfZ539--g5Fa-dfBOUCIAEqkXCajo_NVFJOmlh46RHAE7UOCBow_uqHHIxOo5iJj3BwtFOIo:1vaquL:sy26Hu8x7KMQ0ak6Fyfv8wHL7HelDH0hoJZnRo8r-J0','2026-01-14 07:46:13.948354'),('8awummllzwuef6b1xmfteyqir7m3amsp','.eJxVjEsOwiAUAO_C2hDgmRZcuvcM5P0qVUOT0q6Md9eaLnQ7M5mnybguJa9N5zyKORnvzeEXEvJd62bkhvU6WZ7qMo9kt8TuttnLJPo47-3foGAr368bEvTgOEmnoEf0SBwBgkoIKB_du-AFIZIqa4pDJIddisrkkprXGwl2OLM:1vap5Q:SlI6ZGrNn2gnfAhvhswTUgTQxvOU9bWslFcqcGGvY9c','2026-01-14 05:49:32.373895'),('8dtjwg3fcscm2x2uqgqcxfixwr9j2vq9','.eJxVjDsOwjAQBe_iGlneGMcbSnrOYHk_4ABypDipEHeHSCmgfTPzXibldSlpbTqnUczJdMEcfkfK_NC6EbnnepssT3WZR7KbYnfa7GUSfZ539--g5Fa-dfBOUCIAEqkXCajo_NVFJOmlh46RHAE7UOCBow_uqHHIxOo5iJj3BwtFOIo:1vcdqu:cWVLlu878pcTnk3_-XTNdRFORq-iBFvyL6g48L_AdfA','2026-01-19 06:14:04.230445'),('8ekw0ipnxj8f3tp5zbox8qhg2w2ujsy6','.eJxVjMsOwiAQRf-FtSHMQHm4dN9vIAyDUjU0Ke3K-O_apAvd3nPOfYmYtrXGrZclTizOYnDi9DtSyo_SdsL31G6zzHNbl4nkrsiDdjnOXJ6Xw_07qKnXbw0mZR2CK5g9a-OA7BXYAYMqZkBQqEzmYDVqAo_eAaiAJoC3AEwk3h_gaDZ2:1visbc:NXjtoOyYx-ZHRrN_RsZ9_AQX0LMPH5hZoJBLgHy8K5A','2026-02-05 11:12:04.458644'),('8g5zzdtk3h0ms4t80aj3vvojc4mxjyur','.eJxVjDsOgzAQRO_iOrIw_uGU6TmDtfbuxiQRljBUUe4ekCgSaap5b-YtImxriVujJU4orkIHcfktE-QnzQfBB8z3KnOd12VK8lDkSZscK9Lrdrp_BwVa2deAjiwnbUgNLlvlEAbmhB1nTQoxhN6AzqF3zGjJKN976vYoz-QViM8XO005BA:1vfYxU:kLH0b3NMWrf0J-sGl05ZxCfwy9mWjLuaCA_ccnKoPwo','2026-01-27 07:36:56.426244'),('8jya1go1i48gwgfye33m7joufz8klg6f','.eJxVjEsOwjAMBe-SNYrqVHFSluw5Q2TXMSmgROpnhbg7VOoCtm9m3ssk2taStiXPaRJzNmBOvxvT-Mh1B3Knemt2bHWdJ7a7Yg-62GuT_Lwc7t9BoaV86-h6FMAwoCq7oWMHgv2oAlEJRYAJMUP0oB4GIvbBO-1YNOQuQG_eH-IaOAA:1vHOwC:_M0Ix7K4e3trU_qXT9-sy92-nI_h5Yl_4EpQ7ZrN-3U','2025-11-21 16:03:44.077855'),('8kgkasi4e304ioechdvj3zjuhsgqos53','.eJxVjEEOwiAQRe_C2hBgmBZcuvcMBGaoVA0kpV0Z765NutDtf-_9lwhxW0vYel7CzOIscBCn3zFFeuS6E77HemuSWl2XOcldkQft8to4Py-H-3dQYi_fmthRds57AKXQeXITg_EaYEwaPONktGGDWhG6bImRlDWZBhrRWu3F-wPwTDcp:1viRRC:Sr5Vsg7SPZ0iT4T8s3ejS2VCDt3Vcok8FsC-W3cs0fI','2026-02-04 06:11:30.155852'),('8p5uvf0mcoa9ydx2wf5xqkxn1ixi3183','.eJxVjEsOwjAMBe-SNYqM0zgpS_Y9Q2UnDimgVupnhbg7VOoCtm9m3sv0vK213xad-yGbi0Fz-t2E00PHHeQ7j7fJpmlc50HsrtiDLrabsj6vh_t3UHmp3_rsVBx6IQcYInkW8EpAEqgNUCJEpoDogVuNiV2DgUpEaJpcVFI27w-xgjcQ:1vaPXe:xqIC9IaNraBxSQ1KwK6F9hU90y7qrJ_6-Y5SB0BTBys','2026-01-13 02:32:58.326495'),('8p9qi6llynmd1nylmehrq3de5ob80bsd','.eJxVjEEOwiAQRe_C2hBgmBZcuvcMBGaoVA0kpV0Z765NutDtf-_9lwhxW0vYel7CzOIscBCn3zFFeuS6E77HemuSWl2XOcldkQft8to4Py-H-3dQYi_fmthRds57AKXQeXITg_EaYEwaPONktGGDWhG6bImRlDWZBhrRWu3F-wPwTDcp:1viUoW:9LBqfOdwAsenIPn68uYKLNuK24EUiPjvuRS4O1EcJ14','2026-02-04 09:47:48.655734'),('8qg2zjb9n9omstsanqf9f0scmbaka863','.eJxVjMsOgjAUBf-la9O09EVduucbmt5HBTUlobAy_ruQsNDtmZnzFilv65i2xkuaSFyF1-LyO0LGJ9eD0CPX-yxxrusygTwUedImh5n4dTvdv4Mxt3GvA0cPkRSjMhg7cDEXV_pgHHurO4XkNBjqegJrLRa368EEZYo1jADi8wUNgzg_:1vkHrw:zPQLK4hyeN535Gg5MKVD6guJ5Cd7DXpnwzL_dgWd_6E','2026-02-09 08:22:44.076612'),('8snktahyv6726b457lqxcjm8h2rs6mdo','.eJxVjEsOwjAMBe-SNYqM0zgpS_Y9Q2UnDimgVupnhbg7VOoCtm9m3sv0vK213xad-yGbi0Fz-t2E00PHHeQ7j7fJpmlc50HsrtiDLrabsj6vh_t3UHmp3_rsVBx6IQcYInkW8EpAEqgNUCJEpoDogVuNiV2DgUpEaJpcVFI27w-xgjcQ:1vSwe2:VLTqnCB2bN92fLUsp4lu7gdsZX8gH_rQzsOwJ3603lU','2025-12-23 12:16:42.721506'),('8sph0b9i9698sqv4wln9huliqkq45jsx','.eJxVjDsOwjAQBe_iGlneGMcbSnrOYHk_4ABypDipEHeHSCmgfTPzXibldSlpbTqnUczJdMEcfkfK_NC6EbnnepssT3WZR7KbYnfa7GUSfZ539--g5Fa-dfBOUCIAEqkXCajo_NVFJOmlh46RHAE7UOCBow_uqHHIxOo5iJj3BwtFOIo:1vcQB3:1qn7cDuk-Cvy9BnXiX8I4y1-SrmgOu38ZJLXdPWLlRQ','2026-01-18 15:37:57.750141'),('8wzobyya6wp2035n8ly2bynlmgzci1tl','.eJxVjEsOwiAUAO_C2hDgmRZcuvcM5P0qVUOT0q6Md9eaLnQ7M5mnybguJa9N5zyKORnvzeEXEvJd62bkhvU6WZ7qMo9kt8TuttnLJPo47-3foGAr368bEvTgOEmnoEf0SBwBgkoIKB_du-AFIZIqa4pDJIddisrkkprXGwl2OLM:1vX0e3:lVRG2wxXqCqIVX3Q8RDwe8YbjxMs4g_IiKRifYVjJm0','2026-01-03 17:21:31.386544'),('8x6yhti266q87usqbzyk5cveetxn9h4h','.eJxVjMsOwiAURP-FtSFXytOle7-BwL0gVQNJaVfGf5cmXehuMnPOvJkP21r81tPiZ2IXph07_ZYx4DPVfaFHqPfGsdV1mSPfEX6snd8apdf1YP8OSuhl2EFYoSPmKWR0pMBFxKyEJGcySDOSAKsRgSRKSFYMASiJMyozkQP2-QIc5zgE:1vpjFj:X2RWOhYWY3Nb4-BMg9adjq6_LqucCQsGh6gjXNtT0zM','2026-02-24 08:37:47.699782'),('8xhytjkylbggv347ai8yfnh4gu8rw37o','.eJxVjEsOwjAMBe-SNYpwksYxS_Y9Q2U7KS2gVOpnhbg7VOoCtm9m3st0vK1Dty1l7sZsLiaY0-8mrI9Sd5DvXG-T1amu8yh2V-xBF9tOuTyvh_t3MPAyfOsoqSgmIYeFwaPkTNo7AE8pQaDI2QcBTOQJI2ITXARQof7caxPYvD_XYjc0:1vavHD:EEkdGKww9g2G8sbwrSUzCWAz02POMud-Ge35cI2QJpc','2026-01-14 12:26:07.553259'),('91sv90xpjw8ag9wh13m9duvmpd2d7sd6','.eJxVjEsOwiAUAO_C2hDgmRZcuvcM5P0qVUOT0q6Md9eaLnQ7M5mnybguJa9N5zyKORnvzeEXEvJd62bkhvU6WZ7qMo9kt8TuttnLJPo47-3foGAr368bEvTgOEmnoEf0SBwBgkoIKB_du-AFIZIqa4pDJIddisrkkprXGwl2OLM:1vWnxu:XpQn-pUw2OJ3WoVhqomIOAijkdlKxvA0g7GU0r9lI-4','2026-01-03 03:49:10.124127'),('9cy74y6pbaaainthpr90phkflbqce020','.eJxVjDsOwjAQBe_iGlmx17-lpOcMlte7wgGUSHFSIe4OkVJA-2bmvVQu29ry1mXJI6uzMkGdfkcq9SHTTvheptus6zyty0h6V_RBu77OLM_L4f4dtNLbtwYAYeRoglC04jBY9EABIwDTkFz16CuSSbYmR4kkDdYxeBvEJST1_gDsiTc4:1vTICF:VykfoJP_90RVZTFZo36uNaE954NG2hY3Ot38_ppU0Kc','2025-12-24 11:17:27.926797'),('9g35zx4z12kv6nlpbrbws2q51pg9vlmm','.eJxVjDsOwjAQBe_iGln4mw0lPWew1vYuDiBbipMKcXcSKQW0b2beWwRclxLWTnOYsrgIK06_W8T0pLqD_MB6bzK1usxTlLsiD9rlrWV6XQ_376BgL1sdPVHO6OCsB6_AIYGyOtkxGgUqOQ3MjvTIrFgbzzgY5RNYB3rzKInPF-LRN38:1vXwna:vPAXgR6tobVcrSzv8WQcPqdG2DZTucJ9Z_iXrWh_lzw','2026-01-06 07:27:14.480916'),('9g5czzjksfcj51shesqg60lv5bf8c9mp','.eJxVjEEOwiAQRe_C2pAJ0Jni0r1nIANMpWpoUtpV491tky50-997f1OB16WEtckcxqyuquvV5XeMnF5SD5KfXB-TTlNd5jHqQ9Enbfo-ZXnfTvfvoHArey3RsXgmIGPYIzm2QByBskPTCwLBEK0IGnTiAcG7ocvk_Q5tElSfLwBvN5A:1vr90i:qM1Z4OnE5PoANQzRM379onCj6q56lN3qt--RhUkB4FM','2026-02-28 06:20:08.895812'),('9hjddud1ubjohts4okpqmtbxumvwh2yw','.eJxVjEsOwjAMBe-SNYpwksYxS_Y9Q2U7KS2gVOpnhbg7VOoCtm9m3st0vK1Dty1l7sZsLiaY0-8mrI9Sd5DvXG-T1amu8yh2V-xBF9tOuTyvh_t3MPAyfOsoqSgmIYeFwaPkTNo7AE8pQaDI2QcBTOQJI2ITXARQof7caxPYvD_XYjc0:1vcPzN:ulf2Y0Q2949WLvECeNNnAmbZnJdH-t3Kggr8oc21WK4','2026-01-18 15:25:53.526920'),('9m3n5yypimjczjp8hamzpfu1nl4iz1dp','.eJxVjMsOwiAQRf-FtSEw0IG6dO83kBkeUjU0Ke3K-O_apAvd3nPOfYlA21rD1vMSpiTOAp04_Y5M8ZHbTtKd2m2WcW7rMrHcFXnQLq9zys_L4f4dVOr1Wys3Kq0YqTBG78EnGi2mAmCYtAE2nLNX2lHRQyajIyZrAYcCaAqReH8ABog4Iw:1vtj1g:AW5LOnJJOHtuJmub13uTGMoNVFh1NEKY1uFzTN9AC7k','2026-03-07 09:11:48.444098'),('9ntegezxf3u5cyq89h9rdklpx4o4pzjo','.eJxVjEsOwiAUAO_C2hDgmRZcuvcM5P0qVUOT0q6Md9eaLnQ7M5mnybguJa9N5zyKORnvzeEXEvJd62bkhvU6WZ7qMo9kt8TuttnLJPo47-3foGAr368bEvTgOEmnoEf0SBwBgkoIKB_du-AFIZIqa4pDJIddisrkkprXGwl2OLM:1vcJaT:EFy6g6sUw0DQUhDQAYlegpsXEYIdvI5QBp5VknMV-EA','2026-01-18 08:35:45.324959'),('9pez6bwt8u6oc77l23ui7z9pvs27ccwa','.eJxVjEsOwiAUAO_C2hDgmRZcuvcM5P0qVUOT0q6Md9eaLnQ7M5mnybguJa9N5zyKORnvzeEXEvJd62bkhvU6WZ7qMo9kt8TuttnLJPo47-3foGAr368bEvTgOEmnoEf0SBwBgkoIKB_du-AFIZIqa4pDJIddisrkkprXGwl2OLM:1vcNfH:6vqU86YjfBhgAF_qWpQuqwnvRPO2ndF8TqLnmqv_JVc','2026-01-18 12:56:59.849075'),('9vflqnrq83iym1clfupwirokqtowplsj','.eJxVjDsOwjAQBe_iGlneGMcbSnrOYHk_4ABypDipEHeHSCmgfTPzXibldSlpbTqnUczJdMEcfkfK_NC6EbnnepssT3WZR7KbYnfa7GUSfZ539--g5Fa-dfBOUCIAEqkXCajo_NVFJOmlh46RHAE7UOCBow_uqHHIxOo5iJj3BwtFOIo:1vTSHQ:I1ZWYHoxaq01sWnc6juWIQRqZUTcOawVIhjex_i2Y5U','2025-12-24 22:03:28.735636'),('9y6vbibjok90b0frcadioeo9fzgj1359','.eJxVjMsOwiAURP-FtSFXytOle7-BwL0gVQNJaVfGf5cmXehuMnPOvJkP21r81tPiZ2IXph07_ZYx4DPVfaFHqPfGsdV1mSPfEX6snd8apdf1YP8OSuhl2EFYoSPmKWR0pMBFxKyEJGcySDOSAKsRgSRKSFYMASiJMyozkQP2-QIc5zgE:1vnjtn:H0oEg9zU9lpJYG8jL0aEQJyB7XQ1kOqhyg12SINDR2s','2026-02-18 20:54:55.074769'),('a32xfxklm4qu7wk9yr8mkiaafxy8bxfj','.eJxVjDEOwjAMAP-SGUWksUvKyN43RHbskAJKpaadEH9HlTrAene6t4m0rSVuTZc4ibma_mxOv5ApPbXuRh5U77NNc12Xie2e2MM2O86ir9vR_g0KtbJ_hT26QEp44T6TOkppUOk8aXbIvQw-oYKHHDB3AAyArIIYeKAOzOcLOFM4-A:1vkHj4:a95cLzj79A6-9Wqq7-TXRgMFCXOUWT6rtWmdT1fm5mU','2026-02-09 08:13:34.535665'),('a5s02naubkmu5b967jd2ljy080ihzopr','.eJxVjDsOwjAQBe_iGln2-kco6XMGa71r4wCypXwqxN0hUgpo38y8l4i4rTVuS57jxOIinBen3zEhPXLbCd-x3bqk3tZ5SnJX5EEXOXbOz-vh_h1UXOq3phAMkR4M-mItsAJNPNiAkBRlq7JTEKwx7qzVkAMgcFHIGFLRHnQR7w_6yze8:1vr9mZ:cTFkvvQ43oG9OXKCpwW3dmBot4i_vgovUQC5Z3R5yVQ','2026-02-28 07:09:35.421641'),('a5skuztdvw8a305hx0kdf298jk54f3cb','.eJxVjDsOwjAQBe_iGln-fyjpOYO1Xq9xADlSnFSIu0OkFNC-mXkvlmBbW9oGLWkq7MycZqffMQM-qO-k3KHfZo5zX5cp813hBx38Ohd6Xg7376DBaN86K7KONHowIWJwMthcLXlXIQchAZ1GikWY4KkKjMroHD1AVSA1OsPeHxo6OHQ:1vpj5o:C8QDmM7PD96RgI74J1LeXs8ukiSvA5OKnfERRcOmgec','2026-02-24 08:27:32.655571'),('afwgkcu7xrqsh1dljqlnimpaaczpfx5w','.eJxVjDsOwjAQBe_iGln4mw0lPWew1vYuDiBbipMKcXcSKQW0b2beWwRclxLWTnOYsrgIK06_W8T0pLqD_MB6bzK1usxTlLsiD9rlrWV6XQ_376BgL1sdPVHO6OCsB6_AIYGyOtkxGgUqOQ3MjvTIrFgbzzgY5RNYB3rzKInPF-LRN38:1vXwoN:Dfil5msJOr0jk4altEIaZYVgFC0_-eL_kNXku2dyZfE','2026-01-06 07:28:03.163992'),('ahidavyu8t17ecu53a581x1xbab3iuh3','.eJxVjDsOwjAQBe_iGlmx17-lpOcMlte7wgGUSHFSIe4OkVJA-2bmvVQu29ry1mXJI6uzMkGdfkcq9SHTTvheptus6zyty0h6V_RBu77OLM_L4f4dtNLbtwYAYeRoglC04jBY9EABIwDTkFz16CuSSbYmR4kkDdYxeBvEJST1_gDsiTc4:1varG1:PRuLOSOv3myK9wEtoObUa4Qoqbfgtv3rekkhqXdfBIg','2026-01-14 08:08:37.673510'),('aiccg0ngozx8puzvd4p0jf9ptfjfnf1s','.eJxVjEsOwiAUAO_C2hDgmRZcuvcM5P0qVUOT0q6Md9eaLnQ7M5mnybguJa9N5zyKORnvzeEXEvJd62bkhvU6WZ7qMo9kt8TuttnLJPo47-3foGAr368bEvTgOEmnoEf0SBwBgkoIKB_du-AFIZIqa4pDJIddisrkkprXGwl2OLM:1vcdpM:IC5uUJJu29OSecHwgPNxF2R8uydVbQtMPeiF-nXVAZg','2026-01-19 06:12:28.304372'),('along3edon04s9h635g1ivg18rgje9r4','.eJxVjEsOwjAMBe-SNYqM0zgpS_Y9Q2UnDimgVupnhbg7VOoCtm9m3sv0vK213xad-yGbi0Fz-t2E00PHHeQ7j7fJpmlc50HsrtiDLrabsj6vh_t3UHmp3_rsVBx6IQcYInkW8EpAEqgNUCJEpoDogVuNiV2DgUpEaJpcVFI27w-xgjcQ:1vSsFZ:eoCnOqHLXtlxU2WxNe48bG_vDcRYU4AjYrK8Tk6qLN4','2025-12-23 07:35:09.563783'),('anb6awocophv2ul31972acfyf4i3viai','.eJxVjEsOwjAMBe-SNYpwksYxS_Y9Q2U7KS2gVOpnhbg7VOoCtm9m3st0vK1Dty1l7sZsLiaY0-8mrI9Sd5DvXG-T1amu8yh2V-xBF9tOuTyvh_t3MPAyfOsoqSgmIYeFwaPkTNo7AE8pQaDI2QcBTOQJI2ITXARQof7caxPYvD_XYjc0:1vbfmi:h1RukgH0iSRqX5B1147ap1FvyDBB7iNRdgm1KASZbUo','2026-01-16 14:05:44.778498'),('asty6xyweje1nwdamphwonbms2pdacwr','.eJxVjDsOwjAQBe_iGlneGMcbSnrOYHk_4ABypDipEHeHSCmgfTPzXibldSlpbTqnUczJdMEcfkfK_NC6EbnnepssT3WZR7KbYnfa7GUSfZ539--g5Fa-dfBOUCIAEqkXCajo_NVFJOmlh46RHAE7UOCBow_uqHHIxOo5iJj3BwtFOIo:1vc1rI:GbQCTqlTeBYt1vwvhdDyDUOYSHIoMjUtIpoBvmSms8Q','2026-01-17 13:39:56.838849'),('ax5o07jtp6q0o3rjru74s4w7kwnemrlb','.eJxVjEsOwiAUAO_C2hDgmRZcuvcM5P0qVUOT0q6Md9eaLnQ7M5mnybguJa9N5zyKORnvzeEXEvJd62bkhvU6WZ7qMo9kt8TuttnLJPo47-3foGAr368bEvTgOEmnoEf0SBwBgkoIKB_du-AFIZIqa4pDJIddisrkkprXGwl2OLM:1vcaPH:RrTTLdcerSrkKwFQyM6lCexHUztrfXxTB2zY1Ja1ywU','2026-01-19 02:33:19.573017'),('axavua25ic6tmofdu0zuy1je5t0fw4q1','.eJxVjEsOwiAUAO_C2hDgmRZcuvcM5P0qVUOT0q6Md9eaLnQ7M5mnybguJa9N5zyKORnvzeEXEvJd62bkhvU6WZ7qMo9kt8TuttnLJPo47-3foGAr368bEvTgOEmnoEf0SBwBgkoIKB_du-AFIZIqa4pDJIddisrkkprXGwl2OLM:1vV5LW:YQ794bSiFcEgrdm5C5d4WW7-0ZPxB77kqxeI1wGI7a0','2025-12-29 09:58:26.040249'),('ayxyvlwypx48bic8ioekklj37jo89mst','.eJxVjMsOgjAUBf-la9O09EVduucbmt5HBTUlobAy_ruQsNDtmZnzFilv65i2xkuaSFyF1-LyO0LGJ9eD0CPX-yxxrusygTwUedImh5n4dTvdv4Mxt3GvA0cPkRSjMhg7cDEXV_pgHHurO4XkNBjqegJrLRa368EEZYo1jADi8wUNgzg_:1vkHcP:qlTgciH6gcfKjrf6fQH8DwKYMqO_03aiff_1kH7cX3U','2026-02-09 08:06:41.472639'),('b126n94i4dtea2e9ljpyisbqnz581inu','.eJxVjDsOwjAQBe_iGlneGMcbSnrOYHk_4ABypDipEHeHSCmgfTPzXibldSlpbTqnUczJdMEcfkfK_NC6EbnnepssT3WZR7KbYnfa7GUSfZ539--g5Fa-dfBOUCIAEqkXCajo_NVFJOmlh46RHAE7UOCBow_uqHHIxOo5iJj3BwtFOIo:1vc2TA:DrReYaZ3eCmyvZp3TtlbmJZTBD7BnTcktPeMrBNKeKo','2026-01-17 14:19:04.654334'),('b3fer6jrwjhnhx5g6evn1ht3q0u4z2cy','.eJxVjMsOwiAQRf-FtSEw0IG6dO83kBkeUjU0Ke3K-O_apAvd3nPOfYlA21rD1vMSpiTOAp04_Y5M8ZHbTtKd2m2WcW7rMrHcFXnQLq9zys_L4f4dVOr1Wys3Kq0YqTBG78EnGi2mAmCYtAE2nLNX2lHRQyajIyZrAYcCaAqReH8ABog4Iw:1vsH82:VKkyxmryfhl71gJa4x_NzhDOjlWojEaQdyIzIeIz0dM','2026-03-03 09:12:22.772112'),('b3l6dx1xygv6mbdzyzwncej60tv9ms4u','.eJxVjDsOwjAQBe_iGlmx17-lpOcMlte7wgGUSHFSIe4OkVJA-2bmvVQu29ry1mXJI6uzMkGdfkcq9SHTTvheptus6zyty0h6V_RBu77OLM_L4f4dtNLbtwYAYeRoglC04jBY9EABIwDTkFz16CuSSbYmR4kkDdYxeBvEJST1_gDsiTc4:1vUvQ8:s5pRZj05oqs7PXhI3rZavkqnoPLLiUPRTnWojyIJYz8','2025-12-28 23:22:32.790556'),('b4g36ogy9wlq0tw4uvt92lhu3tplof53','.eJxVjMsOwiAQRf-FtSHMQHm4dN9vIAyDUjU0Ke3K-O_apAvd3nPOfYmYtrXGrZclTizOYnDi9DtSyo_SdsL31G6zzHNbl4nkrsiDdjnOXJ6Xw_07qKnXbw0mZR2CK5g9a-OA7BXYAYMqZkBQqEzmYDVqAo_eAaiAJoC3AEwk3h_gaDZ2:1vkAKc:vcqbwWvkgOxprWwofSOwq3pjSbPelKtZgzKv5iBGMkE','2026-02-09 00:19:50.946664'),('b5a7n26ljyyemhd15qd2vslb57b5wv6j','.eJxVjM0OwiAQhN-FsyFQfrbx6N1nILssSNVAUtqT8d2VpAed43zfzEsE3LcS9p7WsLA4CyNOvx1hfKQ6AN-x3pqMrW7rQnIo8qBdXhun5-Vw_w4K9jLWlGcAD0qnrEhrYxiY7awm1pldBMeJLGb6xns0AHFy4DICIlky4v0B_WY45Q:1vUMAn:wmYduNZNSXlXKNLRoBWCsOGtZdpWcliUoscGEIIIV0c','2025-12-27 09:44:21.963066'),('bhw3wy3nyftwrh7pfg9x78gj8l5tcxqv','.eJxVjMsOwiAQRf-FtSHMQHm4dN9vIAyDUjU0Ke3K-O_apAvd3nPOfYmYtrXGrZclTizOYnDi9DtSyo_SdsL31G6zzHNbl4nkrsiDdjnOXJ6Xw_07qKnXbw0mZR2CK5g9a-OA7BXYAYMqZkBQqEzmYDVqAo_eAaiAJoC3AEwk3h_gaDZ2:1viR89:etC_6hLiI9aspvsMPrfArl4fuilgx7dtEacFxj4D7IM','2026-02-04 05:51:49.235504'),('bmkull7gxnctddrv81j1xkpj35ixxt0u','.eJxVjEsOwjAMBe-SNYpwksYxS_Y9Q2U7KS2gVOpnhbg7VOoCtm9m3st0vK1Dty1l7sZsLiaY0-8mrI9Sd5DvXG-T1amu8yh2V-xBF9tOuTyvh_t3MPAyfOsoqSgmIYeFwaPkTNo7AE8pQaDI2QcBTOQJI2ITXARQof7caxPYvD_XYjc0:1vbu9l:yog_HPGBOFPnDqO9y80eu0BzQBzMOemTd4mMWhytl4Y','2026-01-17 05:26:29.510990'),('bmzvqxbfbzo1iib0m4v2hpad64yjkaew','.eJxVjMsOwiAQRf-FtSEw0IG6dO83kBkeUjU0Ke3K-O_apAvd3nPOfYlA21rD1vMSpiTOAp04_Y5M8ZHbTtKd2m2WcW7rMrHcFXnQLq9zys_L4f4dVOr1Wys3Kq0YqTBG78EnGi2mAmCYtAE2nLNX2lHRQyajIyZrAYcCaAqReH8ABog4Iw:1vrreQ:1p0TTv5X2rGoTMoHMSyv3yEkef4qlA3EDBXA7GOtmA4','2026-03-02 06:00:06.047583'),('bplvzzcwemf7fgr1br4m5z6wpstzcvef','.eJxVjDsOgzAQRO_iOrIw_uGU6TmDtfbuxiQRljBUUe4ekCgSaap5b-YtImxriVujJU4orkIHcfktE-QnzQfBB8z3KnOd12VK8lDkSZscK9Lrdrp_BwVa2deAjiwnbUgNLlvlEAbmhB1nTQoxhN6AzqF3zGjJKN976vYoz-QViM8XO005BA:1vkFgd:w_7Iac4afIix2aU8SVkPK-1P4b19U_d-k9ULCo5NXMo','2026-02-09 06:02:55.019639'),('br42p87hw0ec0hr90u9sf0r7ff8h755y','.eJxVjDsOwjAQBe_iGlmx17-lpOcMlte7wgGUSHFSIe4OkVJA-2bmvVQu29ry1mXJI6uzMkGdfkcq9SHTTvheptus6zyty0h6V_RBu77OLM_L4f4dtNLbtwYAYeRoglC04jBY9EABIwDTkFz16CuSSbYmR4kkDdYxeBvEJST1_gDsiTc4:1vXf8D:9S5IFYVpyXWXt6vk3DllGlVt1VHqidhoqUUFV8tJZI0','2026-01-05 12:35:21.630902'),('bujkwfx0ooj78gpj6odolvg29ncvgw6y','.eJxVjEsOwjAMBe-SNYpwksYxS_Y9Q2U7KS2gVOpnhbg7VOoCtm9m3st0vK1Dty1l7sZsLiaY0-8mrI9Sd5DvXG-T1amu8yh2V-xBF9tOuTyvh_t3MPAyfOsoqSgmIYeFwaPkTNo7AE8pQaDI2QcBTOQJI2ITXARQof7caxPYvD_XYjc0:1vf4M3:Stl40ypGK1-82fA4oiDKCKNGa7YsifD4OCS0gLQXd_k','2026-01-25 22:56:15.732516'),('but8xekajewo3t82zq0i099bx6vt5rb6','.eJxVjDsOwjAQBe_iGln2-kco6XMGa71r4wCypXwqxN0hUgpo38y8l4i4rTVuS57jxOIinBen3zEhPXLbCd-x3bqk3tZ5SnJX5EEXOXbOz-vh_h1UXOq3phAMkR4M-mItsAJNPNiAkBRlq7JTEKwx7qzVkAMgcFHIGFLRHnQR7w_6yze8:1vkFEN:-4ED6dRtSOP_Br-hCENo4EKQRU1_kgaxlHXr1II_XWY','2026-02-09 05:33:43.932876'),('byew0z3eyozmmb8id0star6zv45a3apb','.eJxVjMEOwiAQRP-FsyFdFNh69N5vIAu7SNXQpLQn47_bJj3oZQ7z3sxbBVqXEtYmcxhZXZUz6vRbRkpPqTvhB9X7pNNUl3mMelf0QZseJpbX7XD_Dgq1sq0zJiSHZBMb8Tl23uIFGSDL2QjG3oOJrkMnjqxndt5bgJ6SbAlA6vMFFII36A:1vkJL1:-pFs-0QOsUMNYbbWXrtgnwJOAR3EnTvJZxufNRU3WcA','2026-02-09 09:56:51.292404'),('c8dlu4xq5bc2gmg58trbiaoahubk8hwe','.eJxVjEEOwiAQRe_C2hBgmBZcuvcMBGaoVA0kpV0Z765NutDtf-_9lwhxW0vYel7CzOIscBCn3zFFeuS6E77HemuSWl2XOcldkQft8to4Py-H-3dQYi_fmthRds57AKXQeXITg_EaYEwaPONktGGDWhG6bImRlDWZBhrRWu3F-wPwTDcp:1vfaeG:ECkR-NcFsp094YqYYtd2cSz0WXUGQ49GOeQa9rn8zvs','2026-01-27 09:25:12.272438'),('c9kffeszud4ub3t99s2jimc4y8svtoax','.eJxVjMsOwiAQRf-FtSFACQ-X7v0GMswMUjWQlHZl_Hdt0oVu7znnvkSCba1pG7ykmcRZGC1Ov2MGfHDbCd2h3brE3tZlznJX5EGHvHbi5-Vw_w4qjPqteQJEp01gQ4QKdA7B-UAMPupYQLuYI5jMYYrBglXaKVu8z9YSFkTx_gAdkzib:1vTDKd:E84i0Y5WfwIvKMsesi25zZJTpWvlgdVn4b2KPH9uLUw','2025-12-24 06:05:47.892422'),('ccpqshi3751i8zy301ystpoiavc24hhq','.eJxVjDsOwjAQBe_iGln-fyjpOYO1Xq9xADlSnFSIu0OkFNC-mXkvlmBbW9oGLWkq7MycZqffMQM-qO-k3KHfZo5zX5cp813hBx38Ohd6Xg7376DBaN86K7KONHowIWJwMthcLXlXIQchAZ1GikWY4KkKjMroHD1AVSA1OsPeHxo6OHQ:1vmc0U:BpElfQ8IVtuGQUJup6JbBXi3lDGtSb3hYx_NyLcFCvk','2026-02-15 18:17:10.994480'),('cemaih1b9knd8l3q0wfh4wlstsr7h1qs','.eJxVjEsOwjAMBe-SNYpwksYxS_Y9Q2U7KS2gVOpnhbg7VOoCtm9m3st0vK1Dty1l7sZsLiaY0-8mrI9Sd5DvXG-T1amu8yh2V-xBF9tOuTyvh_t3MPAyfOsoqSgmIYeFwaPkTNo7AE8pQaDI2QcBTOQJI2ITXARQof7caxPYvD_XYjc0:1vbfK2:ry7UuQpeiWcq0oy1hQlnncoKKWwD4eVArFIihcXXaek','2026-01-16 13:36:06.804371'),('cf1sv1voc2u6h8o1geq9uyhsg1f3bvu9','.eJxVjDsOgzAQRO_iOrIw_uGU6TmDtfbuxiQRljBUUe4ekCgSaap5b-YtImxriVujJU4orkIHcfktE-QnzQfBB8z3KnOd12VK8lDkSZscK9Lrdrp_BwVa2deAjiwnbUgNLlvlEAbmhB1nTQoxhN6AzqF3zGjJKN976vYoz-QViM8XO005BA:1vi56w:3xNRWG9WgwFf7V5v4F59VVqVN0a3m5-W7yciWWJHPKA','2026-02-03 06:21:06.263539'),('chavtuhjqwwg8ggth8754vj37z8i6yap','.eJxVjMsOgjAUBf-la9O09EVduucbmt5HBTUlobAy_ruQsNDtmZnzFilv65i2xkuaSFyF1-LyO0LGJ9eD0CPX-yxxrusygTwUedImh5n4dTvdv4Mxt3GvA0cPkRSjMhg7cDEXV_pgHHurO4XkNBjqegJrLRa368EEZYo1jADi8wUNgzg_:1vnl7J:5Q-4wckF2ks13pNWBQIUcoKsFv9plBOejOARxj_99So','2026-02-18 22:12:57.507362'),('cibmgmxfru6qgi03ioca23dl72152pep','.eJxVjMsOwiAQRf-FtSEw0IG6dO83kBkeUjU0Ke3K-O_apAvd3nPOfYlA21rD1vMSpiTOAp04_Y5M8ZHbTtKd2m2WcW7rMrHcFXnQLq9zys_L4f4dVOr1Wys3Kq0YqTBG78EnGi2mAmCYtAE2nLNX2lHRQyajIyZrAYcCaAqReH8ABog4Iw:1voVDq:KxhJifS7s1iLp9YF2BhfwYBBv1zr2BQqyI8I2uAuolE','2026-02-20 23:26:46.295615'),('clw0d2lo7d8iyrxv0zuo52obev7at29i','.eJxVjDsOwjAQBe_iGllLcFibkj5niPbjxQGUSHFSIe4OkVJA-2bmvVxP61L6tea5H9RdXAB3-B2Z5JHHjeidxtvkZRqXeWC_KX6n1XeT5ud1d_8OCtXyrUUCtBYzNJqJo2o6QjTJJpiYKGBKyRQFARVie8YGGg6BlfGUzMy9PzR1OQ4:1vcaRw:v8yQTjH182L8kpsNMVNjFc2ZiV3BA2asHG6TAcmsUxc','2026-01-19 02:36:04.812287'),('coh2vqo18euhpac1zfn6p16udiqr8i7b','.eJxVjDsOwjAQBe_iGlneGMcbSnrOYHk_4ABypDipEHeHSCmgfTPzXibldSlpbTqnUczJdMEcfkfK_NC6EbnnepssT3WZR7KbYnfa7GUSfZ539--g5Fa-dfBOUCIAEqkXCajo_NVFJOmlh46RHAE7UOCBow_uqHHIxOo5iJj3BwtFOIo:1vc2hg:s8jgfxTyne0sJLuKCmAeDj6vfERn5v22Ip8AevS-oIE','2026-01-17 14:34:04.492973'),('cw3hl0k6oh6n8mvi5yc7vybyq5wi0uwc','.eJxVjDsOwjAQBe_iGllLcFibkj5niPbjxQGUSHFSIe4OkVJA-2bmvVxP61L6tea5H9RdXAB3-B2Z5JHHjeidxtvkZRqXeWC_KX6n1XeT5ud1d_8OCtXyrUUCtBYzNJqJo2o6QjTJJpiYKGBKyRQFARVie8YGGg6BlfGUzMy9PzR1OQ4:1vcdqk:eOVwhQaqiRRLDFvQWpdIhfyOtM0T1lOuG9P4A4AGAmg','2026-01-19 06:13:54.828220'),('cwajd2bz941gtafz731i7yfemcr7i9dg','.eJxVjEEOwiAQRe_C2pDCgAwu3fcMZGBAqoYmpV0Z765NutDtf-_9lwi0rTVsPS9hYnERSpx-t0jpkdsO-E7tNss0t3WZotwVedAux5nz83q4fweVev3WOhdUxgAiQ9YZMYLWAGCNs2dbhpIKG-tjIZdsUkjOMyut_GCAbSTx_gDJ8jd7:1vRQJP:QbeUITUROMWpkPoizlFcRviBgn5ZroCuSTd9WLatUdQ','2025-12-19 07:33:07.332781'),('cx23gmfzc2693o6ds9ks4pdebi03hjw5','.eJxVjDsOwjAQBe_iGlneGMcbSnrOYHk_4ABypDipEHeHSCmgfTPzXibldSlpbTqnUczJdMEcfkfK_NC6EbnnepssT3WZR7KbYnfa7GUSfZ539--g5Fa-dfBOUCIAEqkXCajo_NVFJOmlh46RHAE7UOCBow_uqHHIxOo5iJj3BwtFOIo:1vc2fR:zBME_YlM71PkyaFJyWmXx7zRIsKNeVAeNRRlhCB8-IQ','2026-01-17 14:31:45.528448'),('cyash4oe3qpse0ofe0u3hq06cdhqudyn','.eJxVjDsOwjAQBe_iGln2-kco6XMGa71r4wCypXwqxN0hUgpo38y8l4i4rTVuS57jxOIinBen3zEhPXLbCd-x3bqk3tZ5SnJX5EEXOXbOz-vh_h1UXOq3phAMkR4M-mItsAJNPNiAkBRlq7JTEKwx7qzVkAMgcFHIGFLRHnQR7w_6yze8:1vr8hi:s5HBHjBWhIWucuc6wT-0SixiFl3W0O5TQI3_cuFMl8Y','2026-02-28 06:00:30.924900'),('d14ppmcwigoft4dye4lb4u33ca15tafj','.eJxVjDsOgzAQRO_iOrIw_uGU6TmDtfbuxiQRljBUUe4ekCgSaap5b-YtImxriVujJU4orkIHcfktE-QnzQfBB8z3KnOd12VK8lDkSZscK9Lrdrp_BwVa2deAjiwnbUgNLlvlEAbmhB1nTQoxhN6AzqF3zGjJKN976vYoz-QViM8XO005BA:1vnl7X:khAUGdhRtdKkfkOoqlJ6Nq2CPQ5WhAdrX5sHGGRgu4w','2026-02-18 22:13:11.478482'),('db1k7jvd6oeh0b1kbvdf4t1495uy85c3','.eJxVjM0OwiAQhN-FsyFQfrbx6N1nILssSNVAUtqT8d2VpAed43zfzEsE3LcS9p7WsLA4CyNOvx1hfKQ6AN-x3pqMrW7rQnIo8qBdXhun5-Vw_w4K9jLWlGcAD0qnrEhrYxiY7awm1pldBMeJLGb6xns0AHFy4DICIlky4v0B_WY45Q:1vaOtf:Q0d4DPYd2dy8eD1gD0dWVg-Ka7Sif7aHTzSXNAAn50w','2026-01-13 01:51:39.385182'),('depo92wz21ps4xndzd8sfqjo7cohrm61','.eJxVjDsOwjAQBe_iGln-xE6Wkp4zWLvrNQkgR4qTCnF3iJQC2jcz76USbuuYtiZLmrI6q-DV6Xck5IfUneQ71tusea7rMpHeFX3Qpq9zluflcP8ORmzjty5MAw7WFkbuoffZ-Qi2K5IphGiAejHUERTrh2gcCoCVzkTh7NgGUO8PHf44QQ:1vfZ7q:x1bFyvAtKfmRftxjNhCOgdbEyjD28Yxq79UHxT06rzQ','2026-01-27 07:47:38.113439'),('dir2xidfgw4xd1qd2vkbq06fwz0836rq','.eJxVjEsOwiAUAO_C2hDgmRZcuvcM5P0qVUOT0q6Md9eaLnQ7M5mnybguJa9N5zyKORnvzeEXEvJd62bkhvU6WZ7qMo9kt8TuttnLJPo47-3foGAr368bEvTgOEmnoEf0SBwBgkoIKB_du-AFIZIqa4pDJIddisrkkprXGwl2OLM:1vbg6B:pSXCN62nusNDgkrtfFk-_OlyQ25hDDxOkuqu_Bw_RwM','2026-01-16 14:25:51.327811'),('dks3lenly0iftwxp5o619iibvedm50st','.eJxVjDsOwjAQBe_iGln2-kco6XMGa71r4wCypXwqxN0hUgpo38y8l4i4rTVuS57jxOIinBen3zEhPXLbCd-x3bqk3tZ5SnJX5EEXOXbOz-vh_h1UXOq3phAMkR4M-mItsAJNPNiAkBRlq7JTEKwx7qzVkAMgcFHIGFLRHnQR7w_6yze8:1vr910:idKDjWmw3jGdZchlqFnvyQzdoOXETvV4QaBvyzb030s','2026-02-28 06:20:26.029208'),('dq9mkhht42litj3vao0i605nxzjre0ci','.eJxVjMsOwiAQRf-FtSFACQ-X7v0GMswMUjWQlHZl_Hdt0oVu7znnvkSCba1pG7ykmcRZGC1Ov2MGfHDbCd2h3brE3tZlznJX5EGHvHbi5-Vw_w4qjPqteQJEp01gQ4QKdA7B-UAMPupYQLuYI5jMYYrBglXaKVu8z9YSFkTx_gAdkzib:1vUMAx:se3EYuyKoiEHUg9Nnr2u0ACgKgKAv45Ib_ib2d7c33U','2025-12-27 09:44:31.223769'),('dqnw3ssgpa4hbp3wkfrkm2ehzbk07ihc','.eJxVjDsOwjAQBe_iGln2-kco6XMGa71r4wCypXwqxN0hUgpo38y8l4i4rTVuS57jxOIinBen3zEhPXLbCd-x3bqk3tZ5SnJX5EEXOXbOz-vh_h1UXOq3phAMkR4M-mItsAJNPNiAkBRlq7JTEKwx7qzVkAMgcFHIGFLRHnQR7w_6yze8:1vpjC4:LwjSdf6_BEtuQgvHGJ5j5nSO73hDYYFb_gEOHUOCfnY','2026-02-24 08:34:00.239616'),('drilpdkhwu89iot8k170ml8f0ofw7unh','.eJxVjEEOwiAQRe_C2pAAhSku3XsGMjMMUjU0Ke3KeHdt0oVu_3vvv1TCba1p67KkKauz8l6dfkdCfkjbSb5ju82a57YuE-ld0Qft-jpneV4O9--gYq_f2mIZwIQIVAyzGQHBIoZgSkYkCjxER2UET2xRIHCULM4ZkRwjRlDvDypaOTo:1vfZVT:5ctWva_JuPCtIbeReApk9mGqpwmhBWZkjmc2LELYnrg','2026-01-27 08:12:03.670316'),('drqy2qii2h1ylqusau1dgr65aon0ecj4','.eJxVjDsOwjAQBe_iGlneGMcbSnrOYHk_4ABypDipEHeHSCmgfTPzXibldSlpbTqnUczJdMEcfkfK_NC6EbnnepssT3WZR7KbYnfa7GUSfZ539--g5Fa-dfBOUCIAEqkXCajo_NVFJOmlh46RHAE7UOCBow_uqHHIxOo5iJj3BwtFOIo:1vc2VC:Qge-x6e1pJ2gVsaCl1S8qFvNRQ3BdjZcbuVtZ7TNIXk','2026-01-17 14:21:10.868115'),('dsygpi9m6iq6kbak2cb9s8vehycv2apg','.eJxVjEEOwiAQRe_C2pAAhSku3XsGMjMMUjU0Ke3KeHdt0oVu_3vvv1TCba1p67KkKauz8l6dfkdCfkjbSb5ju82a57YuE-ld0Qft-jpneV4O9--gYq_f2mIZwIQIVAyzGQHBIoZgSkYkCjxER2UET2xRIHCULM4ZkRwjRlDvDypaOTo:1vkGQB:VeIqjoQ9rxga1xs325Cp_zLhtlusFzcSTgxFIicgoic','2026-02-09 06:49:59.347626'),('dt61v1c7likk5bc021jql65xi82nf0j3','.eJxVjEsOwjAMBe-SNYpwksYxS_Y9Q2U7KS2gVOpnhbg7VOoCtm9m3st0vK1Dty1l7sZsLiaY0-8mrI9Sd5DvXG-T1amu8yh2V-xBF9tOuTyvh_t3MPAyfOsoqSgmIYeFwaPkTNo7AE8pQaDI2QcBTOQJI2ITXARQof7caxPYvD_XYjc0:1vaPmz:psU-yXadDbYwLxIoxNfSU05nk-7_8g78_eE4TP1AWcM','2026-01-13 02:48:49.340794'),('dt8n0nw9el1mw6bmksh38b6xo7x4og0q','.eJxVjDsOgzAQRO_iOrIw_uGU6TmDtfbuxiQRljBUUe4ekCgSaap5b-YtImxriVujJU4orkIHcfktE-QnzQfBB8z3KnOd12VK8lDkSZscK9Lrdrp_BwVa2deAjiwnbUgNLlvlEAbmhB1nTQoxhN6AzqF3zGjJKN976vYoz-QViM8XO005BA:1vi55X:LCURJAFJ5C8aUHjsmVvjszPvmWRk3vRT8RW9WeQh1hA','2026-02-03 06:19:39.606695'),('dtnntlcoknnvu40s70ujvvbt8jr8fadj','.eJxVjDsOwjAQBe_iGlneGMcbSnrOYHk_4ABypDipEHeHSCmgfTPzXibldSlpbTqnUczJdMEcfkfK_NC6EbnnepssT3WZR7KbYnfa7GUSfZ539--g5Fa-dfBOUCIAEqkXCajo_NVFJOmlh46RHAE7UOCBow_uqHHIxOo5iJj3BwtFOIo:1vTS9x:ua8Mf22rOKJdi7pZLgx-kmrOivknNt7h35gHi-cg84U','2025-12-24 21:55:45.037414'),('dwqwc6nylmxwi9007kxvyzywecrjnftr','.eJxVjEsOwiAUAO_C2hDgmRZcuvcM5P0qVUOT0q6Md9eaLnQ7M5mnybguJa9N5zyKORnvzeEXEvJd62bkhvU6WZ7qMo9kt8TuttnLJPo47-3foGAr368bEvTgOEmnoEf0SBwBgkoIKB_du-AFIZIqa4pDJIddisrkkprXGwl2OLM:1vV25l:FbVLJ-HzGAG51q1x0XsNbo319R60aJuuWEvenIo0NQY','2025-12-29 06:29:57.684584'),('dz4uqep284on5juy8yoquv5lsql1e72d','.eJxVjDsOwjAQBe_iGlneGMcbSnrOYHk_4ABypDipEHeHSCmgfTPzXibldSlpbTqnUczJdMEcfkfK_NC6EbnnepssT3WZR7KbYnfa7GUSfZ539--g5Fa-dfBOUCIAEqkXCajo_NVFJOmlh46RHAE7UOCBow_uqHHIxOo5iJj3BwtFOIo:1vc1jg:mETCrf4DRIswxUEZ7G4CV1K6cG862hhj5dU-tYqvTHQ','2026-01-17 13:32:04.610840'),('dztrc0sf5aubtkgwfjl8nl18k90uqc5x','.eJxVjDsOwjAQBe_iGlneGMcbSnrOYHk_4ABypDipEHeHSCmgfTPzXibldSlpbTqnUczJdMEcfkfK_NC6EbnnepssT3WZR7KbYnfa7GUSfZ539--g5Fa-dfBOUCIAEqkXCajo_NVFJOmlh46RHAE7UOCBow_uqHHIxOo5iJj3BwtFOIo:1vaqjp:bay5V3RXPWWg8MohBPZ9AP1G7rwdLHfgVseeNJq0XkE','2026-01-14 07:35:21.724903'),('e3mz1moeagrtybq0pljaisq6p83lxgok','.eJxVjMsOwiAQRf-FtSEwDNC6dO83kJky2KqBpI-V8d-1SRe6veec-1KJtnVM2yJzmrI6qwjq9DsyDQ-pO8l3qremh1bXeWK9K_qgi762LM_L4f4djLSM39qziIvgufjCUggYxOYOCplgIzKGvgvoxFAPgGjD4EI2Ack6R6V06v0BHR03_g:1vnmIi:XLkQw5PXgax-deR-fgw2mtXqvENDa6G53qUqDu5Miv4','2026-02-18 23:28:48.774850'),('e54jvks8xw0r17uxtak2e18pbaglj40x','.eJxVjMsOgjAUBf-la9O09EVduucbmt5HBTUlobAy_ruQsNDtmZnzFilv65i2xkuaSFyF1-LyO0LGJ9eD0CPX-yxxrusygTwUedImh5n4dTvdv4Mxt3GvA0cPkRSjMhg7cDEXV_pgHHurO4XkNBjqegJrLRa368EEZYo1jADi8wUNgzg_:1vkHh6:H_1hpJe6cFIQx1_FiH4y2LJL_4jLO28VIgNmeSPsrrI','2026-02-09 08:11:32.608480'),('e7pb0e1sjhg7ae5b4dfwr8r0ncqss9b0','.eJxVjEEOwiAQRe_C2pAAhSku3XsGMjMMUjU0Ke3KeHdt0oVu_3vvv1TCba1p67KkKauz8l6dfkdCfkjbSb5ju82a57YuE-ld0Qft-jpneV4O9--gYq_f2mIZwIQIVAyzGQHBIoZgSkYkCjxER2UET2xRIHCULM4ZkRwjRlDvDypaOTo:1vfajw:DtmvXd_up38ecHhn3DbYMUVVHSw9KVpqi8KAj3u_xfA','2026-01-27 09:31:04.527652'),('eaptu0e6lewu4z78trecva90z9pp454c','.eJxVjDsOgzAQRO_iOrIw_uGU6TmDtfbuxiQRljBUUe4ekCgSaap5b-YtImxriVujJU4orkIHcfktE-QnzQfBB8z3KnOd12VK8lDkSZscK9Lrdrp_BwVa2deAjiwnbUgNLlvlEAbmhB1nTQoxhN6AzqF3zGjJKN976vYoz-QViM8XO005BA:1vnkM9:GZ0Kn9PEE31YLUwoY9LgvBwKt9IzhrpvveK9AtyPcd4','2026-02-18 21:24:13.620232'),('eccm1wreqjet3d46vtyeavmp4acx96hd','.eJxVjDsOwjAQBe_iGln4mw0lPWew1vYuDiBbipMKcXcSKQW0b2beWwRclxLWTnOYsrgIK06_W8T0pLqD_MB6bzK1usxTlLsiD9rlrWV6XQ_376BgL1sdPVHO6OCsB6_AIYGyOtkxGgUqOQ3MjvTIrFgbzzgY5RNYB3rzKInPF-LRN38:1vTZ4U:HhoULIWeUpNUJm17RSC_cYzBSAGE9B3B6yfo1v8bWeU','2025-12-25 05:18:34.807761'),('eiikj5fylrx977vmoqrivmer1bgfviup','.eJxVjEsOwiAUAO_C2hDgmRZcuvcM5P0qVUOT0q6Md9eaLnQ7M5mnybguJa9N5zyKORnvzeEXEvJd62bkhvU6WZ7qMo9kt8TuttnLJPo47-3foGAr368bEvTgOEmnoEf0SBwBgkoIKB_du-AFIZIqa4pDJIddisrkkprXGwl2OLM:1vcaWo:dzf_HMlrz0Q9pl8yx-omoNG5nvLbT6rcl3JWlS-ji7Y','2026-01-19 02:41:06.383285'),('emechkjk00v1hfcy8hi2v4kgi5t12ol3','.eJxVjEsOwiAUAO_C2hDgmRZcuvcM5P0qVUOT0q6Md9eaLnQ7M5mnybguJa9N5zyKORnvzeEXEvJd62bkhvU6WZ7qMo9kt8TuttnLJPo47-3foGAr368bEvTgOEmnoEf0SBwBgkoIKB_du-AFIZIqa4pDJIddisrkkprXGwl2OLM:1vcbX4:kuFfeZYKsNFY54G1uC7aUPmSWnhYhKK8fGBiaTxUQ2c','2026-01-19 03:45:26.198093'),('eqhwm2syycqldhzet3zscr3kfwwyq6yt','.eJxVjDsOwjAQBe_iGlneGMcbSnrOYHk_4ABypDipEHeHSCmgfTPzXibldSlpbTqnUczJdMEcfkfK_NC6EbnnepssT3WZR7KbYnfa7GUSfZ539--g5Fa-dfBOUCIAEqkXCajo_NVFJOmlh46RHAE7UOCBow_uqHHIxOo5iJj3BwtFOIo:1vbfJ4:LOobgHB6dZ-jTFVymwZcuFdrjeWXrynz1IQUIaoZ828','2026-01-16 13:35:06.511047'),('erf8176oisgal3cfo7uenakpteuhucu8','.eJxVjDsOwjAQBe_iGlneGMcbSnrOYHk_4ABypDipEHeHSCmgfTPzXibldSlpbTqnUczJdMEcfkfK_NC6EbnnepssT3WZR7KbYnfa7GUSfZ539--g5Fa-dfBOUCIAEqkXCajo_NVFJOmlh46RHAE7UOCBow_uqHHIxOo5iJj3BwtFOIo:1vc2fG:RxGuKp2gfYqo4nn4KoUejMsquHXDrddY9yJhrvm7g88','2026-01-17 14:31:34.418306'),('eus6dc8bd8yp5x4d66vh3uawmqbz3xpd','.eJxVjMsOwiAQRf-FtSFAeY1L934DgWGQqoGktCvjv2uTLnR7zzn3xULc1hq2QUuYMzszA-z0O6aID2o7yffYbp1jb-syJ74r_KCDX3um5-Vw_w5qHPVb6yisV84YpUTWGjAVRwhQhPcFQIJzSWdjnUSaCAt4FGoCWWIGq0Cz9wfv3Td9:1viSA9:lIIW69dFA8muhHKbtmVwq5Ekj3nJMcydPYvn-QJi9zw','2026-02-04 06:57:57.678327'),('f0bd87581cfhtd2hze32r1lzjzcc6vcj','.eJxVjMsOwiAURP-FtSFXytOle7-BwL0gVQNJaVfGf5cmXehuMnPOvJkP21r81tPiZ2IXph07_ZYx4DPVfaFHqPfGsdV1mSPfEX6snd8apdf1YP8OSuhl2EFYoSPmKWR0pMBFxKyEJGcySDOSAKsRgSRKSFYMASiJMyozkQP2-QIc5zgE:1vrtjk:5oZ5b022e7mlCB-YfikgwERgF-tuFx-L3eEdxSdScVg','2026-03-02 08:13:44.998350'),('f18ww4mlzs6x6gdyqmp5zqbcjyts566b','.eJxVjDsOwjAQBe_iGllLcFibkj5niPbjxQGUSHFSIe4OkVJA-2bmvVxP61L6tea5H9RdXAB3-B2Z5JHHjeidxtvkZRqXeWC_KX6n1XeT5ud1d_8OCtXyrUUCtBYzNJqJo2o6QjTJJpiYKGBKyRQFARVie8YGGg6BlfGUzMy9PzR1OQ4:1vcIqx:-JqKM_IdPuNAyaDm3Jpd4yDRxk4e138fBNQ_VnQBxYY','2026-01-18 07:48:43.271828'),('f1eeg1ckxdyf1ztu1ogvyzq8pslfvi1p','.eJxVjDsOwjAQBe_iGlneGMcbSnrOYHk_4ABypDipEHeHSCmgfTPzXibldSlpbTqnUczJdMEcfkfK_NC6EbnnepssT3WZR7KbYnfa7GUSfZ539--g5Fa-dfBOUCIAEqkXCajo_NVFJOmlh46RHAE7UOCBow_uqHHIxOo5iJj3BwtFOIo:1vbvI4:wfGE2a04E9cZzXH2G1LZlK1Lpst4wD96wg2uKcb7CGc','2026-01-17 06:39:08.201857'),('f3aomy54zzj85spyqgj7o4od9p8igy72','.eJxVjDsOwjAQBe_iGlneGMcbSnrOYHk_4ABypDipEHeHSCmgfTPzXibldSlpbTqnUczJdMEcfkfK_NC6EbnnepssT3WZR7KbYnfa7GUSfZ539--g5Fa-dfBOUCIAEqkXCajo_NVFJOmlh46RHAE7UOCBow_uqHHIxOo5iJj3BwtFOIo:1vT5yA:KEyHAECEtp_9JhthQLuqHeIl5YocJSEvIpJUSxMN8og','2025-12-23 22:14:06.117032'),('f45n8auvwe3b8u953v2vtfovehd8nxqc','.eJxVjDsOwjAQBe_iGlneGMcbSnrOYHk_4ABypDipEHeHSCmgfTPzXibldSlpbTqnUczJdMEcfkfK_NC6EbnnepssT3WZR7KbYnfa7GUSfZ539--g5Fa-dfBOUCIAEqkXCajo_NVFJOmlh46RHAE7UOCBow_uqHHIxOo5iJj3BwtFOIo:1vbqvL:jF2icO264XeztzZbh0iJdkFPd0cNPuBXwB5o6AnFO_0','2026-01-17 01:59:23.634118'),('f9sbhy1y0llgt744i7fjpc1cejoh94fw','.eJxVjDsOwjAQBe_iGlneGMcbSnrOYHk_4ABypDipEHeHSCmgfTPzXibldSlpbTqnUczJdMEcfkfK_NC6EbnnepssT3WZR7KbYnfa7GUSfZ539--g5Fa-dfBOUCIAEqkXCajo_NVFJOmlh46RHAE7UOCBow_uqHHIxOo5iJj3BwtFOIo:1vc1j0:pC_oQTffWwGPuBaCe7PEDPMr-R70mwpQZHW3jzywgbs','2026-01-17 13:31:22.565320'),('fbhqwhu9dl2gf0quv3q8axxs1y9xlxqe','.eJxVjEsOwiAUAO_C2hDgmRZcuvcM5P0qVUOT0q6Md9eaLnQ7M5mnybguJa9N5zyKORnvzeEXEvJd62bkhvU6WZ7qMo9kt8TuttnLJPo47-3foGAr368bEvTgOEmnoEf0SBwBgkoIKB_du-AFIZIqa4pDJIddisrkkprXGwl2OLM:1vTcMi:QY73jccq4pTfS84PM1IecNRHrvvXVz6bySJXFMmu9mk','2025-12-25 08:49:36.174408'),('fbn9xek16s9hjts6mlc84062rtpzj80i','.eJxVjDEOwjAMAP-SGUWksUvKyN43RHbskAJKpaadEH9HlTrAene6t4m0rSVuTZc4ibma_mxOv5ApPbXuRh5U77NNc12Xie2e2MM2O86ir9vR_g0KtbJ_hT26QEp44T6TOkppUOk8aXbIvQw-oYKHHDB3AAyArIIYeKAOzOcLOFM4-A:1vkJAH:ukYwcu7L7oqZv6gWVr6HUWX33khF4Cx0T_e-Z7APXZk','2026-02-09 09:45:45.301728'),('fckvvfpo4siajweabff926refkxqlija','.eJxVjMsOwiAQRf-FtSEwPFpcuvcbyAwDUjU0Ke3K-O_apAvd3nPOfYmI21rj1vMSJxZn4bQ4_Y6E6ZHbTviO7TbLNLd1mUjuijxol9eZ8_NyuH8HFXv91sRBe5cHZzQmaxIFH5gUECQHoBwxE4x-yFhGRcpakw0GTyYBFc9FvD8NSDiF:1visyZ:LvOPM1xRWQ9RbXKZ4pxugqg7wzxpbk83VAMkky5TBCs','2026-02-05 11:35:47.730716'),('fcpu2bcu7ndy5f0l8ginmsfjnckvitii','.eJxVjEsOwiAUAO_C2hDgmRZcuvcM5P0qVUOT0q6Md9eaLnQ7M5mnybguJa9N5zyKORnvzeEXEvJd62bkhvU6WZ7qMo9kt8TuttnLJPo47-3foGAr368bEvTgOEmnoEf0SBwBgkoIKB_du-AFIZIqa4pDJIddisrkkprXGwl2OLM:1vaucY:oDYFVgkU5gx55a1lfpYqtTBJKDbNwpXqcC9SuZ1yiJE','2026-01-14 11:44:06.552155'),('fd7mzzscb0snwg7szygd97k5szz1i7k7','.eJxVjDsOwjAQBe_iGlmx17-lpOcMlte7wgGUSHFSIe4OkVJA-2bmvVQu29ry1mXJI6uzMkGdfkcq9SHTTvheptus6zyty0h6V_RBu77OLM_L4f4dtNLbtwYAYeRoglC04jBY9EABIwDTkFz16CuSSbYmR4kkDdYxeBvEJST1_gDsiTc4:1vTHw6:25AcLQYh3QlT6rCJqnc04o25-ag1Wt26oySP8Jmm4XY','2025-12-24 11:00:46.245449'),('fdkhqndfd3ceohre2wlihj3c91e4len1','.eJxVjDsOwjAQBe_iGln-r6Gkzxms9e6aBFAi5VMh7g6RUkD7Zua9VMFt7cu2yFwGVheVkjr9jhXpIeNO-I7jbdI0jes8VL0r-qCL7iaW5_Vw_w56XPpv7Y1j36zzFNhjcyanmjlJE0sQXcLIwcuZIEhoCBwBUgUga6JkQ0a9Pww5OAs:1vpBgY:yH-Rnvyhl3dGdu_QMC-poIp3VKYvHTvKzutVqUYhy70','2026-02-22 20:47:14.475937'),('fg86lk5x5y8l8qwgpaosrv885fruurcb','.eJxVjMsOwiAQRf-FtSFACQ-X7v0GMswMUjWQlHZl_Hdt0oVu7znnvkSCba1pG7ykmcRZGC1Ov2MGfHDbCd2h3brE3tZlznJX5EGHvHbi5-Vw_w4qjPqteQJEp01gQ4QKdA7B-UAMPupYQLuYI5jMYYrBglXaKVu8z9YSFkTx_gAdkzib:1vUvP1:bdC8lgHlB3FxJvlO2hpdrQjL4KdOdHRvzTjMyxok6Oo','2025-12-28 23:21:23.825310'),('fildlwe7fctauzxxjcvq81wjkfto7ysd','.eJxVjEsOwiAUAO_C2hDgmRZcuvcM5P0qVUOT0q6Md9eaLnQ7M5mnybguJa9N5zyKORnvzeEXEvJd62bkhvU6WZ7qMo9kt8TuttnLJPo47-3foGAr368bEvTgOEmnoEf0SBwBgkoIKB_du-AFIZIqa4pDJIddisrkkprXGwl2OLM:1vTdrD:hqn-SVC0ZeNlva1OZMA0c-Ctq2oPTXyFdbD4JRh6jGk','2025-12-25 10:25:11.098735'),('fj4rbmmm6z6p0bgr38f6dlvnm010hbdp','.eJxVjDsOwjAQBe_iGlneGMcbSnrOYHk_4ABypDipEHeHSCmgfTPzXibldSlpbTqnUczJdMEcfkfK_NC6EbnnepssT3WZR7KbYnfa7GUSfZ539--g5Fa-dfBOUCIAEqkXCajo_NVFJOmlh46RHAE7UOCBow_uqHHIxOo5iJj3BwtFOIo:1vcDP8:NVsadI00irYtSIvtccr5PkbIqzx023vJoHM_Ul9ID2o','2026-01-18 01:59:38.058507'),('fk2npko2oz1bya6jwtuyacdehwn4kfn5','.eJxVjEsOwiAUAO_C2hDgmRZcuvcM5P0qVUOT0q6Md9eaLnQ7M5mnybguJa9N5zyKORnvzeEXEvJd62bkhvU6WZ7qMo9kt8TuttnLJPo47-3foGAr368bEvTgOEmnoEf0SBwBgkoIKB_du-AFIZIqa4pDJIddisrkkprXGwl2OLM:1vc2Cd:sqDAlUNg0GEktPEZoLfY0SMtAQ8O_3fcT1J8Y_ZVjnc','2026-01-17 14:01:59.303832'),('fnkso6r4rcwnk21xxv3smf261i8bobol','.eJxVjEEOwiAQRe_C2hBgmBZcuvcMBGaoVA0kpV0Z765NutDtf-_9lwhxW0vYel7CzOIscBCn3zFFeuS6E77HemuSWl2XOcldkQft8to4Py-H-3dQYi_fmthRds57AKXQeXITg_EaYEwaPONktGGDWhG6bImRlDWZBhrRWu3F-wPwTDcp:1viR5i:ft7VANHi0oUVdcbD9mSCgy0MGlEu6IsZ2_aH8ovB-nI','2026-02-04 05:49:18.566566'),('fpc2p3jd42l997h1e4nvi2q3yhn8lsar','.eJxVjDsOwjAQBe_iGlneGMcbSnrOYHk_4ABypDipEHeHSCmgfTPzXibldSlpbTqnUczJdMEcfkfK_NC6EbnnepssT3WZR7KbYnfa7GUSfZ539--g5Fa-dfBOUCIAEqkXCajo_NVFJOmlh46RHAE7UOCBow_uqHHIxOo5iJj3BwtFOIo:1vbg5j:KxG5cqhQfwTnqYAeK9YIomcm3QhloyEpGz1_G0Ax6rw','2026-01-16 14:25:23.122745'),('frcg10b6k9zwh9ex6tlkuo2ls4ktycd5','.eJxVjDsOwjAQBe_iGlneGMcbSnrOYHk_4ABypDipEHeHSCmgfTPzXibldSlpbTqnUczJdMEcfkfK_NC6EbnnepssT3WZR7KbYnfa7GUSfZ539--g5Fa-dfBOUCIAEqkXCajo_NVFJOmlh46RHAE7UOCBow_uqHHIxOo5iJj3BwtFOIo:1vaqv8:mzWMCgEQkCQlQe7_PQTMQlGscGDw2Gkw9P_VfuKCs2k','2026-01-14 07:47:02.312438'),('frdghbtfp7effyqkisljsjf1pcq8jit1','.eJxVjDsOwjAQBe_iGlneGMcbSnrOYHk_4ABypDipEHeHSCmgfTPzXibldSlpbTqnUczJdMEcfkfK_NC6EbnnepssT3WZR7KbYnfa7GUSfZ539--g5Fa-dfBOUCIAEqkXCajo_NVFJOmlh46RHAE7UOCBow_uqHHIxOo5iJj3BwtFOIo:1vcO6H:yAiPVC5tMbhKwxr4AwH4z__HRGnXGfJQMPIQNPHpdBA','2026-01-18 13:24:53.499733'),('fsfx767x1j86vf78vbzit12qy3egs1at','.eJxVjEsOwiAUAO_C2hDgmRZcuvcM5P0qVUOT0q6Md9eaLnQ7M5mnybguJa9N5zyKORnvzeEXEvJd62bkhvU6WZ7qMo9kt8TuttnLJPo47-3foGAr368bEvTgOEmnoEf0SBwBgkoIKB_du-AFIZIqa4pDJIddisrkkprXGwl2OLM:1vdmia:EpI-Hw6HaiKVxz0iwEru5eKlrxPOktIoZbpAU1oKhhM','2026-01-22 09:54:12.409688'),('ft4o8wperd6xsqhe5w4xswkalibs32t5','.eJxVjDsOwjAQBe_iGllh_VlMSc8Zov3YOIASKU4qxN0hUgpo38y8l-lpXWq_tjz3g5qzCd4cfkcmeeRxI3qn8TZZmcZlHthuit1ps9dJ8_Oyu38HlVr91g6KiJcSS1SEjOw0SAcEemJO4hMCYGH2CYILMTj10RHSEZU716F5fwAhSzgF:1vfZDF:cBlk-FM3rX2AFWzMtGjEnlhd8zIszV2mJMgucZgECls','2026-01-27 07:53:13.553379'),('fu0cr77mup0zftyomztkf6hpit8rqv7w','.eJxVjEsOwjAMBe-SNYpwksYxS_Y9Q2U7KS2gVOpnhbg7VOoCtm9m3st0vK1Dty1l7sZsLiaY0-8mrI9Sd5DvXG-T1amu8yh2V-xBF9tOuTyvh_t3MPAyfOsoqSgmIYeFwaPkTNo7AE8pQaDI2QcBTOQJI2ITXARQof7caxPYvD_XYjc0:1vY0CU:bLb71lV8Db-7fyFY40zuoOcNQcd4iSY7TgPRswJ6vRg','2026-01-06 11:05:10.011120'),('fu7pty9fdpygiuuqrmrxjqqkphf1kegw','.eJxVjEsOwjAMBe-SNYqM0zgpS_Y9Q2UnDimgVupnhbg7VOoCtm9m3sv0vK213xad-yGbi0Fz-t2E00PHHeQ7j7fJpmlc50HsrtiDLrabsj6vh_t3UHmp3_rsVBx6IQcYInkW8EpAEqgNUCJEpoDogVuNiV2DgUpEaJpcVFI27w-xgjcQ:1vSsII:eBW3K1qooxA8ICK0ocSm4SzrvzhUMHFaFuZrFsLOMdM','2025-12-23 07:37:58.359579'),('fw9whvgmgv76xao1yj4tpoel4vb3yasp','.eJxVjEEOwiAQRe_C2hBgmBZcuvcMBGaoVA0kpV0Z765NutDtf-_9lwhxW0vYel7CzOIscBCn3zFFeuS6E77HemuSWl2XOcldkQft8to4Py-H-3dQYi_fmthRds57AKXQeXITg_EaYEwaPONktGGDWhG6bImRlDWZBhrRWu3F-wPwTDcp:1vfaej:MI-km99kfIZiCdjRVOHLaSSdHDdsdedm4ZfP0prVdNM','2026-01-27 09:25:41.641374'),('g0j35oty07z8b3ly02po9u0rq05xrh78','.eJxVjEsOwjAMBe-SNYpwksYxS_Y9Q2U7KS2gVOpnhbg7VOoCtm9m3st0vK1Dty1l7sZsLiaY0-8mrI9Sd5DvXG-T1amu8yh2V-xBF9tOuTyvh_t3MPAyfOsoqSgmIYeFwaPkTNo7AE8pQaDI2QcBTOQJI2ITXARQof7caxPYvD_XYjc0:1vbfzt:9LUgmKSBaNgfxr_Q1J5uQDIJpiDtYmppSVmJ2q5sgY4','2026-01-16 14:19:21.973793'),('g65a1vpssp51ie7vr83ltqy3mdo2kr7e','.eJxVjDsOwjAQBe_iGllLcFibkj5niPbjxQGUSHFSIe4OkVJA-2bmvVxP61L6tea5H9RdXAB3-B2Z5JHHjeidxtvkZRqXeWC_KX6n1XeT5ud1d_8OCtXyrUUCtBYzNJqJo2o6QjTJJpiYKGBKyRQFARVie8YGGg6BlfGUzMy9PzR1OQ4:1vceir:9On4lCMOfRWYnv79AUOqsySB38z0kZ1kP-Xe2Bn7y7k','2026-01-19 07:09:49.386278'),('g6v0nbih1po7xa31h3k2068ardukagfe','.eJxVjEsOwjAMBe-SNYqM0zgpS_Y9Q2UnDimgVupnhbg7VOoCtm9m3sv0vK213xad-yGbi0Fz-t2E00PHHeQ7j7fJpmlc50HsrtiDLrabsj6vh_t3UHmp3_rsVBx6IQcYInkW8EpAEqgNUCJEpoDogVuNiV2DgUpEaJpcVFI27w-xgjcQ:1vc2Cn:2sapdUXN5Wbvq6Wsz7jksGIB3beJZBjb-FVYwYQ6g2w','2026-01-17 14:02:09.672159'),('g9icop03577nolt01ki4sruzmdk3fy2f','.eJxVjEsOwjAMBe-SNYpwksYxS_Y9Q2U7KS2gVOpnhbg7VOoCtm9m3st0vK1Dty1l7sZsLiaY0-8mrI9Sd5DvXG-T1amu8yh2V-xBF9tOuTyvh_t3MPAyfOsoqSgmIYeFwaPkTNo7AE8pQaDI2QcBTOQJI2ITXARQof7caxPYvD_XYjc0:1vbfns:sYv3RERZpyaQFqD_fJh5OM5Fp3PNNaVNneg7ZdmDzfo','2026-01-16 14:06:56.451012'),('gbbv6linhosym7mzyjgd9jb66vedgcaw','.eJxVjDsOwjAQBe_iGlneGMcbSnrOYHk_4ABypDipEHeHSCmgfTPzXibldSlpbTqnUczJdMEcfkfK_NC6EbnnepssT3WZR7KbYnfa7GUSfZ539--g5Fa-dfBOUCIAEqkXCajo_NVFJOmlh46RHAE7UOCBow_uqHHIxOo5iJj3BwtFOIo:1vcf2A:ZFmTMBu5xmWgbrx-lhIZo8Fm6_LHgy-DXp-uk3MxkZs','2026-01-19 07:29:46.207113'),('gbz11j9qphoc95u9hnm3daww28tbvmew','.eJxVjDsOwjAQBe_iGlmx17-lpOcMlte7wgGUSHFSIe4OkVJA-2bmvVQu29ry1mXJI6uzMkGdfkcq9SHTTvheptus6zyty0h6V_RBu77OLM_L4f4dtNLbtwYAYeRoglC04jBY9EABIwDTkFz16CuSSbYmR4kkDdYxeBvEJST1_gDsiTc4:1vTSF1:BCD9MrixFn7uvYPsltKl60cX7Wm1r5uy3INgpcJDOzY','2025-12-24 22:00:59.201815'),('gdb6ty4jputur2rrheyfvjemr16c42fc','.eJxVjDsOwjAQBe_iGlneGMcbSnrOYHk_4ABypDipEHeHSCmgfTPzXibldSlpbTqnUczJdMEcfkfK_NC6EbnnepssT3WZR7KbYnfa7GUSfZ539--g5Fa-dfBOUCIAEqkXCajo_NVFJOmlh46RHAE7UOCBow_uqHHIxOo5iJj3BwtFOIo:1vcDJM:qBu56oc6wejZT-4Z9PxJvp3wARXhqJHtSa6e4Qt2YuQ','2026-01-18 01:53:40.485227'),('gdwbr0uihp1jcjw8f3xq9247wcy9ndxh','.eJxVjEsOwiAUAO_C2hDgmRZcuvcM5P0qVUOT0q6Md9eaLnQ7M5mnybguJa9N5zyKORnvzeEXEvJd62bkhvU6WZ7qMo9kt8TuttnLJPo47-3foGAr368bEvTgOEmnoEf0SBwBgkoIKB_du-AFIZIqa4pDJIddisrkkprXGwl2OLM:1vd0yU:K5Dn78qHvS9oX4uveJXY9sfEBeO3mMtjOwy-L9Eqo-Y','2026-01-20 06:55:26.256155'),('gr60kmbzp5u86sug1zeluc9i6fahsjev','.eJxVjDsOwjAQBe_iGlneGMcbSnrOYHk_4ABypDipEHeHSCmgfTPzXibldSlpbTqnUczJdMEcfkfK_NC6EbnnepssT3WZR7KbYnfa7GUSfZ539--g5Fa-dfBOUCIAEqkXCajo_NVFJOmlh46RHAE7UOCBow_uqHHIxOo5iJj3BwtFOIo:1vc2Cy:N8jr9mzb2La43PA1d-lYSkzXCg8HMKmyNdaScpbUrmQ','2026-01-17 14:02:20.256850'),('gx25rmjjk9irzynegrm049rbwgddz52z','.eJxVjEsOwiAUAO_C2hDgmRZcuvcM5P0qVUOT0q6Md9eaLnQ7M5mnybguJa9N5zyKORnvzeEXEvJd62bkhvU6WZ7qMo9kt8TuttnLJPo47-3foGAr368bEvTgOEmnoEf0SBwBgkoIKB_du-AFIZIqa4pDJIddisrkkprXGwl2OLM:1vWnbn:WfFeZ6HXaY3n2Vmxr--EK-pzAVFpyxgMCqLq1wozpXM','2026-01-03 03:26:19.946562'),('gz3ibw2rt9r6tl936qswhox17p56a9wa','.eJxVjDsOwjAQBe_iGllLcFibkj5niPbjxQGUSHFSIe4OkVJA-2bmvVxP61L6tea5H9RdXAB3-B2Z5JHHjeidxtvkZRqXeWC_KX6n1XeT5ud1d_8OCtXyrUUCtBYzNJqJo2o6QjTJJpiYKGBKyRQFARVie8YGGg6BlfGUzMy9PzR1OQ4:1vcdrJ:Cnwg-vr_8-f9u0jDaNgML3Yt7Sh-Wt4JoxGG4bVPG-Q','2026-01-19 06:14:29.724140'),('h2cqg5toesun35dlhvh9zhtmpqrafw1q','.eJxVjMsOwiAQRf-FtSHMQHm4dN9vIAyDUjU0Ke3K-O_apAvd3nPOfYmYtrXGrZclTizOYnDi9DtSyo_SdsL31G6zzHNbl4nkrsiDdjnOXJ6Xw_07qKnXbw0mZR2CK5g9a-OA7BXYAYMqZkBQqEzmYDVqAo_eAaiAJoC3AEwk3h_gaDZ2:1vpjCZ:MbwjEL5zT4T0y8lj7kiI4a7SFKGT3n2TbRgzwTujiCQ','2026-02-24 08:34:31.448025'),('h4mrcan0ab9rvgjt8d5wvje4iuieon1b','.eJxVjEEOwiAQRe_C2pAAhSku3XsGMjMMUjU0Ke3KeHdt0oVu_3vvv1TCba1p67KkKauz8l6dfkdCfkjbSb5ju82a57YuE-ld0Qft-jpneV4O9--gYq_f2mIZwIQIVAyzGQHBIoZgSkYkCjxER2UET2xRIHCULM4ZkRwjRlDvDypaOTo:1vfZWk:nDE6rbvTSucRgXtT-1TZhusK3lTl6OA0e5LvqSjuF_I','2026-01-27 08:13:22.858632'),('h4n3dwfm2338flnm0f1u2n6mcq9bx9xa','.eJxVjEsOwiAUAO_C2hDgmRZcuvcM5P0qVUOT0q6Md9eaLnQ7M5mnybguJa9N5zyKORnvzeEXEvJd62bkhvU6WZ7qMo9kt8TuttnLJPo47-3foGAr368bEvTgOEmnoEf0SBwBgkoIKB_du-AFIZIqa4pDJIddisrkkprXGwl2OLM:1vdmwY:CZnMpO9IUnrwlPT9XGr2xDRmPXz09v2c5e3QQBHdbxU','2026-01-22 10:08:38.523108'),('h4vi820ins77jr90xjefqad25nzsojh7','.eJxVjDsOgzAQRO_iOrIw_uGU6TmDtfbuxiQRljBUUe4ekCgSaap5b-YtImxriVujJU4orkIHcfktE-QnzQfBB8z3KnOd12VK8lDkSZscK9Lrdrp_BwVa2deAjiwnbUgNLlvlEAbmhB1nTQoxhN6AzqF3zGjJKN976vYoz-QViM8XO005BA:1vkHvQ:iuPZ_kmCqj1OiGXPLsGcz1yKBf2a5OSQlUxnlVbQ93c','2026-02-09 08:26:20.976084'),('h6vs7m2p2jb73fxxg2evr30fi9saxvtq','.eJxVjEsOwjAMBe-SNYpwksYxS_Y9Q2U7KS2gVOpnhbg7VOoCtm9m3st0vK1Dty1l7sZsLiaY0-8mrI9Sd5DvXG-T1amu8yh2V-xBF9tOuTyvh_t3MPAyfOsoqSgmIYeFwaPkTNo7AE8pQaDI2QcBTOQJI2ITXARQof7caxPYvD_XYjc0:1vamcF:HL2odHPJDkzvDJWa72faKZmfiEK-Or25pXWe5kFp8Ds','2026-01-14 03:11:15.227879'),('h9q5g1nsb0cxfqgonldc8dp9wqzmp28i','.eJxVjDsOwjAQBe_iGlneGMcbSnrOYHk_4ABypDipEHeHSCmgfTPzXibldSlpbTqnUczJdMEcfkfK_NC6EbnnepssT3WZR7KbYnfa7GUSfZ539--g5Fa-dfBOUCIAEqkXCajo_NVFJOmlh46RHAE7UOCBow_uqHHIxOo5iJj3BwtFOIo:1vUMHX:HZrCkjEGdNJGPdnMeoTHA6TXfq80iZVwTeZRd3XoD4E','2025-12-27 09:51:19.953816'),('hc0csr4yobm7nikhgr5ii12wjovow5h3','.eJxVjM0OwiAQhN-FsyFQfrbx6N1nILssSNVAUtqT8d2VpAed43zfzEsE3LcS9p7WsLA4CyNOvx1hfKQ6AN-x3pqMrW7rQnIo8qBdXhun5-Vw_w4K9jLWlGcAD0qnrEhrYxiY7awm1pldBMeJLGb6xns0AHFy4DICIlky4v0B_WY45Q:1vaOOl:UmdaaX92oxjJD_BmgZ5KjH-0dWJiElRwJLzCH0uxgcU','2026-01-13 01:19:43.618732'),('hdun51v5lqwfyi7yyrz2zr8bp1toizfi','.eJxVjEsOwiAUAO_C2hDgmRZcuvcM5P0qVUOT0q6Md9eaLnQ7M5mnybguJa9N5zyKORnvzeEXEvJd62bkhvU6WZ7qMo9kt8TuttnLJPo47-3foGAr368bEvTgOEmnoEf0SBwBgkoIKB_du-AFIZIqa4pDJIddisrkkprXGwl2OLM:1vTdgH:QJnPn5UGZNcTXHECG8veqcyzPDv0JbqcBiF21ppFpdk','2025-12-25 10:13:53.359228'),('hf0rlnfjl5zvrabc2o2ez32u6t9hfyeh','.eJxVjEsOwjAMBe-SNYqM0zgpS_Y9Q2UnDimgVupnhbg7VOoCtm9m3sv0vK213xad-yGbi0Fz-t2E00PHHeQ7j7fJpmlc50HsrtiDLrabsj6vh_t3UHmp3_rsVBx6IQcYInkW8EpAEqgNUCJEpoDogVuNiV2DgUpEaJpcVFI27w-xgjcQ:1vSwuD:9nTGqGkyf3X5IoKq3-2HQlt5XBLWVtrzxfcDxj8UzU0','2025-12-23 12:33:25.134518'),('hgcgbzkuay33391v46w5r6em6mtydmr4','.eJxVjDsOwjAQBe_iGln4mw0lPWew1vYuDiBbipMKcXcSKQW0b2beWwRclxLWTnOYsrgIK06_W8T0pLqD_MB6bzK1usxTlLsiD9rlrWV6XQ_376BgL1sdPVHO6OCsB6_AIYGyOtkxGgUqOQ3MjvTIrFgbzzgY5RNYB3rzKInPF-LRN38:1vXfBZ:krTlhe7c_YXKgNrt0l5iEmGdAwZZozpfWl8cHbMfJoE','2026-01-05 12:38:49.115409'),('hh9gmxjs1wuzzad2hum31uztcbxmyj1o','.eJxVjEsOwjAMBe-SNYpwksYxS_Y9Q2U7KS2gVOpnhbg7VOoCtm9m3st0vK1Dty1l7sZsLiaY0-8mrI9Sd5DvXG-T1amu8yh2V-xBF9tOuTyvh_t3MPAyfOsoqSgmIYeFwaPkTNo7AE8pQaDI2QcBTOQJI2ITXARQof7caxPYvD_XYjc0:1vbfnl:VybfG2SYf-1BfJg_kThuVBbL8U_xw1ZOSEBcw0XmkvE','2026-01-16 14:06:49.117539'),('hhcww3o5yrzpjkbawso2s7pkl9agrcuh','.eJxVjEsOwiAUAO_C2hDgmRZcuvcM5P0qVUOT0q6Md9eaLnQ7M5mnybguJa9N5zyKORnvzeEXEvJd62bkhvU6WZ7qMo9kt8TuttnLJPo47-3foGAr368bEvTgOEmnoEf0SBwBgkoIKB_du-AFIZIqa4pDJIddisrkkprXGwl2OLM:1vaoQY:p0JKWr59j-gvSvxmrH1gTc9qSwqV9SzNbg4_KapRYug','2026-01-14 05:07:18.463334'),('hkzwlzb4pdl8i7e497my3idzz8szygg9','.eJxVjMsOwiAQRf-FtSEw0IG6dO83kBkeUjU0Ke3K-O_apAvd3nPOfYlA21rD1vMSpiTOAp04_Y5M8ZHbTtKd2m2WcW7rMrHcFXnQLq9zys_L4f4dVOr1Wys3Kq0YqTBG78EnGi2mAmCYtAE2nLNX2lHRQyajIyZrAYcCaAqReH8ABog4Iw:1vyUf6:TwUXoxJArOE9xZjKOR1Ol-i2_2DMhTWVdTLJWRyg8gc','2026-03-20 12:52:12.199066'),('hmi4zpfpotul6ccvn5htn0pfx9scyc26','.eJxVjDsOwjAQBe_iGllLcFibkj5niPbjxQGUSHFSIe4OkVJA-2bmvVxP61L6tea5H9RdXAB3-B2Z5JHHjeidxtvkZRqXeWC_KX6n1XeT5ud1d_8OCtXyrUUCtBYzNJqJo2o6QjTJJpiYKGBKyRQFARVie8YGGg6BlfGUzMy9PzR1OQ4:1vcJAB:6FTjnMu7OA9DhbuZ4KHoL4exdFQwiGN6cuwnlKAbZ-M','2026-01-18 08:08:35.891687'),('hpbwigguhu3revrd9peh4592djy88iyr','.eJxVjDsOwjAQBe_iGln2-kco6XMGa71r4wCypXwqxN0hUgpo38y8l4i4rTVuS57jxOIinBen3zEhPXLbCd-x3bqk3tZ5SnJX5EEXOXbOz-vh_h1UXOq3phAMkR4M-mItsAJNPNiAkBRlq7JTEKwx7qzVkAMgcFHIGFLRHnQR7w_6yze8:1vr8zb:U0rnqUOUGYFho21nK56wCz46xMXKh7G9GC411nZVEFM','2026-02-28 06:18:59.996884'),('hq690w7dihpafac6qq7wlpsjchpl6bcy','.eJxVjEEOwiAQRe_C2pAJ0Jni0r1nIANMpWpoUtpV491tky50-997f1OB16WEtckcxqyuquvV5XeMnF5SD5KfXB-TTlNd5jHqQ9Enbfo-ZXnfTvfvoHArey3RsXgmIGPYIzm2QByBskPTCwLBEK0IGnTiAcG7ocvk_Q5tElSfLwBvN5A:1vkGRo:Oygg4rdam4l3-wFAKTQhAqpNxCk5uzG4MRpjsgkzBa4','2026-02-09 06:51:40.873533'),('hyxs9unn685xxahcnlfj1qjhlh1kdn33','.eJxVjMsOwiAQRf-FtSHMQHm4dN9vIAyDUjU0Ke3K-O_apAvd3nPOfYmYtrXGrZclTizOYnDi9DtSyo_SdsL31G6zzHNbl4nkrsiDdjnOXJ6Xw_07qKnXbw0mZR2CK5g9a-OA7BXYAYMqZkBQqEzmYDVqAo_eAaiAJoC3AEwk3h_gaDZ2:1vr91F:6DZhCEfDv07yeahTK8gRP9XLWUInz5dTugrlOp64BuE','2026-02-28 06:20:41.901856'),('hzsjf9dxw0dyj6hqnw7tjuo6hsk7vdkh','.eJxVjDsOwjAQBe_iGln-LpiSPmewdtc2DiBHipMKcXdkKQW0b2beW0Tctxr3ntc4J3EV4MXpdyTkZ26DpAe2-yJ5ads6kxyKPGiX05Ly63a4fwcVex01lZDYG9DBcmEGsI600hicAeTAJjM5uCQu5HU4G2UzF_SkyIBNKD5fKMQ46Q:1vr8zL:AKyp5e3pH-JgnQjc-amTT4Ck0y7NlQqrijqx8h-OxtE','2026-02-28 06:18:43.219458'),('i4m4j9vpnuv4dc9f79mw1zxxnqd2dbzr','.eJxVjEsOwiAUAO_C2hDgmRZcuvcM5P0qVUOT0q6Md9eaLnQ7M5mnybguJa9N5zyKORnvzeEXEvJd62bkhvU6WZ7qMo9kt8TuttnLJPo47-3foGAr368bEvTgOEmnoEf0SBwBgkoIKB_du-AFIZIqa4pDJIddisrkkprXGwl2OLM:1vcgY0:riJJS78ZR7Y2TFYiw5uohOyKt3oiCuUAUcRcuXu7Ga8','2026-01-19 09:06:44.269582'),('i7iourg8jxiftpdhplduu16k07wsaz6u','.eJxVjDsOwjAQBe_iGlneGMcbSnrOYHk_4ABypDipEHeHSCmgfTPzXibldSlpbTqnUczJdMEcfkfK_NC6EbnnepssT3WZR7KbYnfa7GUSfZ539--g5Fa-dfBOUCIAEqkXCajo_NVFJOmlh46RHAE7UOCBow_uqHHIxOo5iJj3BwtFOIo:1vdmx5:ofeHz4cOAYIgwRG_rQ-zJbRdWJYjIt8BuPhLFrE9Zf8','2026-01-22 10:09:11.419540'),('i7ujs0s66mzp8c418xm0siklywu34xbr','.eJxVjMsOwiAQRf-FtSEw0IG6dO83kBkeUjU0Ke3K-O_apAvd3nPOfYlA21rD1vMSpiTOAp04_Y5M8ZHbTtKd2m2WcW7rMrHcFXnQLq9zys_L4f4dVOr1Wys3Kq0YqTBG78EnGi2mAmCYtAE2nLNX2lHRQyajIyZrAYcCaAqReH8ABog4Iw:1vsdsQ:lQlcaGzOeQPKD8TQyaUobAbdp1z8YJx3xVpdibqEvvo','2026-03-04 09:29:46.662218'),('i9i61gxtsh16yyye1u7o83rc4bi155wx','.eJxVjEsOwiAUAO_C2hDgmRZcuvcM5P0qVUOT0q6Md9eaLnQ7M5mnybguJa9N5zyKORnvzeEXEvJd62bkhvU6WZ7qMo9kt8TuttnLJPo47-3foGAr368bEvTgOEmnoEf0SBwBgkoIKB_du-AFIZIqa4pDJIddisrkkprXGwl2OLM:1vbgBh:_ySBNi1icD-t4Qmo_w5nQV0kSrl30ftzVQRRMr3g5Jc','2026-01-16 14:31:33.317710'),('i9mjyya2od5vas8w6cbwqyb84j3aksyv','.eJxVjEEOwiAQRe_C2pAAhSku3XsGMjMMUjU0Ke3KeHdt0oVu_3vvv1TCba1p67KkKauz8l6dfkdCfkjbSb5ju82a57YuE-ld0Qft-jpneV4O9--gYq_f2mIZwIQIVAyzGQHBIoZgSkYkCjxER2UET2xRIHCULM4ZkRwjRlDvDypaOTo:1vpjKK:AA-lNpQHlQQByTR7cgZD5o4aJqtNhnknxwybG3AeJag','2026-02-24 08:42:32.741692'),('i9qpxv99t0sr7hvkxjdjbkwklhfs5jiw','.eJxVjEEOwiAQRe_C2hBgmBZcuvcMBGaoVA0kpV0Z765NutDtf-_9lwhxW0vYel7CzOIscBCn3zFFeuS6E77HemuSWl2XOcldkQft8to4Py-H-3dQYi_fmthRds57AKXQeXITg_EaYEwaPONktGGDWhG6bImRlDWZBhrRWu3F-wPwTDcp:1vi5Hk:PebvCj033Cwpmt9Zuqqmli_lR5g7Ga87fjMRCZYNQfQ','2026-02-03 06:32:16.919938'),('i9yjzkcxyen67sd4wehhc5mgydpo1rfj','.eJxVjMsOgjAUBf-la9O09EVduucbmt5HBTUlobAy_ruQsNDtmZnzFilv65i2xkuaSFyF1-LyO0LGJ9eD0CPX-yxxrusygTwUedImh5n4dTvdv4Mxt3GvA0cPkRSjMhg7cDEXV_pgHHurO4XkNBjqegJrLRa368EEZYo1jADi8wUNgzg_:1vpjB9:2BKwM-1lHOmZUAZIFUUV9xpGqKbwzZOpOgRwttEH0W0','2026-02-24 08:33:03.285290'),('ia8ypyl670d7apwznhwo2dibrb5prq2q','.eJxVjEsOwjAMBe-SNYpwksYxS_Y9Q2U7KS2gVOpnhbg7VOoCtm9m3st0vK1Dty1l7sZsLiaY0-8mrI9Sd5DvXG-T1amu8yh2V-xBF9tOuTyvh_t3MPAyfOsoqSgmIYeFwaPkTNo7AE8pQaDI2QcBTOQJI2ITXARQof7caxPYvD_XYjc0:1vbfgS:DG8R4EXDDYUckuTDQMVwis6ByzNqVMYp30paL4hzK6A','2026-01-16 13:59:16.790623'),('idy8ipjt6i5x87byznoiahcbvtt6fjv6','.eJxVjDsOwjAQBe_iGlneGMcbSnrOYHk_4ABypDipEHeHSCmgfTPzXibldSlpbTqnUczJdMEcfkfK_NC6EbnnepssT3WZR7KbYnfa7GUSfZ539--g5Fa-dfBOUCIAEqkXCajo_NVFJOmlh46RHAE7UOCBow_uqHHIxOo5iJj3BwtFOIo:1vbucM:a8_TmqTqQmVHxjmmgIqEQE1PxZT7KPI4Gw7d7U7rddI','2026-01-17 05:56:02.159214'),('ii81tjzf36wmy9vu0jm0eb4r06aavvhb','.eJxVjDsOgzAQRO_iOrIw_uGU6TmDtfbuxiQRljBUUe4ekCgSaap5b-YtImxriVujJU4orkIHcfktE-QnzQfBB8z3KnOd12VK8lDkSZscK9Lrdrp_BwVa2deAjiwnbUgNLlvlEAbmhB1nTQoxhN6AzqF3zGjJKN976vYoz-QViM8XO005BA:1vcHF7:NGvonqTbcF-_XwwGrCoAlytR-YVYRvMt7gyB5J3LQ_g','2026-01-18 06:05:33.235338'),('ikw09wcuknxzk6vv488j5tobduuwn099','.eJxVjDsOwjAQBe_iGln-LpiSPmewdtc2DiBHipMKcXdkKQW0b2beW0Tctxr3ntc4J3EV4MXpdyTkZ26DpAe2-yJ5ads6kxyKPGiX05Ly63a4fwcVex01lZDYG9DBcmEGsI600hicAeTAJjM5uCQu5HU4G2UzF_SkyIBNKD5fKMQ46Q:1vr8hI:9QKzvBLXY48Y3BJ8V32LeRCf97457L9cAiuH5QeqLfw','2026-02-28 06:00:04.031669'),('iogbkwhc43kjd4pw1qqpip62batx4hl4','.eJxVjDsOwjAQBe_iGllLcFibkj5niPbjxQGUSHFSIe4OkVJA-2bmvVxP61L6tea5H9RdXAB3-B2Z5JHHjeidxtvkZRqXeWC_KX6n1XeT5ud1d_8OCtXyrUUCtBYzNJqJo2o6QjTJJpiYKGBKyRQFARVie8YGGg6BlfGUzMy9PzR1OQ4:1vcHS4:mj8Vy8pteDcllYeNE0Vdyu8_ws8MdjysbsMSihBrcyA','2026-01-18 06:18:56.548084'),('ir8oms05n33fq7wcsvyyf2suzvyimt5b','.eJxVjDsOwjAQBe_iGlneGMcbSnrOYHk_4ABypDipEHeHSCmgfTPzXibldSlpbTqnUczJdMEcfkfK_NC6EbnnepssT3WZR7KbYnfa7GUSfZ539--g5Fa-dfBOUCIAEqkXCajo_NVFJOmlh46RHAE7UOCBow_uqHHIxOo5iJj3BwtFOIo:1vcfpC:PZmA8no7LgRieLleh7F5olRRFg-HJsvsA1oo8vz5Pec','2026-01-19 08:20:26.340426'),('iruiyfmg6uo581kuognj7rrb8uqhb0bs','.eJxVjDsOwjAQBe_iGlneGMcbSnrOYHk_4ABypDipEHeHSCmgfTPzXibldSlpbTqnUczJdMEcfkfK_NC6EbnnepssT3WZR7KbYnfa7GUSfZ539--g5Fa-dfBOUCIAEqkXCajo_NVFJOmlh46RHAE7UOCBow_uqHHIxOo5iJj3BwtFOIo:1vTFGK:QZriqWZGgVFKvtWuvcm7XbtaObZlsBgDyufAysW4x5Q','2025-12-24 08:09:28.903141'),('iwy7b2dtspepo7uj5uz4qa22j5p5efmb','.eJxVjDsOwjAQBe_iGlneGMcbSnrOYHk_4ABypDipEHeHSCmgfTPzXibldSlpbTqnUczJdMEcfkfK_NC6EbnnepssT3WZR7KbYnfa7GUSfZ539--g5Fa-dfBOUCIAEqkXCajo_NVFJOmlh46RHAE7UOCBow_uqHHIxOo5iJj3BwtFOIo:1vcf21:osSDQLzzBLPVbA8owdweWdL4K3n91mMFByNbpbdWZeI','2026-01-19 07:29:37.761217'),('iwzeu752skm5uxfo95v8ibzoub88rqgm','.eJxVjEsOwiAUAO_C2hDgmRZcuvcM5P0qVUOT0q6Md9eaLnQ7M5mnybguJa9N5zyKORnvzeEXEvJd62bkhvU6WZ7qMo9kt8TuttnLJPo47-3foGAr368bEvTgOEmnoEf0SBwBgkoIKB_du-AFIZIqa4pDJIddisrkkprXGwl2OLM:1vbu9a:4VaUunyBm5q3DlsAExlhK81xHx9U8JYXeVoJeOgob4w','2026-01-17 05:26:18.425790'),('ixlznr0j8fastexktofp3orn1jmam9ng','.eJxVjEEOwiAQRe_C2pAAhSku3XsGMjMMUjU0Ke3KeHdt0oVu_3vvv1TCba1p67KkKauz8l6dfkdCfkjbSb5ju82a57YuE-ld0Qft-jpneV4O9--gYq_f2mIZwIQIVAyzGQHBIoZgSkYkCjxER2UET2xRIHCULM4ZkRwjRlDvDypaOTo:1vrtkD:AWKzqSHN1S5rm3NSxsjFK6MrB9SowieWKATzRW7iGKA','2026-03-02 08:14:13.659490'),('ixn6qqwy01rfab75royrbjtophk213mg','.eJxVjDsOwjAQBe_iGln-fyjpOYO1Xq9xADlSnFSIu0OkFNC-mXkvlmBbW9oGLWkq7MycZqffMQM-qO-k3KHfZo5zX5cp813hBx38Ohd6Xg7376DBaN86K7KONHowIWJwMthcLXlXIQchAZ1GikWY4KkKjMroHD1AVSA1OsPeHxo6OHQ:1vnkNq:nqLtPuTEXgGMD7c0wXvLmPPc0qh8rZpDTapbSmTJsEU','2026-02-18 21:25:58.186403'),('j182q12jy0ss85hkxgbgmzwehwakvws9','.eJxVjDsOwjAQBe_iGlneGMcbSnrOYHk_4ABypDipEHeHSCmgfTPzXibldSlpbTqnUczJdMEcfkfK_NC6EbnnepssT3WZR7KbYnfa7GUSfZ539--g5Fa-dfBOUCIAEqkXCajo_NVFJOmlh46RHAE7UOCBow_uqHHIxOo5iJj3BwtFOIo:1vavI3:5cRtGyYD1INn1reCBpdLRxtoWpwjlv1CTR-gl78YwN8','2026-01-14 12:26:59.632457'),('j33x1ghwdrzkgpku9f5bw8dd9a1itg61','.eJxVjEsOwjAMBe-SNYqM0zgpS_Y9Q2UnDimgVupnhbg7VOoCtm9m3sv0vK213xad-yGbi0Fz-t2E00PHHeQ7j7fJpmlc50HsrtiDLrabsj6vh_t3UHmp3_rsVBx6IQcYInkW8EpAEqgNUCJEpoDogVuNiV2DgUpEaJpcVFI27w-xgjcQ:1vandx:-a--7m51SfV-AcwIp-306d8fPSVf0r_DH5ujHnkVBKA','2026-01-14 04:17:05.132928'),('j7s8b7w1moglo5qu4rcj30su7a1pok3q','.eJxVjEsOwjAMBe-SNYpwksYxS_Y9Q2U7KS2gVOpnhbg7VOoCtm9m3st0vK1Dty1l7sZsLiaY0-8mrI9Sd5DvXG-T1amu8yh2V-xBF9tOuTyvh_t3MPAyfOsoqSgmIYeFwaPkTNo7AE8pQaDI2QcBTOQJI2ITXARQof7caxPYvD_XYjc0:1vbfwp:92j7f9220r6PlSqEfCf2LM-CjWiVPmIBkyNn9jf1oPM','2026-01-16 14:16:11.123718'),('j8dyc9mlrh27oxyx3dor5r21lvvrled4','.eJxVjEEOwiAQRe_C2hBgmBZcuvcMBGaoVA0kpV0Z765NutDtf-_9lwhxW0vYel7CzOIscBCn3zFFeuS6E77HemuSWl2XOcldkQft8to4Py-H-3dQYi_fmthRds57AKXQeXITg_EaYEwaPONktGGDWhG6bImRlDWZBhrRWu3F-wPwTDcp:1vi7SG:VOYgC9RwF6fNLWLjZfbpSeTLXnDQicaBhcRBgwOxlL4','2026-02-03 08:51:16.314762'),('j92w4lg6xdv2cagcibo0p3481h9e0pg8','.eJxVjEsOwjAMBe-SNYpwksYxS_Y9Q2U7KS2gVOpnhbg7VOoCtm9m3st0vK1Dty1l7sZsLiaY0-8mrI9Sd5DvXG-T1amu8yh2V-xBF9tOuTyvh_t3MPAyfOsoqSgmIYeFwaPkTNo7AE8pQaDI2QcBTOQJI2ITXARQof7caxPYvD_XYjc0:1vcJA3:Hm8BpYoR0TSDoryRGASn6sFVmddUj_OZ420XCS69cq4','2026-01-18 08:08:27.030410'),('jckmkw2lzcn42s7fpw7ic7qxnhctoywm','.eJxVjDsOwjAQBe_iGlneGMcbSnrOYHk_4ABypDipEHeHSCmgfTPzXibldSlpbTqnUczJdMEcfkfK_NC6EbnnepssT3WZR7KbYnfa7GUSfZ539--g5Fa-dfBOUCIAEqkXCajo_NVFJOmlh46RHAE7UOCBow_uqHHIxOo5iJj3BwtFOIo:1vbf7H:JuyXzxRpbXXXDdWUKVb4Y3Ifz18GRzDNXI6OXIMnqNQ','2026-01-16 13:22:55.725125'),('jf4e6vxop4zjsnaw5m79bil85s6p52rk','.eJxVjDsOwjAQBe_iGlneGMcbSnrOYHk_4ABypDipEHeHSCmgfTPzXibldSlpbTqnUczJdMEcfkfK_NC6EbnnepssT3WZR7KbYnfa7GUSfZ539--g5Fa-dfBOUCIAEqkXCajo_NVFJOmlh46RHAE7UOCBow_uqHHIxOo5iJj3BwtFOIo:1vTHvn:brOatA_nvt7BNswiCHL4CkhosZ0VbeEmjPPENhxBwgU','2025-12-24 11:00:27.426096'),('jmbjb188opdqrkmz9u0tlixzxxw5vq4r','.eJxVjDsOwjAQBe_iGln-fyjpOYO1Xq9xADlSnFSIu0OkFNC-mXkvlmBbW9oGLWkq7MycZqffMQM-qO-k3KHfZo5zX5cp813hBx38Ohd6Xg7376DBaN86K7KONHowIWJwMthcLXlXIQchAZ1GikWY4KkKjMroHD1AVSA1OsPeHxo6OHQ:1vmdcg:nUYQLS5yneBbbuGJ5rbbXeFwzvxCwNV7R-OA6pB3oUw','2026-02-15 20:00:42.911021'),('jowpeyp13j907gnusjxa4lny3u2fzpcd','.eJxVjMsOwiAQRf-FtSFQHtO6dO83kGEYpGogKe3K-O_apAvd3nPOfYmA21rC1nkJcxJnoa04_Y4R6cF1J-mO9dYktbouc5S7Ig_a5bUlfl4O9--gYC_f2pnIFL3zrEBl8jhMalCGAUgnPRqVR4gAySrvPVnOGjWxmZxFwEhavD__3jf5:1vTRtQ:mEPuHpJvjQoweosmd263cXiAzBIIKSpb4-5s15gzPY0','2025-12-24 21:38:40.725270'),('js5rzb8gxmp66s9yd34x3dwq7yl3zy73','.eJxVjEsOwiAUAO_C2hDgmRZcuvcM5P0qVUOT0q6Md9eaLnQ7M5mnybguJa9N5zyKORnvzeEXEvJd62bkhvU6WZ7qMo9kt8TuttnLJPo47-3foGAr368bEvTgOEmnoEf0SBwBgkoIKB_du-AFIZIqa4pDJIddisrkkprXGwl2OLM:1vWoa8:siuZsa0i-KoxGWXjESWPi3TZ7YRGQOe-TzEIc3HbEAc','2026-01-03 04:28:40.740669'),('ju2cf4evxcxkkzyafuyravm8cmkfliev','.eJxVjEsOwjAMBe-SNYqM0zgpS_Y9Q2UnDimgVupnhbg7VOoCtm9m3sv0vK213xad-yGbi0Fz-t2E00PHHeQ7j7fJpmlc50HsrtiDLrabsj6vh_t3UHmp3_rsVBx6IQcYInkW8EpAEqgNUCJEpoDogVuNiV2DgUpEaJpcVFI27w-xgjcQ:1vSsCg:ix-PGWndxoN9gMDJ7y_B0hOH1vEeH92p2kpci_YsAgM','2025-12-23 07:32:10.522818'),('judla3dekemikurct38n2bx7bp3u0h0f','.eJxVjDsOwjAQBe_iGlneGMcbSnrOYHk_4ABypDipEHeHSCmgfTPzXibldSlpbTqnUczJdMEcfkfK_NC6EbnnepssT3WZR7KbYnfa7GUSfZ539--g5Fa-dfBOUCIAEqkXCajo_NVFJOmlh46RHAE7UOCBow_uqHHIxOo5iJj3BwtFOIo:1vavDI:JzPgezEkJukcOQP5U8ejRCJpaRaTKkB78jYTfOL9SGw','2026-01-14 12:22:04.379333'),('jwzlyxp2qdq091e9dhr9ga99eptxabca','.eJxVjDsOwyAQBe9CHSHAfFOm9xkQ612CkwgkY1dR7h5bcpG0b2bem8W0rSVunZY4I7syxS6_G6TpSfUA-Ej13vjU6rrMwA-Fn7TzsSG9bqf7d1BSL3strFGDk8EOFLQjIRE9WglKCE85BRC0G04jOQsKjR40ZC-DUsZClo59vriaNuk:1vSe6S:gjOtTBwneMX9d7qncND8Ud0nkSRDB5J3PL12Ms9WBzg','2025-12-22 16:28:48.606022'),('k88a3nxac2dwa4onsy5nk7zk13l9ib6g','.eJxVjDsOwjAQBe_iGlneGMcbSnrOYHk_4ABypDipEHeHSCmgfTPzXibldSlpbTqnUczJdMEcfkfK_NC6EbnnepssT3WZR7KbYnfa7GUSfZ539--g5Fa-dfBOUCIAEqkXCajo_NVFJOmlh46RHAE7UOCBow_uqHHIxOo5iJj3BwtFOIo:1vc2Kq:I3zMLsQMJbqCxhHCtiRWsTyE-IhCIjaQJYohyqID0zI','2026-01-17 14:10:28.086587'),('k9b448ijxxsubwbwdjxa2owrex4qhdyh','.eJxVjDsOwjAQBe_iGln-fyjpOYO1Xq9xADlSnFSIu0OkFNC-mXkvlmBbW9oGLWkq7MycZqffMQM-qO-k3KHfZo5zX5cp813hBx38Ohd6Xg7376DBaN86K7KONHowIWJwMthcLXlXIQchAZ1GikWY4KkKjMroHD1AVSA1OsPeHxo6OHQ:1vpjD1:TTQBsiuzVDCeHGCL1YDLILQph9eq7IFjhfdq6L3mnUo','2026-02-24 08:34:59.386869'),('kbv29rzsbvfeun4nu9lccn2j9x4pyjrt','.eJxVjDsOwjAQBe_iGlneGMcbSnrOYHk_4ABypDipEHeHSCmgfTPzXibldSlpbTqnUczJdMEcfkfK_NC6EbnnepssT3WZR7KbYnfa7GUSfZ539--g5Fa-dfBOUCIAEqkXCajo_NVFJOmlh46RHAE7UOCBow_uqHHIxOo5iJj3BwtFOIo:1vUvPv:JG5_ih250EjC-gZ4qp1Pkfdw-wJqcxcXixwb_rOw2SU','2025-12-28 23:22:19.515978'),('kdoqu569ng32a8n7y5q95an90uqcuy81','.eJxVjDsOwjAQBe_iGlneGMcbSnrOYHk_4ABypDipEHeHSCmgfTPzXibldSlpbTqnUczJdMEcfkfK_NC6EbnnepssT3WZR7KbYnfa7GUSfZ539--g5Fa-dfBOUCIAEqkXCajo_NVFJOmlh46RHAE7UOCBow_uqHHIxOo5iJj3BwtFOIo:1vc1xm:rZtC1LjCVlhYHrfTu553Q9mkGoLAeKV3WY4gXfSEfUU','2026-01-17 13:46:38.318107'),('ker0lwv9ale003t0lnajy13rk41p04tc','.eJxVjDsOwjAQBe_iGlneGMcbSnrOYHk_4ABypDipEHeHSCmgfTPzXibldSlpbTqnUczJdMEcfkfK_NC6EbnnepssT3WZR7KbYnfa7GUSfZ539--g5Fa-dfBOUCIAEqkXCajo_NVFJOmlh46RHAE7UOCBow_uqHHIxOo5iJj3BwtFOIo:1vc2Yg:07xZs1YEnPKXtbZpbCSGQSDfhSN0sG_IX9mJ0F4yx4Q','2026-01-17 14:24:46.624433'),('kf88rfjy8mupi1lyiq7ahclf2d7ifmc0','.eJxVjEsOwjAMBe-SNYpwksYxS_Y9Q2U7KS2gVOpnhbg7VOoCtm9m3st0vK1Dty1l7sZsLiaY0-8mrI9Sd5DvXG-T1amu8yh2V-xBF9tOuTyvh_t3MPAyfOsoqSgmIYeFwaPkTNo7AE8pQaDI2QcBTOQJI2ITXARQof7caxPYvD_XYjc0:1vaUSE:5onOnQxKR8O6eClvmHtInnEHCj4dg_lvQ5kBDobyTIQ','2026-01-13 07:47:42.605647'),('kfvmgp7j0lauealnrl97boaczlcf8jr6','.eJxVjEsOwjAMBe-SNYrqVHFSluw5Q2TXMSmgROpnhbg7VOoCtm9m3ssk2taStiXPaRJzNmBOvxvT-Mh1B3Knemt2bHWdJ7a7Yg-62GuT_Lwc7t9BoaV86-h6FMAwoCq7oWMHgv2oAlEJRYAJMUP0oB4GIvbBO-1YNOQuQG_eH-IaOAA:1vLbU2:SNak3NJK8auN16odnm7bmpTbJjzlM4cEaRlg91WLIB0','2025-12-03 06:16:02.936153'),('kghmercko2qk7e6ief3ei93xjayu1hpu','.eJxVjMsOwiAURP-FtSFXytOle7-BwL0gVQNJaVfGf5cmXehuMnPOvJkP21r81tPiZ2IXph07_ZYx4DPVfaFHqPfGsdV1mSPfEX6snd8apdf1YP8OSuhl2EFYoSPmKWR0pMBFxKyEJGcySDOSAKsRgSRKSFYMASiJMyozkQP2-QIc5zgE:1voUtw:lwBjDrQyha5qHKydSi_KwH4Nfs_LxPsfYIyPFHd4-nI','2026-02-20 23:06:12.888401'),('kk1wimxiacmbzw4owv1sr95wyiejs8ng','.eJxVjDsOwjAQBe_iGllLcFibkj5niPbjxQGUSHFSIe4OkVJA-2bmvVxP61L6tea5H9RdXAB3-B2Z5JHHjeidxtvkZRqXeWC_KX6n1XeT5ud1d_8OCtXyrUUCtBYzNJqJo2o6QjTJJpiYKGBKyRQFARVie8YGGg6BlfGUzMy9PzR1OQ4:1vcIYC:lERA6nGwImDWD-3D6B_lEvM9fSa_QKjk10ell_50bZk','2026-01-18 07:29:20.034465'),('klp033r7mz6y0gbojk76a5rv3mxfwrxo','.eJxVjEsOwiAUAO_C2hDgmRZcuvcM5P0qVUOT0q6Md9eaLnQ7M5mnybguJa9N5zyKORnvzeEXEvJd62bkhvU6WZ7qMo9kt8TuttnLJPo47-3foGAr368bEvTgOEmnoEf0SBwBgkoIKB_du-AFIZIqa4pDJIddisrkkprXGwl2OLM:1vTd0g:QBd46awDdQkND9eIZZXrp-OOoK2WYWTH6MRpA-cgtao','2025-12-25 09:30:54.490497'),('kmlbqtfe3x6s6sptul21qes2bryyzacl','.eJxVjDsOwyAQBe9CHSHAfFOm9xkQ612CkwgkY1dR7h5bcpG0b2bem8W0rSVunZY4I7syxS6_G6TpSfUA-Ej13vjU6rrMwA-Fn7TzsSG9bqf7d1BSL3strFGDk8EOFLQjIRE9WglKCE85BRC0G04jOQsKjR40ZC-DUsZClo59vriaNuk:1vSsAW:fA9fcSFOQ6UIiTgdXhiV45y1z7GLMD2RqlAT3SmGnow','2025-12-23 07:29:56.704331'),('kmvunq2t2toaukpgrxmpvuknevn0g6lx','.eJxVjDsOwjAQBe_iGln-fyjpOYO1Xq9xADlSnFSIu0OkFNC-mXkvlmBbW9oGLWkq7MycZqffMQM-qO-k3KHfZo5zX5cp813hBx38Ohd6Xg7376DBaN86K7KONHowIWJwMthcLXlXIQchAZ1GikWY4KkKjMroHD1AVSA1OsPeHxo6OHQ:1vmf6b:fOIJTbirrY-9F5v8U7Hmu7GnwMyODOjPZNsEr0s2E10','2026-02-15 21:35:41.605409'),('kofllyzqkj4012nsjoay7lmzoet5voj1','.eJxVjDsOwjAQBe_iGln2-kco6XMGa71r4wCypXwqxN0hUgpo38y8l4i4rTVuS57jxOIinBen3zEhPXLbCd-x3bqk3tZ5SnJX5EEXOXbOz-vh_h1UXOq3phAMkR4M-mItsAJNPNiAkBRlq7JTEKwx7qzVkAMgcFHIGFLRHnQR7w_6yze8:1vr91s:LVtZWCgMdWv_Xi6wCPS2T-CRPB3LUn3Nt7s-dX2GFVw','2026-02-28 06:21:20.118417'),('ku6zmg23mkegbhmzh4p3dgu2blmly0d5','.eJxVjDsOwyAQBe9CHSHAfFOm9xkQ612CkwgkY1dR7h5bcpG0b2bem8W0rSVunZY4I7syxS6_G6TpSfUA-Ej13vjU6rrMwA-Fn7TzsSG9bqf7d1BSL3strFGDk8EOFLQjIRE9WglKCE85BRC0G04jOQsKjR40ZC-DUsZClo59vriaNuk:1vScIK:ZCaoZstaIeaT3f6bGyUwLFs4RYZL8-HqUSQxXV_xn-Y','2025-12-22 14:32:56.642574'),('kvfme16x61jblhwcfl7vvwkmu2kdd1j6','.eJxVjDsOwjAQBe_iGllLcFibkj5niPbjxQGUSHFSIe4OkVJA-2bmvVxP61L6tea5H9RdXAB3-B2Z5JHHjeidxtvkZRqXeWC_KX6n1XeT5ud1d_8OCtXyrUUCtBYzNJqJo2o6QjTJJpiYKGBKyRQFARVie8YGGg6BlfGUzMy9PzR1OQ4:1vcHLj:Xt_iIeGWZ8cIl-peGL3v9vVOQcmft64YWG_ANWRqsD0','2026-01-18 06:12:23.572662'),('l047n84ih2n9eej5ek7zxwsylq0xm904','.eJxVjEsOwiAUAO_C2hDgmRZcuvcM5P0qVUOT0q6Md9eaLnQ7M5mnybguJa9N5zyKORnvzeEXEvJd62bkhvU6WZ7qMo9kt8TuttnLJPo47-3foGAr368bEvTgOEmnoEf0SBwBgkoIKB_du-AFIZIqa4pDJIddisrkkprXGwl2OLM:1vUMAA:aX9UYuIT04i34dwFIpgiTLWzOJ61V4e3RSXsPNLslLc','2025-12-27 09:43:42.653836'),('l2duf738fvv75lm67m27d1gg31f2ydaq','.eJxVjEsOwiAUAO_C2hDgmRZcuvcM5P0qVUOT0q6Md9eaLnQ7M5mnybguJa9N5zyKORnvzeEXEvJd62bkhvU6WZ7qMo9kt8TuttnLJPo47-3foGAr368bEvTgOEmnoEf0SBwBgkoIKB_du-AFIZIqa4pDJIddisrkkprXGwl2OLM:1vamez:kAT_9pbNbBSKYrrKYAD0h6hK5eVMm3Dp7dgIQUW3p3w','2026-01-14 03:14:05.346509'),('l31ar2khva6wch2r9utgujtbo6oxyp68','.eJxVjDsOwjAQBe_iGlneGMcbSnrOYHk_4ABypDipEHeHSCmgfTPzXibldSlpbTqnUczJdMEcfkfK_NC6EbnnepssT3WZR7KbYnfa7GUSfZ539--g5Fa-dfBOUCIAEqkXCajo_NVFJOmlh46RHAE7UOCBow_uqHHIxOo5iJj3BwtFOIo:1vc2dT:mybFUiHTlYNC5KfTjFTWE1bI__vU8ePuS3Of-bMRk7w','2026-01-17 14:29:43.709990'),('l336rogwgamr1zi0ywxlm3lav2zolw05','.eJxVjMsOgjAUBf-la9O09EVduucbmt5HBTUlobAy_ruQsNDtmZnzFilv65i2xkuaSFyF1-LyO0LGJ9eD0CPX-yxxrusygTwUedImh5n4dTvdv4Mxt3GvA0cPkRSjMhg7cDEXV_pgHHurO4XkNBjqegJrLRa368EEZYo1jADi8wUNgzg_:1vkHe1:9ue134_LSlS4YYb5HejiNDjIJTXxErG9TCEYdY2GDpo','2026-02-09 08:08:21.560282'),('l58944z8xrye0dgaujynglpwon095ppj','.eJxVjEEOwiAQRe_C2hBgmBZcuvcMBGaoVA0kpV0Z765NutDtf-_9lwhxW0vYel7CzOIscBCn3zFFeuS6E77HemuSWl2XOcldkQft8to4Py-H-3dQYi_fmthRds57AKXQeXITg_EaYEwaPONktGGDWhG6bImRlDWZBhrRWu3F-wPwTDcp:1vifc4:wER7_ex79ZRZ9wWP9_FDnva2QIGkc8FcW1zPUeJnTIw','2026-02-04 21:19:40.289511'),('l7qbwjqjzjyvcfxb2qvjo3iz0k3lclie','.eJxVjEsOwiAUAO_C2hDgmRZcuvcM5P0qVUOT0q6Md9eaLnQ7M5mnybguJa9N5zyKORnvzeEXEvJd62bkhvU6WZ7qMo9kt8TuttnLJPo47-3foGAr368bEvTgOEmnoEf0SBwBgkoIKB_du-AFIZIqa4pDJIddisrkkprXGwl2OLM:1vTcT4:xIPow0rt98YPcqOKxWYsxadaothJn25TpUtvxdRUt4s','2025-12-25 08:56:10.808997'),('lcvj4ntqtlnqy378vdt709qyx31fia2m','.eJxVjEsOwiAUAO_C2hDgmRZcuvcM5P0qVUOT0q6Md9eaLnQ7M5mnybguJa9N5zyKORnvzeEXEvJd62bkhvU6WZ7qMo9kt8TuttnLJPo47-3foGAr368bEvTgOEmnoEf0SBwBgkoIKB_du-AFIZIqa4pDJIddisrkkprXGwl2OLM:1vY0Co:ZiTeT_3942p1sOh7RigjEWYictAGjz_AXiQXj6u9Sb8','2026-01-06 11:05:30.230554'),('ldwtqvo4r6zuxlmmrr4a50xeu5fmy9uj','.eJxVjDsOwjAQBe_iGln-r6Gkzxms9e6aBFAi5VMh7g6RUkD7Zua9VMFt7cu2yFwGVheVkjr9jhXpIeNO-I7jbdI0jes8VL0r-qCL7iaW5_Vw_w56XPpv7Y1j36zzFNhjcyanmjlJE0sQXcLIwcuZIEhoCBwBUgUga6JkQ0a9Pww5OAs:1voV2T:21nNQZSU2kj3WjeP5idgYJI3ae-RdurJPg_oiqTdKT0','2026-02-20 23:15:01.526357'),('lgqo9ktvzt8vaoxik2uy191nalzbeq0b','.eJxVjEsOwjAMBe-SNYqM0zgpS_Y9Q2UnDimgVupnhbg7VOoCtm9m3sv0vK213xad-yGbi0Fz-t2E00PHHeQ7j7fJpmlc50HsrtiDLrabsj6vh_t3UHmp3_rsVBx6IQcYInkW8EpAEqgNUCJEpoDogVuNiV2DgUpEaJpcVFI27w-xgjcQ:1vT4yO:Ik2F8XTA26dM91a6x4rM-DWA-VKtr-j33K7WBjr6N3w','2025-12-23 21:10:16.988583'),('lh3f2tsfnq2f1t99ncnu5o9jvazpitec','.eJxVjDsOwjAQBe_iGllLcFibkj5niPbjxQGUSHFSIe4OkVJA-2bmvVxP61L6tea5H9RdXAB3-B2Z5JHHjeidxtvkZRqXeWC_KX6n1XeT5ud1d_8OCtXyrUUCtBYzNJqJo2o6QjTJJpiYKGBKyRQFARVie8YGGg6BlfGUzMy9PzR1OQ4:1vcJYb:wvGSAh96mbgCNAO4gGi1WiCO-g5uYMJiit2Eyh9q2Hk','2026-01-18 08:33:49.277060'),('llf0kgyi6zi0xq21z3z8p6b6zz8xbte3','.eJxVjEsOwiAUAO_C2hDgmRZcuvcM5P0qVUOT0q6Md9eaLnQ7M5mnybguJa9N5zyKORnvzeEXEvJd62bkhvU6WZ7qMo9kt8TuttnLJPo47-3foGAr368bEvTgOEmnoEf0SBwBgkoIKB_du-AFIZIqa4pDJIddisrkkprXGwl2OLM:1vcfsm:pidG2LVqVbuU1HajuLPxxPaWPzIryIKOPCngal0BNZE','2026-01-19 08:24:08.645491'),('lmzvr34pxj16pld58hooh3bpjp8g83o3','.eJxVjDsOwjAQBe_iGlneGMcbSnrOYHk_4ABypDipEHeHSCmgfTPzXibldSlpbTqnUczJdMEcfkfK_NC6EbnnepssT3WZR7KbYnfa7GUSfZ539--g5Fa-dfBOUCIAEqkXCajo_NVFJOmlh46RHAE7UOCBow_uqHHIxOo5iJj3BwtFOIo:1vbfJw:YI5PD0Jv3PbdExCyFcRNUlnK3qAX4bIzo4EcaP4NMF0','2026-01-16 13:36:00.902005'),('lqp0u27mbs4bnze7frgtm7mi8hgileem','.eJxVjEsOwiAUAO_C2hDgmRZcuvcM5P0qVUOT0q6Md9eaLnQ7M5mnybguJa9N5zyKORnvzeEXEvJd62bkhvU6WZ7qMo9kt8TuttnLJPo47-3foGAr368bEvTgOEmnoEf0SBwBgkoIKB_du-AFIZIqa4pDJIddisrkkprXGwl2OLM:1vTdow:14NElBWhBFPnkHiU14xwuz222-_-eojmlXihR1y5AkU','2025-12-25 10:22:50.230753'),('lsaqnfb3brs274gglpr5lau4guy36m45','.eJxVjEsOwiAUAO_C2hDgmRZcuvcM5P0qVUOT0q6Md9eaLnQ7M5mnybguJa9N5zyKORnvzeEXEvJd62bkhvU6WZ7qMo9kt8TuttnLJPo47-3foGAr368bEvTgOEmnoEf0SBwBgkoIKB_du-AFIZIqa4pDJIddisrkkprXGwl2OLM:1vXwmO:SI6rAnotbXDr1Hs6QFQ7SN9mNn_TGxDzy-Y3_7V7Dc0','2026-01-06 07:26:00.647696'),('m0bkl858lhstn7p3ekhqj6gaj0iuuo3m','.eJxVjDsOwjAQBe_iGln2-kco6XMGa71r4wCypXwqxN0hUgpo38y8l4i4rTVuS57jxOIinBen3zEhPXLbCd-x3bqk3tZ5SnJX5EEXOXbOz-vh_h1UXOq3phAMkR4M-mItsAJNPNiAkBRlq7JTEKwx7qzVkAMgcFHIGFLRHnQR7w_6yze8:1vpjEs:voLzRMWwh5DxBClo0na1KmvzcP_I1Sz3ViaUdQH48Rg','2026-02-24 08:36:54.770761'),('m0p38u6qmsr28wp2z8la91r6fn37340p','.eJxVjDsOwjAQBe_iGlneGMcbSnrOYHk_4ABypDipEHeHSCmgfTPzXibldSlpbTqnUczJdMEcfkfK_NC6EbnnepssT3WZR7KbYnfa7GUSfZ539--g5Fa-dfBOUCIAEqkXCajo_NVFJOmlh46RHAE7UOCBow_uqHHIxOo5iJj3BwtFOIo:1vc1vT:peGiEn3ZdgROuPZKiIEEB0Q1Ay-wX0d-4SrjLXwCLl4','2026-01-17 13:44:15.888282'),('m1ic9vxd8io6zfyjjachizazhr96cfxy','.eJxVjEEOwiAQRe_C2pDCgAwu3fcMZGBAqoYmpV0Z765NutDtf-_9lwi0rTVsPS9hYnERSpx-t0jpkdsO-E7tNss0t3WZotwVedAux5nz83q4fweVev3WOhdUxgAiQ9YZMYLWAGCNs2dbhpIKG-tjIZdsUkjOMyut_GCAbSTx_gDJ8jd7:1vScDW:aHMlmCHBNYLnwURctoewWqKi5f_0CTB1k2IOO5YAlEk','2025-12-22 14:27:58.759334'),('m1kbbn9le4ypuu7s5kyvmc0qwunpqew5','.eJxVjMsOwiAQRf-FtSFACQ-X7v0GMswMUjWQlHZl_Hdt0oVu7znnvkSCba1pG7ykmcRZGC1Ov2MGfHDbCd2h3brE3tZlznJX5EGHvHbi5-Vw_w4qjPqteQJEp01gQ4QKdA7B-UAMPupYQLuYI5jMYYrBglXaKVu8z9YSFkTx_gAdkzib:1vTEC7:sVx8g20oDDGlEYey7ZgrEoW8AVKkk8P4_cgi4gREslE','2025-12-24 07:01:03.970676'),('m1kwgdybp0dvrpc58dacvgyk6gi81qw1','.eJxVjEsOwiAUAO_C2hDgmRZcuvcM5P0qVUOT0q6Md9eaLnQ7M5mnybguJa9N5zyKORnvzeEXEvJd62bkhvU6WZ7qMo9kt8TuttnLJPo47-3foGAr368bEvTgOEmnoEf0SBwBgkoIKB_du-AFIZIqa4pDJIddisrkkprXGwl2OLM:1var9y:Y2LRDXZIf2MgkVWGOOYT-IcJcpAfOovDLoPSuuNJe9U','2026-01-14 08:02:22.945258'),('m1l1ssvkprm0v9py5o6cnzlkuks4ndt9','.eJxVjDEOwjAMAP-SGUWksUvKyN43RHbskAJKpaadEH9HlTrAene6t4m0rSVuTZc4ibma_mxOv5ApPbXuRh5U77NNc12Xie2e2MM2O86ir9vR_g0KtbJ_hT26QEp44T6TOkppUOk8aXbIvQw-oYKHHDB3AAyArIIYeKAOzOcLOFM4-A:1vkHf0:z6O7wVH8OJ_Y1Ezgp9X1rZR-qzti42s9c4Z_FP2VJ68','2026-02-09 08:09:22.981553'),('m2qeat5pfdd6bknrijgz8ih8k75zsgya','.eJxVjDsOwjAQBe_iGlneGMcbSnrOYHk_4ABypDipEHeHSCmgfTPzXibldSlpbTqnUczJdMEcfkfK_NC6EbnnepssT3WZR7KbYnfa7GUSfZ539--g5Fa-dfBOUCIAEqkXCajo_NVFJOmlh46RHAE7UOCBow_uqHHIxOo5iJj3BwtFOIo:1vbzeK:UYNlGRXyJdjmEg6SYk_VorPGjufUni5dRs_e-v8MWlQ','2026-01-17 11:18:24.819351'),('m4h7wn0kl4td716nbpb7biifr7dz993i','.eJxVjMsOwiAQRf-FtSHMQHm4dN9vIAyDUjU0Ke3K-O_apAvd3nPOfYmYtrXGrZclTizOYnDi9DtSyo_SdsL31G6zzHNbl4nkrsiDdjnOXJ6Xw_07qKnXbw0mZR2CK5g9a-OA7BXYAYMqZkBQqEzmYDVqAo_eAaiAJoC3AEwk3h_gaDZ2:1vkGF6:39Pwznze7ihOjVIHpbj6BSJViI7wMlat0rutoGOu3HI','2026-02-09 06:38:32.979420'),('m67bd6pqre6ebrpcl6lccxulse70581f','.eJxVjMsOwiAQRf-FtSFACQ-X7v0GMswMUjWQlHZl_Hdt0oVu7znnvkSCba1pG7ykmcRZGC1Ov2MGfHDbCd2h3brE3tZlznJX5EGHvHbi5-Vw_w4qjPqteQJEp01gQ4QKdA7B-UAMPupYQLuYI5jMYYrBglXaKVu8z9YSFkTx_gAdkzib:1vXf8M:AWDR3Z2ruHVRkLj_-plTsZb8le8ILlOjHexzMlZfwdA','2026-01-05 12:35:30.430341'),('m9ykroavbd5gh12wixn0kjq8bdoyv2a7','.eJxVjEsOwiAUAO_C2hDgmRZcuvcM5P0qVUOT0q6Md9eaLnQ7M5mnybguJa9N5zyKORnvzeEXEvJd62bkhvU6WZ7qMo9kt8TuttnLJPo47-3foGAr368bEvTgOEmnoEf0SBwBgkoIKB_du-AFIZIqa4pDJIddisrkkprXGwl2OLM:1vTdL5:-GqFWG2snj-IBl-SJg0ays8UbyPSSRgqbuyQ03TO5Gs','2025-12-25 09:51:59.140211'),('mblclszcix7ptd8r33d9vd89dueo74nl','.eJxVjDsOgzAQRO_iOrIw_uGU6TmDtfbuxiQRljBUUe4ekCgSaap5b-YtImxriVujJU4orkIHcfktE-QnzQfBB8z3KnOd12VK8lDkSZscK9Lrdrp_BwVa2deAjiwnbUgNLlvlEAbmhB1nTQoxhN6AzqF3zGjJKN976vYoz-QViM8XO005BA:1vfYyn:4UWfmbQzwsBii1gnfrRg0lselOCELDyUapuXtJdpMxw','2026-01-27 07:38:17.260751'),('mckwa1vdeczt50icjiyjq1ekvjcjedll','.eJxVjDsOwjAQBe_iGlneGMcbSnrOYHk_4ABypDipEHeHSCmgfTPzXibldSlpbTqnUczJdMEcfkfK_NC6EbnnepssT3WZR7KbYnfa7GUSfZ539--g5Fa-dfBOUCIAEqkXCajo_NVFJOmlh46RHAE7UOCBow_uqHHIxOo5iJj3BwtFOIo:1vbg8y:dQRwFJPGA8oAdzCoofrfl01S4tGGpJV4o7vHnO8A30c','2026-01-16 14:28:44.689380'),('me6cgmhkpzmg1fihgrd2tmc9l74ou00o','.eJxVjDsOwjAQBe_iGlneGMcbSnrOYHk_4ABypDipEHeHSCmgfTPzXibldSlpbTqnUczJdMEcfkfK_NC6EbnnepssT3WZR7KbYnfa7GUSfZ539--g5Fa-dfBOUCIAEqkXCajo_NVFJOmlh46RHAE7UOCBow_uqHHIxOo5iJj3BwtFOIo:1vTPoS:JeK15_Z-w7QLW6NtLZQ8ccS9NG6Gmq_hIl8oZAZko-0','2025-12-24 19:25:24.323850'),('mekoy8rxthma2fsojsf4br8lks4ypfgb','.eJxVjDsOwjAQBe_iGln-xE6Wkp4zWLvrNQkgR4qTCnF3iJQC2jcz76USbuuYtiZLmrI6q-DV6Xck5IfUneQ71tusea7rMpHeFX3Qpq9zluflcP8ORmzjty5MAw7WFkbuoffZ-Qi2K5IphGiAejHUERTrh2gcCoCVzkTh7NgGUO8PHf44QQ:1vi56D:4Ty933A6pc1B-eD6cHYG12O7j4vdk_-OxIWYdTmjapo','2026-02-03 06:20:21.895075'),('mjehossuiptdkihbzvppiz7h1r13vmkf','.eJxVjDsOwjAQBe_iGln-LpiSPmewdtc2DiBHipMKcXdkKQW0b2beW0Tctxr3ntc4J3EV4MXpdyTkZ26DpAe2-yJ5ads6kxyKPGiX05Ly63a4fwcVex01lZDYG9DBcmEGsI600hicAeTAJjM5uCQu5HU4G2UzF_SkyIBNKD5fKMQ46Q:1vmeyx:GXcXYVI_OZ4w3vFQ2q7kbQT3TzbT8k_Lht2XtZXlInc','2026-02-15 21:27:47.059923'),('mjh7zsjz93iawoj2kf5lo5470qx2r6k8','.eJxVjEEOwiAQRe_C2pABOpW6dN8zNDAzSNVAUtqV8e7apAvd_vfef6kpbGuetibLNLO6KLTq9DvGQA8pO-F7KLeqqZZ1maPeFX3QpsfK8rwe7t9BDi1_65SGAdkLOgupJwDpLPQQTULxwEiAnobOsDXSR890jsLOCUrwSA7U-wMGjjg0:1vk7TG:8WTABkESXfaLuDNzQJAI5s3XvjIIaeIp4ofEacm9yyg','2026-02-08 21:16:34.597534'),('mmaa1tunvmq0mfdauz29r9oswjf5q35x','.eJxVjEsOwiAUAO_C2hDgmRZcuvcM5P0qVUOT0q6Md9eaLnQ7M5mnybguJa9N5zyKORnvzeEXEvJd62bkhvU6WZ7qMo9kt8TuttnLJPo47-3foGAr368bEvTgOEmnoEf0SBwBgkoIKB_du-AFIZIqa4pDJIddisrkkprXGwl2OLM:1vXf7g:xD5i3dCvBDNpotHKnYsxuLbWrg4o3T6ZysryW3LCWQA','2026-01-05 12:34:48.880747'),('mootbejsksnfdyct1r61ju87dvcxyvlr','.eJxVjDsOgzAQRO_iOrIw_uGU6TmDtfbuxiQRljBUUe4ekCgSaap5b-YtImxriVujJU4orkIHcfktE-QnzQfBB8z3KnOd12VK8lDkSZscK9Lrdrp_BwVa2deAjiwnbUgNLlvlEAbmhB1nTQoxhN6AzqF3zGjJKN976vYoz-QViM8XO005BA:1viUnT:gAaQp_e-fVj71esTxuH8ztyr6McLzuqM4MipLlUrIXM','2026-02-04 09:46:43.698467'),('mpvego33xe54uk1id1r509mcewrrlvv1','.eJxVjDsOgzAQRO_iOrIw_uGU6TmDtfbuxiQRljBUUe4ekCgSaap5b-YtImxriVujJU4orkIHcfktE-QnzQfBB8z3KnOd12VK8lDkSZscK9Lrdrp_BwVa2deAjiwnbUgNLlvlEAbmhB1nTQoxhN6AzqF3zGjJKN976vYoz-QViM8XO005BA:1vj1JZ:qLoEcS7X01oI_x-uVawXbcVybL5LyXQdOqBP5NPRvrs','2026-02-05 20:30:01.750011'),('n17jqk4ni9zx6hc8z7q3f7ks7yfki87h','.eJxVjDsOwyAQBe9CHSHAfFOm9xkQ612CkwgkY1dR7h5bcpG0b2bem8W0rSVunZY4I7syxS6_G6TpSfUA-Ej13vjU6rrMwA-Fn7TzsSG9bqf7d1BSL3strFGDk8EOFLQjIRE9WglKCE85BRC0G04jOQsKjR40ZC-DUsZClo59vriaNuk:1vSrPH:OX3FvraDkOq5ukbNPAq6BdnU5a67ixsJJsnTH3Pfjog','2025-12-23 06:41:07.922356'),('n39dnn5y8di3za4kwj441woxdpqbb10e','.eJxVjEsOwiAUAO_C2hDgmRZcuvcM5P0qVUOT0q6Md9eaLnQ7M5mnybguJa9N5zyKORnvzeEXEvJd62bkhvU6WZ7qMo9kt8TuttnLJPo47-3foGAr368bEvTgOEmnoEf0SBwBgkoIKB_du-AFIZIqa4pDJIddisrkkprXGwl2OLM:1vapnp:ynmPmmD3E6U4COzVtqU-kQbqal0Bc88D58oJxXAc5Ag','2026-01-14 06:35:25.754872'),('n4tvbobzcor2ew9lqt9drs5ulwx230ql','.eJxVjMsOwiAQRf-FtSFACQ-X7v0GMswMUjWQlHZl_Hdt0oVu7znnvkSCba1pG7ykmcRZGC1Ov2MGfHDbCd2h3brE3tZlznJX5EGHvHbi5-Vw_w4qjPqteQJEp01gQ4QKdA7B-UAMPupYQLuYI5jMYYrBglXaKVu8z9YSFkTx_gAdkzib:1vTvIM:XMu0ptBx1aRIG1JLJFIoo271kxkxTfgcnZMtk9wBeD8','2025-12-26 05:02:22.974216'),('n61icl9xrllndpr8qq4g0gutd0b5knf9','.eJxVjDsOwjAQBe_iGlneGMcbSnrOYHk_4ABypDipEHeHSCmgfTPzXibldSlpbTqnUczJdMEcfkfK_NC6EbnnepssT3WZR7KbYnfa7GUSfZ539--g5Fa-dfBOUCIAEqkXCajo_NVFJOmlh46RHAE7UOCBow_uqHHIxOo5iJj3BwtFOIo:1vTC9G:_s3SRSLPaXmG4NaRoATSqZhtSmCWnGecRRBzsDL08ZU','2025-12-24 04:49:58.723368'),('n8i51pok80fm9be7v4nrnxtlc465l54s','.eJxVjEsOwiAUAO_C2hDgmRZcuvcM5P0qVUOT0q6Md9eaLnQ7M5mnybguJa9N5zyKORnvzeEXEvJd62bkhvU6WZ7qMo9kt8TuttnLJPo47-3foGAr368bEvTgOEmnoEf0SBwBgkoIKB_du-AFIZIqa4pDJIddisrkkprXGwl2OLM:1vTvJW:MuiUMosBQ2TGaB0VXjkReJrFP1FfaipFOY5yjGuNAag','2025-12-26 05:03:34.759443'),('n9ajhd0nbokmcuoakmccosqeb5vj5yly','.eJxVjEsOwiAUAO_C2hDgmRZcuvcM5P0qVUOT0q6Md9eaLnQ7M5mnybguJa9N5zyKORnvzeEXEvJd62bkhvU6WZ7qMo9kt8TuttnLJPo47-3foGAr368bEvTgOEmnoEf0SBwBgkoIKB_du-AFIZIqa4pDJIddisrkkprXGwl2OLM:1vaOtM:7eUaCZzjUHtPdW6XegyS2c0aWxNfzcMJSVHJZAQ0Pbk','2026-01-13 01:51:20.051856'),('naf7iyuca7s6ofg8j59z7czrmh0owbnq','.eJxVjDsOwjAQBe_iGln-LpiSPmewdtc2DiBHipMKcXdkKQW0b2beW0Tctxr3ntc4J3EV4MXpdyTkZ26DpAe2-yJ5ads6kxyKPGiX05Ly63a4fwcVex01lZDYG9DBcmEGsI600hicAeTAJjM5uCQu5HU4G2UzF_SkyIBNKD5fKMQ46Q:1vr92J:UvtOAnzk6SxogGBunYeIXhb6gtvwJ5BUx8oDm1er_WE','2026-02-28 06:21:47.466380'),('ne8i8enpwsattw84h2h572ouaznb58fi','.eJxVjEsOwiAUAO_C2hDgmRZcuvcM5P0qVUOT0q6Md9eaLnQ7M5mnybguJa9N5zyKORnvzeEXEvJd62bkhvU6WZ7qMo9kt8TuttnLJPo47-3foGAr368bEvTgOEmnoEf0SBwBgkoIKB_du-AFIZIqa4pDJIddisrkkprXGwl2OLM:1vTdij:SadIbMAkrtSGiV8kqRdxGUtUsG3YYNeoSgEbxBK3VFo','2025-12-25 10:16:25.337255'),('nfwyv35pjq7y1e80depraeuhmhxn2dey','.eJxVjM0OwiAQhN-FsyFQfrbx6N1nILssSNVAUtqT8d2VpAed43zfzEsE3LcS9p7WsLA4CyNOvx1hfKQ6AN-x3pqMrW7rQnIo8qBdXhun5-Vw_w4K9jLWlGcAD0qnrEhrYxiY7awm1pldBMeJLGb6xns0AHFy4DICIlky4v0B_WY45Q:1vaOm7:8aUsJIUVzEZXIMMZkm8rPfpJ41xGSLWm-M4cbs8koJg','2026-01-13 01:43:51.484482'),('nhscap78dsx3t2tacyet7atje5cjbop0','.eJxVjEsOwiAUAO_C2hDgmRZcuvcM5P0qVUOT0q6Md9eaLnQ7M5mnybguJa9N5zyKORnvzeEXEvJd62bkhvU6WZ7qMo9kt8TuttnLJPo47-3foGAr368bEvTgOEmnoEf0SBwBgkoIKB_du-AFIZIqa4pDJIddisrkkprXGwl2OLM:1vTD88:ACPI86btn90PEijZrWb-Ty5USnb4CAPgWLj8IYELCWI','2025-12-24 05:52:52.400454'),('nw4su7p3ehgqvhd3kcwqxabdm9569xt6','.eJxVjDsOwjAQBe_iGln-r6Gkzxms9e6aBFAi5VMh7g6RUkD7Zua9VMFt7cu2yFwGVheVkjr9jhXpIeNO-I7jbdI0jes8VL0r-qCL7iaW5_Vw_w56XPpv7Y1j36zzFNhjcyanmjlJE0sQXcLIwcuZIEhoCBwBUgUga6JkQ0a9Pww5OAs:1vmeFy:ts_1Ia3mPFsCVVd02c98JhnMYGqERGXLYaZJKgk0bwY','2026-02-15 20:41:18.258656'),('o1c891b9ji9getloxsjwgd5iot5zk9hr','.eJxVjDsOwjAQBe_iGlneGMcbSnrOYHk_4ABypDipEHeHSCmgfTPzXibldSlpbTqnUczJdMEcfkfK_NC6EbnnepssT3WZR7KbYnfa7GUSfZ539--g5Fa-dfBOUCIAEqkXCajo_NVFJOmlh46RHAE7UOCBow_uqHHIxOo5iJj3BwtFOIo:1vTDFV:mVMoouaReMJLLK_oaIzf0msAKhmBBK6ccQg48-IPECI','2025-12-24 06:00:29.184050'),('o6epb6tee0uhkipk0v8dwq14ey1nhd5d','.eJxVjDsOwjAQBe_iGlneGMcbSnrOYHk_4ABypDipEHeHSCmgfTPzXibldSlpbTqnUczJdMEcfkfK_NC6EbnnepssT3WZR7KbYnfa7GUSfZ539--g5Fa-dfBOUCIAEqkXCajo_NVFJOmlh46RHAE7UOCBow_uqHHIxOo5iJj3BwtFOIo:1vbheC:sSsEQLoz1akqJ4y8iqv74ykEKfgJzxrWH-CvPE-rAA4','2026-01-16 16:05:04.017334'),('o6matbesngga6uquemrgum2i7aylcuwu','.eJxVjEsOwjAMBe-SNYpwksYxS_Y9Q2U7KS2gVOpnhbg7VOoCtm9m3st0vK1Dty1l7sZsLiaY0-8mrI9Sd5DvXG-T1amu8yh2V-xBF9tOuTyvh_t3MPAyfOsoqSgmIYeFwaPkTNo7AE8pQaDI2QcBTOQJI2ITXARQof7caxPYvD_XYjc0:1vaUPG:hZMEWue_WA6c3MdlWs9m9eERk8cECQdVSqcpzOVmXGQ','2026-01-13 07:44:38.044701'),('o8z5r0z4x12o35wgww28492excnz4feg','.eJxVjEEOwiAQRe_C2hBgmBZcuvcMBGaoVA0kpV0Z765NutDtf-_9lwhxW0vYel7CzOIscBCn3zFFeuS6E77HemuSWl2XOcldkQft8to4Py-H-3dQYi_fmthRds57AKXQeXITg_EaYEwaPONktGGDWhG6bImRlDWZBhrRWu3F-wPwTDcp:1viR1C:_rhyEU1W08SFGDviF3XBZEOUnU459MSNHH3vlhU46IM','2026-02-04 05:44:38.924454'),('o923q9np9xmtxd4uwywj8xrgea5507nl','.eJxVjDsOwjAQBe_iGln4mw0lPWew1vYuDiBbipMKcXcSKQW0b2beWwRclxLWTnOYsrgIK06_W8T0pLqD_MB6bzK1usxTlLsiD9rlrWV6XQ_376BgL1sdPVHO6OCsB6_AIYGyOtkxGgUqOQ3MjvTIrFgbzzgY5RNYB3rzKInPF-LRN38:1vXf8n:JyiSULo9yKVODgiMKIVMe3mkWm5FfMDuI4M0semCSNA','2026-01-05 12:35:57.089617'),('obhgrwlxvb4uklum5s1205b2eivs3thg','.eJxVjEsOwiAUAO_C2hDgmRZcuvcM5P0qVUOT0q6Md9eaLnQ7M5mnybguJa9N5zyKORnvzeEXEvJd62bkhvU6WZ7qMo9kt8TuttnLJPo47-3foGAr368bEvTgOEmnoEf0SBwBgkoIKB_du-AFIZIqa4pDJIddisrkkprXGwl2OLM:1vWoOL:T8naYpq4VCr4Fsh1I5AmaJzqAMrOwer3s9s5qoFv_Eg','2026-01-03 04:16:29.571839'),('oc9l47arstc0rx2m8j35oooxctoadwl3','.eJxVjDsOwyAQBe9CHSHAfFOm9xkQ612CkwgkY1dR7h5bcpG0b2bem8W0rSVunZY4I7syxS6_G6TpSfUA-Ej13vjU6rrMwA-Fn7TzsSG9bqf7d1BSL3strFGDk8EOFLQjIRE9WglKCE85BRC0G04jOQsKjR40ZC-DUsZClo59vriaNuk:1vSpTb:WxMQQ2zdcDMpXM5Wr72MMMFfA-K16eWN0XSrd1lr2oM','2025-12-23 04:37:27.534137'),('of56djx3un8i4pv5pv8xs4g35f5bd6tg','.eJxVjDsOwjAQBe_iGln2-kco6XMGa71r4wCypXwqxN0hUgpo38y8l4i4rTVuS57jxOIinBen3zEhPXLbCd-x3bqk3tZ5SnJX5EEXOXbOz-vh_h1UXOq3phAMkR4M-mItsAJNPNiAkBRlq7JTEKwx7qzVkAMgcFHIGFLRHnQR7w_6yze8:1vkHl1:eg5XMdP9NEFdBLv1TH5E3xVYk_JgT-7MEjBnEQLcfjU','2026-02-09 08:15:35.130982'),('ofts57x3msyseyubf32w4a9qnd8n18yx','.eJxVjEsOwiAUAO_C2hDgmRZcuvcM5P0qVUOT0q6Md9eaLnQ7M5mnybguJa9N5zyKORnvzeEXEvJd62bkhvU6WZ7qMo9kt8TuttnLJPo47-3foGAr368bEvTgOEmnoEf0SBwBgkoIKB_du-AFIZIqa4pDJIddisrkkprXGwl2OLM:1vTD5i:_GbsVK0JYXmWRGc6IugzcZHjiEqk-TY8rVjj6FghxuY','2025-12-24 05:50:22.752694'),('oj7wyrhji4org7olc1eg73d6h24y94ow','.eJxVjDsOwjAQBe_iGlneGMcbSnrOYHk_4ABypDipEHeHSCmgfTPzXibldSlpbTqnUczJdMEcfkfK_NC6EbnnepssT3WZR7KbYnfa7GUSfZ539--g5Fa-dfBOUCIAEqkXCajo_NVFJOmlh46RHAE7UOCBow_uqHHIxOo5iJj3BwtFOIo:1vbvNW:fHwM7FGfb_wZZjGmDW1xzvCGhrlhLt5muB66wgOSiao','2026-01-17 06:44:46.190848'),('om26x13ryonxat4u3yzilfs7of3a0kqd','.eJxVjMsOwiAQRf-FtSFACQ-X7v0GMswMUjWQlHZl_Hdt0oVu7znnvkSCba1pG7ykmcRZGC1Ov2MGfHDbCd2h3brE3tZlznJX5EGHvHbi5-Vw_w4qjPqteQJEp01gQ4QKdA7B-UAMPupYQLuYI5jMYYrBglXaKVu8z9YSFkTx_gAdkzib:1vXf9A:8vuqRKXvjbT5ITzI-nesMoNA40QCaST37436SUwg9v8','2026-01-05 12:36:20.633178'),('onecjkzsgqd1ltubbf141qpx1xrbkpus','.eJxVjEsOwiAUAO_C2hDgmRZcuvcM5P0qVUOT0q6Md9eaLnQ7M5mnybguJa9N5zyKORnvzeEXEvJd62bkhvU6WZ7qMo9kt8TuttnLJPo47-3foGAr368bEvTgOEmnoEf0SBwBgkoIKB_du-AFIZIqa4pDJIddisrkkprXGwl2OLM:1vcbeP:sOD99s3WstmlupP3qOXdqN6Y_sitwaQ-leszVnPNsX0','2026-01-19 03:53:01.550006'),('oo2oiypi3c1prc7o3addk7g1gj4jelp3','.eJxVjDsOwjAQBe_iGln-fyjpOYO1Xq9xADlSnFSIu0OkFNC-mXkvlmBbW9oGLWkq7MycZqffMQM-qO-k3KHfZo5zX5cp813hBx38Ohd6Xg7376DBaN86K7KONHowIWJwMthcLXlXIQchAZ1GikWY4KkKjMroHD1AVSA1OsPeHxo6OHQ:1vpjA5:JQus_OABBnrx4rqEUI0lqeWkiWnR9AvdU_8y6ZCQSWk','2026-02-24 08:31:57.269540'),('ooehlckt2tp8tji3l7twwvphkqeo873x','.eJxVjEsOwiAUAO_C2hDgmRZcuvcM5P0qVUOT0q6Md9eaLnQ7M5mnybguJa9N5zyKORnvzeEXEvJd62bkhvU6WZ7qMo9kt8TuttnLJPo47-3foGAr368bEvTgOEmnoEf0SBwBgkoIKB_du-AFIZIqa4pDJIddisrkkprXGwl2OLM:1vUvPH:dfnhWYQqrEDITUGln9c-xPkcNXWv9J5sVNexTR-rzzM','2025-12-28 23:21:39.642500'),('op29urfyfc598oqzlchm1te6m71qy0fy','.eJxVjEsOwjAMBe-SNYpwksYxS_Y9Q2U7KS2gVOpnhbg7VOoCtm9m3st0vK1Dty1l7sZsLiaY0-8mrI9Sd5DvXG-T1amu8yh2V-xBF9tOuTyvh_t3MPAyfOsoqSgmIYeFwaPkTNo7AE8pQaDI2QcBTOQJI2ITXARQof7caxPYvD_XYjc0:1vbg2n:_UJWj8amP71jy0y3Ow4tXMVRLHApppYCntC0GXAgJxI','2026-01-16 14:22:21.246176'),('oper74n9rl97fst6cg78u6ij2npgyzut','.eJxVjDsOwjAQBe_iGln-LpiSPmewdtc2DiBHipMKcXdkKQW0b2beW0Tctxr3ntc4J3EV4MXpdyTkZ26DpAe2-yJ5ads6kxyKPGiX05Ly63a4fwcVex01lZDYG9DBcmEGsI600hicAeTAJjM5uCQu5HU4G2UzF_SkyIBNKD5fKMQ46Q:1vmc5v:TuKgD2iEvYUdTnSQ3_e6lUkHgzRdFl7V04GTnWObbgo','2026-02-15 18:22:47.746357'),('osntxmedsa4ms7bs997z00l14kph898v','.eJxVjEsOwiAUAO_C2hDgmRZcuvcM5P0qVUOT0q6Md9eaLnQ7M5mnybguJa9N5zyKORnvzeEXEvJd62bkhvU6WZ7qMo9kt8TuttnLJPo47-3foGAr368bEvTgOEmnoEf0SBwBgkoIKB_du-AFIZIqa4pDJIddisrkkprXGwl2OLM:1vWoTE:Tk9ClTt5cNZ_D9VxZmNT14eoL2P4bMdETny_C5znmRE','2026-01-03 04:21:32.233278'),('ovgeotyt336tidujlfedtj62rcc3ca5s','.eJxVjMsOwiAQRf-FtSEw0IG6dO83kBkeUjU0Ke3K-O_apAvd3nPOfYlA21rD1vMSpiTOAp04_Y5M8ZHbTtKd2m2WcW7rMrHcFXnQLq9zys_L4f4dVOr1Wys3Kq0YqTBG78EnGi2mAmCYtAE2nLNX2lHRQyajIyZrAYcCaAqReH8ABog4Iw:1vmeNU:MoURMt3nImUEB0-YKOxPJmyIlc8dH95I5ekcJKGoOYU','2026-02-15 20:49:04.392221'),('oviuj3zy3s96dzpi1fmeywcjb0sofq3x','.eJxVjDsOwjAQBe_iGln4mw0lPWew1vYuDiBbipMKcXcSKQW0b2beWwRclxLWTnOYsrgIK06_W8T0pLqD_MB6bzK1usxTlLsiD9rlrWV6XQ_376BgL1sdPVHO6OCsB6_AIYGyOtkxGgUqOQ3MjvTIrFgbzzgY5RNYB3rzKInPF-LRN38:1vY02z:SVeobsoyAVo4701t6fmJ1iMlL0p_HR7_grmlMLg9yC0','2026-01-06 10:55:21.155196'),('owuavdnds4mbaxljway4lx3s9316g507','.eJxVjEsOwjAMBe-SNYqM0zgpS_Y9Q2UnDimgVupnhbg7VOoCtm9m3sv0vK213xad-yGbi0Fz-t2E00PHHeQ7j7fJpmlc50HsrtiDLrabsj6vh_t3UHmp3_rsVBx6IQcYInkW8EpAEqgNUCJEpoDogVuNiV2DgUpEaJpcVFI27w-xgjcQ:1vSy0Q:8Ir_EYF0W8wiwNnpvJGFJ4uvtrWboKWBOh_lOW4Hvfw','2025-12-23 13:43:54.307143'),('p2w7c99z3sy3pxtlofss3wl1oj1o37gs','.eJxVjEsOwiAUAO_C2hDgmRZcuvcM5P0qVUOT0q6Md9eaLnQ7M5mnybguJa9N5zyKORnvzeEXEvJd62bkhvU6WZ7qMo9kt8TuttnLJPo47-3foGAr368bEvTgOEmnoEf0SBwBgkoIKB_du-AFIZIqa4pDJIddisrkkprXGwl2OLM:1vWoDb:pocUvdKra9XrpcrgjPAZyv0gZTpZKvbYqJPPKIiVy5Y','2026-01-03 04:05:23.688444'),('p4vsba3wrqcil2fs3ulq12bmncyceiln','.eJxVjEsOwiAUAO_C2hDgmRZcuvcM5P0qVUOT0q6Md9eaLnQ7M5mnybguJa9N5zyKORnvzeEXEvJd62bkhvU6WZ7qMo9kt8TuttnLJPo47-3foGAr368bEvTgOEmnoEf0SBwBgkoIKB_du-AFIZIqa4pDJIddisrkkprXGwl2OLM:1vTZ5Z:KuUBb_4cVRwL4k3y1_mCbqfDRzJZqwE7ZjBHmu3qPJg','2025-12-25 05:19:41.073013'),('p4xbmg0oro3k7yd6mijyhcqpidzt2bv7','.eJxVjDsOwjAQBe_iGln-r6Gkzxms9e6aBFAi5VMh7g6RUkD7Zua9VMFt7cu2yFwGVheVkjr9jhXpIeNO-I7jbdI0jes8VL0r-qCL7iaW5_Vw_w56XPpv7Y1j36zzFNhjcyanmjlJE0sQXcLIwcuZIEhoCBwBUgUga6JkQ0a9Pww5OAs:1vphj1:XD9S_mx0eZK2BKUNG2iyK3DpevQoLiYMOoFIX8fJ4UA','2026-02-24 06:59:55.659768'),('p7r4cd807ljhlbc502zb5q4hipkrpaq5','.eJxVjEEOwiAQRe_C2hBgmBZcuvcMBGaoVA0kpV0Z765NutDtf-_9lwhxW0vYel7CzOIscBCn3zFFeuS6E77HemuSWl2XOcldkQft8to4Py-H-3dQYi_fmthRds57AKXQeXITg_EaYEwaPONktGGDWhG6bImRlDWZBhrRWu3F-wPwTDcp:1virMU:JRwZo6kHhmXnbqBhsJR9qmw-8eo6edcob4zvL1Xy6wo','2026-02-05 09:52:22.033398'),('p96ffb7s8ptwag9bysc8ikd4a8numu7r','.eJxVjDsOwjAQBe_iGlneGMcbSnrOYHk_4ABypDipEHeHSCmgfTPzXibldSlpbTqnUczJdMEcfkfK_NC6EbnnepssT3WZR7KbYnfa7GUSfZ539--g5Fa-dfBOUCIAEqkXCajo_NVFJOmlh46RHAE7UOCBow_uqHHIxOo5iJj3BwtFOIo:1vcGXC:iINK7gIdBaF2UnmO0VTT7Iu2Fmh22ddllsbHDFo1Q-g','2026-01-18 05:20:10.266197'),('pazq9buarbv6qc9p4so33l2lmv1d5nk8','.eJxVjEsOwiAUAO_C2hDgmRZcuvcM5P0qVUOT0q6Md9eaLnQ7M5mnybguJa9N5zyKORnvzeEXEvJd62bkhvU6WZ7qMo9kt8TuttnLJPo47-3foGAr368bEvTgOEmnoEf0SBwBgkoIKB_du-AFIZIqa4pDJIddisrkkprXGwl2OLM:1vcbxw:9NdLWi_dAJHkaslgwVzCE3A83BGp1GNWhTYpU-ZOeGc','2026-01-19 04:13:12.315598'),('peaevvlmf83re743lid2cpt974c3g8y2','.eJxVjEsOwiAUAO_C2hDgmRZcuvcM5P0qVUOT0q6Md9eaLnQ7M5mnybguJa9N5zyKORnvzeEXEvJd62bkhvU6WZ7qMo9kt8TuttnLJPo47-3foGAr368bEvTgOEmnoEf0SBwBgkoIKB_du-AFIZIqa4pDJIddisrkkprXGwl2OLM:1vcNWQ:WSphG_KK-LaTNEE-VvTpwI8iSb5AUnFQEQ2RQbi_6CU','2026-01-18 12:47:50.361475'),('pf1tdgt4ufcuct8d8mkypeg4zr7fpszh','.eJxVjMsOwiAQRf-FtSFACQ-X7v0GMswMUjWQlHZl_Hdt0oVu7znnvkSCba1pG7ykmcRZGC1Ov2MGfHDbCd2h3brE3tZlznJX5EGHvHbi5-Vw_w4qjPqteQJEp01gQ4QKdA7B-UAMPupYQLuYI5jMYYrBglXaKVu8z9YSFkTx_gAdkzib:1vUMIR:C8Jl2oQLeHT7ShHdcBs9YuDvaAeb-BQgOPx6zhvwGv4','2025-12-27 09:52:15.356133'),('pfdrjn408bz01pkzvg6909ogn3zo4wwk','.eJxVjDsOwjAQBe_iGlmx17-lpOcMlte7wgGUSHFSIe4OkVJA-2bmvVQu29ry1mXJI6uzMkGdfkcq9SHTTvheptus6zyty0h6V_RBu77OLM_L4f4dtNLbtwYAYeRoglC04jBY9EABIwDTkFz16CuSSbYmR4kkDdYxeBvEJST1_gDsiTc4:1vbg5u:3Q3kwCi-0j3RFJv0xA_1FM1AXZvmlB_lylU80ZAuLVE','2026-01-16 14:25:34.592144'),('pqp1ha6yuui0ov3i8o6oxqabwdz3fhpy','.eJxVjEsOwiAUAO_C2hDgmRZcuvcM5P0qVUOT0q6Md9eaLnQ7M5mnybguJa9N5zyKORnvzeEXEvJd62bkhvU6WZ7qMo9kt8TuttnLJPo47-3foGAr368bEvTgOEmnoEf0SBwBgkoIKB_du-AFIZIqa4pDJIddisrkkprXGwl2OLM:1vWo36:IvIoB-ydSVyM8E56EM5c74E3d7EomS1jGQMwruRHbZU','2026-01-03 03:54:32.281408'),('pqwkf5d0x9krgs62wrjqx45pguffm7bl','.eJxVjEsOwiAUAO_C2hDgmRZcuvcM5P0qVUOT0q6Md9eaLnQ7M5mnybguJa9N5zyKORnvzeEXEvJd62bkhvU6WZ7qMo9kt8TuttnLJPo47-3foGAr368bEvTgOEmnoEf0SBwBgkoIKB_du-AFIZIqa4pDJIddisrkkprXGwl2OLM:1vTbnq:S80o901mONDAspGhZ4tonZHbEx502Dr-PdspRgJtjDU','2025-12-25 08:13:34.016938'),('pt65h4hv8fes4dusiperqe032y2bf1yf','.eJxVjDEOwjAMAP-SGUWksUvKyN43RHbskAJKpaadEH9HlTrAene6t4m0rSVuTZc4ibma_mxOv5ApPbXuRh5U77NNc12Xie2e2MM2O86ir9vR_g0KtbJ_hT26QEp44T6TOkppUOk8aXbIvQw-oYKHHDB3AAyArIIYeKAOzOcLOFM4-A:1vnl7x:Rpj_q3n4Xsl3UqsKb5M3EdMqlgeX-PCs1lnYDRS9OIM','2026-02-18 22:13:37.499706'),('pw5qhyjryljq3gs4igw33wcbw8ubllc3','.eJxVjDsOwjAQBe_iGlneGMcbSnrOYHk_4ABypDipEHeHSCmgfTPzXibldSlpbTqnUczJdMEcfkfK_NC6EbnnepssT3WZR7KbYnfa7GUSfZ539--g5Fa-dfBOUCIAEqkXCajo_NVFJOmlh46RHAE7UOCBow_uqHHIxOo5iJj3BwtFOIo:1vTD7k:MOezU--CtJy-JIuFKKvxwHQocim9zokbtPF-elCqtno','2025-12-24 05:52:28.086625'),('pwpognhaww5zbcbpk3l2sl3dc17qkthp','.eJxVjDsOwjAQBe_iGln-xE6Wkp4zWLvrNQkgR4qTCnF3iJQC2jcz76USbuuYtiZLmrI6q-DV6Xck5IfUneQ71tusea7rMpHeFX3Qpq9zluflcP8ORmzjty5MAw7WFkbuoffZ-Qi2K5IphGiAejHUERTrh2gcCoCVzkTh7NgGUO8PHf44QQ:1vfxpf:974baFQ-S6y18Yrzn9QlLzWmkFA7-yRyshD7gogCrtQ','2026-01-28 10:10:31.036190'),('pykzw1utoql9azneqsvyasxtgfedcofx','.eJxVjMsOwiAQRf-FtSHMQHm4dN9vIAyDUjU0Ke3K-O_apAvd3nPOfYmYtrXGrZclTizOYnDi9DtSyo_SdsL31G6zzHNbl4nkrsiDdjnOXJ6Xw_07qKnXbw0mZR2CK5g9a-OA7BXYAYMqZkBQqEzmYDVqAo_eAaiAJoC3AEwk3h_gaDZ2:1vj1J6:RAhXDew-nMVUjwmlLZrLWTBrqM4iz6u2diPzp8QQF90','2026-02-05 20:29:32.885220'),('q0fw2iedt2nlbm34fqcm11pb2hj8w67g','.eJxVjDsOwjAQBe_iGlneGMcbSnrOYHk_4ABypDipEHeHSCmgfTPzXibldSlpbTqnUczJdMEcfkfK_NC6EbnnepssT3WZR7KbYnfa7GUSfZ539--g5Fa-dfBOUCIAEqkXCajo_NVFJOmlh46RHAE7UOCBow_uqHHIxOo5iJj3BwtFOIo:1vTPfR:6aKAaHFi_jUlFO2fwzSHccvMNcMb_AhK6FXRSMVnJCM','2025-12-24 19:16:05.420199'),('q3p9i1ranxjubwj06yg07r3ndq8gx2r4','.eJxVjDsOwjAQBe_iGlneGMcbSnrOYHk_4ABypDipEHeHSCmgfTPzXibldSlpbTqnUczJdMEcfkfK_NC6EbnnepssT3WZR7KbYnfa7GUSfZ539--g5Fa-dfBOUCIAEqkXCajo_NVFJOmlh46RHAE7UOCBow_uqHHIxOo5iJj3BwtFOIo:1vbvNM:h_k43sIsx4K_9rYnmD11y-7xxGwqUMjEIzWwBG108yM','2026-01-17 06:44:36.458141'),('q7nch3rft8bc9kyerrld5tibuj9rnvvi','.eJxVjDsOwjAQBe_iGln-r6Gkzxms9e6aBFAi5VMh7g6RUkD7Zua9VMFt7cu2yFwGVheVkjr9jhXpIeNO-I7jbdI0jes8VL0r-qCL7iaW5_Vw_w56XPpv7Y1j36zzFNhjcyanmjlJE0sQXcLIwcuZIEhoCBwBUgUga6JkQ0a9Pww5OAs:1vpBkC:tc--dtaX0_ZO8edkYh4_cUKvqPioNi-YuWs6sw_YBF8','2026-02-22 20:51:00.007622'),('q89wjr67zqfkol5yb9yed358vqgxqly0','.eJxVjEsOwiAUAO_C2hDgmRZcuvcM5P0qVUOT0q6Md9eaLnQ7M5mnybguJa9N5zyKORnvzeEXEvJd62bkhvU6WZ7qMo9kt8TuttnLJPo47-3foGAr368bEvTgOEmnoEf0SBwBgkoIKB_du-AFIZIqa4pDJIddisrkkprXGwl2OLM:1vbu9M:FHHT90wD7UmGKFRM_iIHzAX8Rs8EdAlp7aNvEo4_c1Q','2026-01-17 05:26:04.234699'),('q8q7co8mdwcolwfoozagk5rqxs6ua2td','.eJxVjEEOwiAQRe_C2pAJ0Jni0r1nIANMpWpoUtpV491tky50-997f1OB16WEtckcxqyuquvV5XeMnF5SD5KfXB-TTlNd5jHqQ9Enbfo-ZXnfTvfvoHArey3RsXgmIGPYIzm2QByBskPTCwLBEK0IGnTiAcG7ocvk_Q5tElSfLwBvN5A:1vi6D6:B5719O6i0OapwHSwWeU84c6SQjdCga4D7hStKqIeO1Y','2026-02-03 07:31:32.132725'),('qbbzw8zjp35jj2ddrw1ljfde0usuyy29','.eJxVjEsOwjAMBe-SNYpwksYxS_Y9Q2U7KS2gVOpnhbg7VOoCtm9m3st0vK1Dty1l7sZsLiaY0-8mrI9Sd5DvXG-T1amu8yh2V-xBF9tOuTyvh_t3MPAyfOsoqSgmIYeFwaPkTNo7AE8pQaDI2QcBTOQJI2ITXARQof7caxPYvD_XYjc0:1vbfvb:XqL-y-YmqfM1AdTJ9A-OxWlAS5kTX5n7ptRG07LROTU','2026-01-16 14:14:55.519154'),('qcm6qrrgexb2jkif9m90suwpwj4hivob','.eJxVjDsOwjAQBe_iGln2-kco6XMGa71r4wCypXwqxN0hUgpo38y8l4i4rTVuS57jxOIinBen3zEhPXLbCd-x3bqk3tZ5SnJX5EEXOXbOz-vh_h1UXOq3phAMkR4M-mItsAJNPNiAkBRlq7JTEKwx7qzVkAMgcFHIGFLRHnQR7w_6yze8:1vk8fv:6Mdwia6pqXIH3xyB53nl52dosptnXbmybjXLeALZdbU','2026-02-08 22:33:43.168815'),('qeg8qiw94qv0qrw1f5ff4vwwwlsth5dj','.eJxVjDsOgzAQRO_iOrIw_uGU6TmDtfbuxiQRljBUUe4ekCgSaap5b-YtImxriVujJU4orkIHcfktE-QnzQfBB8z3KnOd12VK8lDkSZscK9Lrdrp_BwVa2deAjiwnbUgNLlvlEAbmhB1nTQoxhN6AzqF3zGjJKN976vYoz-QViM8XO005BA:1vi6EO:3-Ub7ZaFdO0G6CCOaHyhC-y2Ar7NsD9YbIK7fGBdq3U','2026-02-03 07:32:52.989174'),('qffcpwtoelzdtkm6c3ehnoqn6o9j5qyd','.eJxVjEsOwiAUAO_C2hDgmRZcuvcM5P0qVUOT0q6Md9eaLnQ7M5mnybguJa9N5zyKORnvzeEXEvJd62bkhvU6WZ7qMo9kt8TuttnLJPo47-3foGAr368bEvTgOEmnoEf0SBwBgkoIKB_du-AFIZIqa4pDJIddisrkkprXGwl2OLM:1vaPkC:l3FNFFWayXamg6VMEopubNj_cnSZYpTJo6Bburl-0CA','2026-01-13 02:45:56.265254'),('qhqeyg2zxg26zkxatq62stqfakgsv92f','.eJxVjMsOwiAQRf-FtSHMQHm4dN9vIAyDUjU0Ke3K-O_apAvd3nPOfYmYtrXGrZclTizOYnDi9DtSyo_SdsL31G6zzHNbl4nkrsiDdjnOXJ6Xw_07qKnXbw0mZR2CK5g9a-OA7BXYAYMqZkBQqEzmYDVqAo_eAaiAJoC3AEwk3h_gaDZ2:1vj2JR:WqRDyZ8dru4gFWomF9exRuEQNhby945HeTZgCbTVuqU','2026-02-05 21:33:57.965688'),('qjb0hn5v7pap4jmcl6ourts5i06evunr','.eJxVjDsOwjAQBe_iGln2-kco6XMGa71r4wCypXwqxN0hUgpo38y8l4i4rTVuS57jxOIinBen3zEhPXLbCd-x3bqk3tZ5SnJX5EEXOXbOz-vh_h1UXOq3phAMkR4M-mItsAJNPNiAkBRlq7JTEKwx7qzVkAMgcFHIGFLRHnQR7w_6yze8:1vkFlP:LxL-6DiefX5bdWfeBSWRCEC-icadyJRIN4zGxb0VIO8','2026-02-09 06:07:51.907732'),('qlmt23tpmdcvc40oms0dgq4lueixx0lv','.eJxVjDsOwjAQBe_iGlneGMcbSnrOYHk_4ABypDipEHeHSCmgfTPzXibldSlpbTqnUczJdMEcfkfK_NC6EbnnepssT3WZR7KbYnfa7GUSfZ539--g5Fa-dfBOUCIAEqkXCajo_NVFJOmlh46RHAE7UOCBow_uqHHIxOo5iJj3BwtFOIo:1vavRu:PpB6rpsSDmGhYg60FghZwTKpUM_ekzmSCKwv6_iQYCY','2026-01-14 12:37:10.578355'),('qpg7s0dsf5vjiue2sh4oakgsc1f6kxo0','.eJxVjDsOwjAQBe_iGlneGMcbSnrOYHk_4ABypDipEHeHSCmgfTPzXibldSlpbTqnUczJdMEcfkfK_NC6EbnnepssT3WZR7KbYnfa7GUSfZ539--g5Fa-dfBOUCIAEqkXCajo_NVFJOmlh46RHAE7UOCBow_uqHHIxOo5iJj3BwtFOIo:1vcQei:b0Mbefo8dAXLWP9UXo-QTaM_UliqhtIx3wMEJD9W1oo','2026-01-18 16:08:36.453460'),('qqupvrcwzyggx37h59tp8t3vieqlpaqw','.eJxVjM0OwiAQhN-FsyFQfrbx6N1nILssSNVAUtqT8d2VpAed43zfzEsE3LcS9p7WsLA4CyNOvx1hfKQ6AN-x3pqMrW7rQnIo8qBdXhun5-Vw_w4K9jLWlGcAD0qnrEhrYxiY7awm1pldBMeJLGb6xns0AHFy4DICIlky4v0B_WY45Q:1vSs9i:7hzfY4KGVAVsq93atVUzTIsqDx_M0XwzOGAXi0XesPI','2025-12-23 07:29:06.117078'),('qqylyp3y9ledg985pust8chudliiexd8','.eJxVjDsOwjAQBe_iGlmx17-lpOcMlte7wgGUSHFSIe4OkVJA-2bmvVQu29ry1mXJI6uzMkGdfkcq9SHTTvheptus6zyty0h6V_RBu77OLM_L4f4dtNLbtwYAYeRoglC04jBY9EABIwDTkFz16CuSSbYmR4kkDdYxeBvEJST1_gDsiTc4:1vTHsw:B5NB1Zma6dCr3bQCAsANYAqHUd0WE_dBmTGK1fSF040','2025-12-24 10:57:30.112402'),('qvoc05ho36qnyj6k5axy0vo706xyul0o','.eJxVjDsOwjAQBe_iGlneGMcbSnrOYHk_4ABypDipEHeHSCmgfTPzXibldSlpbTqnUczJdMEcfkfK_NC6EbnnepssT3WZR7KbYnfa7GUSfZ539--g5Fa-dfBOUCIAEqkXCajo_NVFJOmlh46RHAE7UOCBow_uqHHIxOo5iJj3BwtFOIo:1vc2CT:xCDLmEGLoFtM55A4nmx75B-PsPe5G0jZdpkc68W8v2g','2026-01-17 14:01:49.064329'),('qz4lbl7uqyqz06psydtq8r2ikwmymi65','.eJxVjEsOwiAUAO_C2hDgmRZcuvcM5P0qVUOT0q6Md9eaLnQ7M5mnybguJa9N5zyKORnvzeEXEvJd62bkhvU6WZ7qMo9kt8TuttnLJPo47-3foGAr368bEvTgOEmnoEf0SBwBgkoIKB_du-AFIZIqa4pDJIddisrkkprXGwl2OLM:1vWoKT:WE6cR6rb9Anntd9o08zfWcTOrtJJnMriXaLTLBU5rho','2026-01-03 04:12:29.467528'),('r401abiykejda5n51tgt7vppst67riy2','.eJxVjEsOwiAUAO_C2hDgmRZcuvcM5P0qVUOT0q6Md9eaLnQ7M5mnybguJa9N5zyKORnvzeEXEvJd62bkhvU6WZ7qMo9kt8TuttnLJPo47-3foGAr368bEvTgOEmnoEf0SBwBgkoIKB_du-AFIZIqa4pDJIddisrkkprXGwl2OLM:1vaokn:Gx3RTnnmJj8gkCoqs2Dk-zSjv14PoMAgNcvt-Fs7-v0','2026-01-14 05:28:13.524741'),('r4qmcsvycrpvila5k10ddm56gcyp7z8z','.eJxVjEsOwiAUAO_C2hDgmRZcuvcM5P0qVUOT0q6Md9eaLnQ7M5mnybguJa9N5zyKORnvzeEXEvJd62bkhvU6WZ7qMo9kt8TuttnLJPo47-3foGAr368bEvTgOEmnoEf0SBwBgkoIKB_du-AFIZIqa4pDJIddisrkkprXGwl2OLM:1vX0eJ:NGlGYXHIlELwt7w1sZ4eNsZ2xnEyFWtU80hyG4OUtos','2026-01-03 17:21:47.456147'),('r5cvmnmiark2shphqjphdpm6q4xh4a1i','.eJxVjEsOwiAUAO_C2hDgmRZcuvcM5P0qVUOT0q6Md9eaLnQ7M5mnybguJa9N5zyKORnvzeEXEvJd62bkhvU6WZ7qMo9kt8TuttnLJPo47-3foGAr368bEvTgOEmnoEf0SBwBgkoIKB_du-AFIZIqa4pDJIddisrkkprXGwl2OLM:1vc1jX:OnxY77PbeJ01P8l2BnaOo9jDwkdG8UR_Zt5FKOuqGII','2026-01-17 13:31:55.584823'),('r5kauguas9i6zuybwn579wogfrpa88oa','.eJxVjEsOwiAUAO_C2hDgmRZcuvcM5P0qVUOT0q6Md9eaLnQ7M5mnybguJa9N5zyKORnvzeEXEvJd62bkhvU6WZ7qMo9kt8TuttnLJPo47-3foGAr368bEvTgOEmnoEf0SBwBgkoIKB_du-AFIZIqa4pDJIddisrkkprXGwl2OLM:1vauTk:rwnLtnrdqeayleo0NJw79C002LGz9emP35nRehxMVMk','2026-01-14 11:35:00.204909'),('rcpzto531uenrmk4nugmgygdfka3eo8u','.eJxVjEsOwiAUAO_C2hDgmRZcuvcM5P0qVUOT0q6Md9eaLnQ7M5mnybguJa9N5zyKORnvzeEXEvJd62bkhvU6WZ7qMo9kt8TuttnLJPo47-3foGAr368bEvTgOEmnoEf0SBwBgkoIKB_du-AFIZIqa4pDJIddisrkkprXGwl2OLM:1vWoRF:K79n5PtPFPfnqMWExl3eKh2qJ39YfnxFF8-xq24LEz4','2026-01-03 04:19:29.866303'),('rdz6csyn10j313z2thkh7g13sighawp8','.eJxVjEsOwiAUAO_C2hDgmRZcuvcM5P0qVUOT0q6Md9eaLnQ7M5mnybguJa9N5zyKORnvzeEXEvJd62bkhvU6WZ7qMo9kt8TuttnLJPo47-3foGAr368bEvTgOEmnoEf0SBwBgkoIKB_du-AFIZIqa4pDJIddisrkkprXGwl2OLM:1vWoQx:XK71BWhc_vHpRsuoJ2fdWYrCuuInLO3oAhJVzJjLPF4','2026-01-03 04:19:11.848736'),('rfxj82txb6js2e3izsior5395my1v2u0','.eJxVjEsOwjAMBe-SNYqM0zgpS_Y9Q2UnDimgVupnhbg7VOoCtm9m3sv0vK213xad-yGbi0Fz-t2E00PHHeQ7j7fJpmlc50HsrtiDLrabsj6vh_t3UHmp3_rsVBx6IQcYInkW8EpAEqgNUCJEpoDogVuNiV2DgUpEaJpcVFI27w-xgjcQ:1vaOtW:iIM7Y1JMZn-xR2M4cQyUhOTvpy0wgJRw8m1HBEROF_I','2026-01-13 01:51:30.893646'),('rgphoj97d4av205wgvbmvslrtqygs7q5','.eJxVjDsOwjAQBe_iGlneGMcbSnrOYHk_4ABypDipEHeHSCmgfTPzXibldSlpbTqnUczJdMEcfkfK_NC6EbnnepssT3WZR7KbYnfa7GUSfZ539--g5Fa-dfBOUCIAEqkXCajo_NVFJOmlh46RHAE7UOCBow_uqHHIxOo5iJj3BwtFOIo:1vcbe3:z3spj6f0PaXCObyD8KKlKkkBCwtXYhjJEs6FqrUojGY','2026-01-19 03:52:39.999994'),('rhtbkyodwzyz018cf8qf6vvtacony5x9','.eJxVjEEOwiAQRe_C2hBgmBZcuvcMBGaoVA0kpV0Z765NutDtf-_9lwhxW0vYel7CzOIscBCn3zFFeuS6E77HemuSWl2XOcldkQft8to4Py-H-3dQYi_fmthRds57AKXQeXITg_EaYEwaPONktGGDWhG6bImRlDWZBhrRWu3F-wPwTDcp:1virdh:LVSO6fCaPFocSqE2h-DtRTK_Zc4j1c-wwPb4AY0PizY','2026-02-05 10:10:09.542426'),('ri0bi2ptpvzkgzkgxm074ikhz1ec45je','.eJxVjEsOwjAMBe-SNYpwksYxS_Y9Q2U7KS2gVOpnhbg7VOoCtm9m3st0vK1Dty1l7sZsLiaY0-8mrI9Sd5DvXG-T1amu8yh2V-xBF9tOuTyvh_t3MPAyfOsoqSgmIYeFwaPkTNo7AE8pQaDI2QcBTOQJI2ITXARQof7caxPYvD_XYjc0:1vbfsn:yZ5X__jc4XcC7wOOCeFah-JWs43Cz7fApp1hcVMQLbs','2026-01-16 14:12:01.605133'),('rkb3w8lwa6hvjyedpmwya2lsbhan1fuf','.eJxVjDsOwjAQBe_iGln2-kco6XMGa71r4wCypXwqxN0hUgpo38y8l4i4rTVuS57jxOIinBen3zEhPXLbCd-x3bqk3tZ5SnJX5EEXOXbOz-vh_h1UXOq3phAMkR4M-mItsAJNPNiAkBRlq7JTEKwx7qzVkAMgcFHIGFLRHnQR7w_6yze8:1vk7Zd:FbPRrAc2SsN6OCSqq0d5tJ_lzxlBtPW3ngs9kWqzwsM','2026-02-08 21:23:09.161646'),('ro4htb46lo2lanu2eeujzq8k9sbo6qel','.eJxVjDsOwjAQBe_iGlneGMcbSnrOYHk_4ABypDipEHeHSCmgfTPzXibldSlpbTqnUczJdMEcfkfK_NC6EbnnepssT3WZR7KbYnfa7GUSfZ539--g5Fa-dfBOUCIAEqkXCajo_NVFJOmlh46RHAE7UOCBow_uqHHIxOo5iJj3BwtFOIo:1vbg9o:FzhEi9hJhyuJsULsYtG9hMiGN5BhHXLFGDlMabL-zNE','2026-01-16 14:29:36.695819'),('rrffio0ekjcc3ns3zt7prxne3l377573','.eJxVjDsOwjAQBe_iGlneGMcbSnrOYHk_4ABypDipEHeHSCmgfTPzXibldSlpbTqnUczJdMEcfkfK_NC6EbnnepssT3WZR7KbYnfa7GUSfZ539--g5Fa-dfBOUCIAEqkXCajo_NVFJOmlh46RHAE7UOCBow_uqHHIxOo5iJj3BwtFOIo:1vcgDr:r1A8U0u0sGbCgTN4MYxAO9UDUbybZPDG_aV7jATAcOg','2026-01-19 08:45:55.429166'),('rt3i45e1r8u3pusmthj0iw2mzhi4q25m','.eJxVjDsOwjAQBe_iGln-xE6Wkp4zWLvrNQkgR4qTCnF3iJQC2jcz76USbuuYtiZLmrI6q-DV6Xck5IfUneQ71tusea7rMpHeFX3Qpq9zluflcP8ORmzjty5MAw7WFkbuoffZ-Qi2K5IphGiAejHUERTrh2gcCoCVzkTh7NgGUO8PHf44QQ:1viUYM:aryRmL77Fzh4_zd2R35RWaCSCLAqBTtLJ6ajRZy5XLs','2026-02-04 09:31:06.528799'),('rxwec5dbk0s7r2ulvxthja6z3uxsj01i','.eJxVjDsOwjAQBe_iGllLcFibkj5niPbjxQGUSHFSIe4OkVJA-2bmvVxP61L6tea5H9RdXAB3-B2Z5JHHjeidxtvkZRqXeWC_KX6n1XeT5ud1d_8OCtXyrUUCtBYzNJqJo2o6QjTJJpiYKGBKyRQFARVie8YGGg6BlfGUzMy9PzR1OQ4:1vcHQ5:Twzf0rtRJh4ftuUExZrgJxIi1aKZ_e0NyVzAWSUR24Q','2026-01-18 06:16:53.056898'),('ry8jasgx9syp2fvvmnxh1s6h771pjvdp','.eJxVjDsOwjAQBe_iGln-fyjpOYO1Xq9xADlSnFSIu0OkFNC-mXkvlmBbW9oGLWkq7MycZqffMQM-qO-k3KHfZo5zX5cp813hBx38Ohd6Xg7376DBaN86K7KONHowIWJwMthcLXlXIQchAZ1GikWY4KkKjMroHD1AVSA1OsPeHxo6OHQ:1vnl8x:mKG3NceC2NVawyUy7Np6EILcsTTO8PwU46jDERfprGA','2026-02-18 22:14:39.412531'),('rz7h4nsruzcfrzde7gauekkpmxb6w0c2','.eJxVjDsOwjAQBe_iGlneGMcbSnrOYHk_4ABypDipEHeHSCmgfTPzXibldSlpbTqnUczJdMEcfkfK_NC6EbnnepssT3WZR7KbYnfa7GUSfZ539--g5Fa-dfBOUCIAEqkXCajo_NVFJOmlh46RHAE7UOCBow_uqHHIxOo5iJj3BwtFOIo:1vcbl3:RG8eU9jJHWHAsezKSO9cZwnS6m0Tajm0Toiqp9hDusA','2026-01-19 03:59:53.411745'),('s0oaitjyz21gmsuck1dk0guafppvqigv','.eJxVjDsOwjAQBe_iGlneGMcbSnrOYHk_4ABypDipEHeHSCmgfTPzXibldSlpbTqnUczJdMEcfkfK_NC6EbnnepssT3WZR7KbYnfa7GUSfZ539--g5Fa-dfBOUCIAEqkXCajo_NVFJOmlh46RHAE7UOCBow_uqHHIxOo5iJj3BwtFOIo:1vc1vZ:_XFB4gk5wxq834WfPAd2OALwmoN9f_pRnh_9WFagQHQ','2026-01-17 13:44:21.714844'),('s7buor64chyyar2i3i2tk66n0o638efx','.eJxVjDsOwjAQBe_iGln4mw0lPWew1vYuDiBbipMKcXcSKQW0b2beWwRclxLWTnOYsrgIK06_W8T0pLqD_MB6bzK1usxTlLsiD9rlrWV6XQ_376BgL1sdPVHO6OCsB6_AIYGyOtkxGgUqOQ3MjvTIrFgbzzgY5RNYB3rzKInPF-LRN38:1vXf7o:AywAVzXGRGCEG6xlBltHU9uyYIo0BrGErzMu41tHEsc','2026-01-05 12:34:56.997275'),('s93qcie76hr9nel707aojtwqe7nllgu3','.eJxVjDsOwjAQBe_iGlneGMcbSnrOYHk_4ABypDipEHeHSCmgfTPzXibldSlpbTqnUczJdMEcfkfK_NC6EbnnepssT3WZR7KbYnfa7GUSfZ539--g5Fa-dfBOUCIAEqkXCajo_NVFJOmlh46RHAE7UOCBow_uqHHIxOo5iJj3BwtFOIo:1vc1wI:edk8cUu6sjTyzbdtdHNIakn7riLTon7rv9H4Nrx3jbg','2026-01-17 13:45:06.387861'),('sb15o3qptvzazlt7xz9juo1qz3udnt0h','.eJxVjDsOwjAQBe_iGlneGMcbSnrOYHk_4ABypDipEHeHSCmgfTPzXibldSlpbTqnUczJdMEcfkfK_NC6EbnnepssT3WZR7KbYnfa7GUSfZ539--g5Fa-dfBOUCIAEqkXCajo_NVFJOmlh46RHAE7UOCBow_uqHHIxOo5iJj3BwtFOIo:1vcDhM:ZlwYmWr6BG8_xQv6MwbKhGv4mh9rGd5VkyTpwtJKi9k','2026-01-18 02:18:28.825417'),('sb5wut3511k7xxo3pf0vtdxs0lvwol94','.eJxVjEsOwjAMBe-SNYqM0zgpS_Y9Q2UnDimgVupnhbg7VOoCtm9m3sv0vK213xad-yGbi0Fz-t2E00PHHeQ7j7fJpmlc50HsrtiDLrabsj6vh_t3UHmp3_rsVBx6IQcYInkW8EpAEqgNUCJEpoDogVuNiV2DgUpEaJpcVFI27w-xgjcQ:1vSvjp:snrbj6FBvbFyf4ZKtJbx3Mku1iUmgFiG0SIH0_Lg7HQ','2025-12-23 11:18:37.039072'),('scpn0bhpa0myx0s8d37ns6diz5ql2qzs','.eJxVjEsOwjAMBe-SNYqM0zgpS_Y9Q2UnDimgVupnhbg7VOoCtm9m3sv0vK213xad-yGbi0Fz-t2E00PHHeQ7j7fJpmlc50HsrtiDLrabsj6vh_t3UHmp3_rsVBx6IQcYInkW8EpAEqgNUCJEpoDogVuNiV2DgUpEaJpcVFI27w-xgjcQ:1vXfG7:g4S9FnyUCiL8iWSmgtgPDWt3Xr-bxLZkrJXse6YUwL4','2026-01-05 12:43:31.400501'),('sdcckz9uedweahhcz9faxx9xxcc5653u','.eJxVjDsOgzAQRO_iOrIw_uGU6TmDtfbuxiQRljBUUe4ekCgSaap5b-YtImxriVujJU4orkIHcfktE-QnzQfBB8z3KnOd12VK8lDkSZscK9Lrdrp_BwVa2deAjiwnbUgNLlvlEAbmhB1nTQoxhN6AzqF3zGjJKN976vYoz-QViM8XO005BA:1vkFl0:omnoMIP7gu8FdgZOVOU80TGljhC9fxxnJSiFU92jadQ','2026-02-09 06:07:26.315977'),('se89vm366nudwlouoeizoyhkcg3krnqg','.eJxVjEsOwjAMBe-SNYpwksYxS_Y9Q2U7KS2gVOpnhbg7VOoCtm9m3st0vK1Dty1l7sZsLiaY0-8mrI9Sd5DvXG-T1amu8yh2V-xBF9tOuTyvh_t3MPAyfOsoqSgmIYeFwaPkTNo7AE8pQaDI2QcBTOQJI2ITXARQof7caxPYvD_XYjc0:1vamKI:VQBcc0mwx8FRqc6q3LMd8AXJfSIShe3LOd5_WpTdBvw','2026-01-14 02:52:42.416591'),('sk978zuyq8iq2ayln8307q3f9bpwc88r','.eJxVjEsOwiAUAO_C2hDgmRZcuvcM5P0qVUOT0q6Md9eaLnQ7M5mnybguJa9N5zyKORnvzeEXEvJd62bkhvU6WZ7qMo9kt8TuttnLJPo47-3foGAr368bEvTgOEmnoEf0SBwBgkoIKB_du-AFIZIqa4pDJIddisrkkprXGwl2OLM:1vcEBg:eZOvzHfZH6UKy0IfKrzoPKg2FgvRjiEALLWG2blH_BI','2026-01-18 02:49:48.989217'),('slhytoaoed7yllwf8fju024rzu1s5zbe','.eJxVjDsOwjAQBe_iGllLcFibkj5niPbjxQGUSHFSIe4OkVJA-2bmvVxP61L6tea5H9RdXAB3-B2Z5JHHjeidxtvkZRqXeWC_KX6n1XeT5ud1d_8OCtXyrUUCtBYzNJqJo2o6QjTJJpiYKGBKyRQFARVie8YGGg6BlfGUzMy9PzR1OQ4:1vcJVb:h61oRjyIoVAPbttq7p_mXn74NVEZrhYitIimOmBGZRo','2026-01-18 08:30:43.274097'),('sple1ly4w21pbhus4wh0e5y6bndtqsyf','.eJxVjDsOgzAQRO_iOrIw_uGU6TmDtfbuxiQRljBUUe4ekCgSaap5b-YtImxriVujJU4orkIHcfktE-QnzQfBB8z3KnOd12VK8lDkSZscK9Lrdrp_BwVa2deAjiwnbUgNLlvlEAbmhB1nTQoxhN6AzqF3zGjJKN976vYoz-QViM8XO005BA:1vkF9O:vVi32Sy1EdCt7bALdOiy2kK-PG3PwrRDDbxyLowFokw','2026-02-09 05:28:34.994341'),('sts5d7hx1af6wd91dprpiodzcww6zbls','.eJxVjDsOwjAQBe_iGlneGMcbSnrOYHk_4ABypDipEHeHSCmgfTPzXibldSlpbTqnUczJdMEcfkfK_NC6EbnnepssT3WZR7KbYnfa7GUSfZ539--g5Fa-dfBOUCIAEqkXCajo_NVFJOmlh46RHAE7UOCBow_uqHHIxOo5iJj3BwtFOIo:1vbf9o:z50jhpBEkxZDf_rKQhA0NTKH6-3nGddAanlSlaJAdHA','2026-01-16 13:25:32.435852'),('swm65vjaro887igskb8flpd9vl7bwq1q','.eJxVjEsOwiAUAO_C2hDgmRZcuvcM5P0qVUOT0q6Md9eaLnQ7M5mnybguJa9N5zyKORnvzeEXEvJd62bkhvU6WZ7qMo9kt8TuttnLJPo47-3foGAr368bEvTgOEmnoEf0SBwBgkoIKB_du-AFIZIqa4pDJIddisrkkprXGwl2OLM:1vWtQq:u2L98qCnvKWByf9S7HZa7Y7Qxyk7t96W5j68BD4URE4','2026-01-03 09:39:24.799402'),('sz4ejwctdxa5zlsv5gdj81djp2496uwz','.eJxVjDsOgzAQRO_iOrIw_uGU6TmDtfbuxiQRljBUUe4ekCgSaap5b-YtImxriVujJU4orkIHcfktE-QnzQfBB8z3KnOd12VK8lDkSZscK9Lrdrp_BwVa2deAjiwnbUgNLlvlEAbmhB1nTQoxhN6AzqF3zGjJKN976vYoz-QViM8XO005BA:1vkH63:63aIe6lvzetS6bTxKfJSd3VxsYSg31BHg_g6G9qU5gs','2026-02-09 07:33:15.480392'),('sz67egyomxsbt4wrmu5n3korsa9ifod1','.eJxVjEsOwiAUAO_C2hDgmRZcuvcM5P0qVUOT0q6Md9eaLnQ7M5mnybguJa9N5zyKORnvzeEXEvJd62bkhvU6WZ7qMo9kt8TuttnLJPo47-3foGAr368bEvTgOEmnoEf0SBwBgkoIKB_du-AFIZIqa4pDJIddisrkkprXGwl2OLM:1vTCTy:B7nDbuQ2Y2-0xH6qCzLAHpSjwXteuDHqFRZFSuiGzYs','2025-12-24 05:11:22.674915'),('t1y8qgh5ifaub5kp7yd9ugpg4w1fyqsi','.eJxVjDsOwjAQBe_iGlmx17-lpOcMlte7wgGUSHFSIe4OkVJA-2bmvVQu29ry1mXJI6uzMkGdfkcq9SHTTvheptus6zyty0h6V_RBu77OLM_L4f4dtNLbtwYAYeRoglC04jBY9EABIwDTkFz16CuSSbYmR4kkDdYxeBvEJST1_gDsiTc4:1vTPhJ:Xu5J4zNir0xEkfCzwbjhIJKND26BRrTuWmABss8X5H8','2025-12-24 19:18:01.014153'),('t2rvhzs7vvodgjzm2kccfrwo80ejj5sl','.eJxVjEEOwiAQRe_C2hBgmBZcuvcMBGaoVA0kpV0Z765NutDtf-_9lwhxW0vYel7CzOIscBCn3zFFeuS6E77HemuSWl2XOcldkQft8to4Py-H-3dQYi_fmthRds57AKXQeXITg_EaYEwaPONktGGDWhG6bImRlDWZBhrRWu3F-wPwTDcp:1viTrI:TCu9PuhDY3X7pVkXLJu6WASL3SYDfEkk7b1G5U6Ny1w','2026-02-04 08:46:36.540697'),('t7o45rfono1bb76xrxa20jcy1ai3jacn','.eJxVjEsOwiAUAO_C2hDgmRZcuvcM5P0qVUOT0q6Md9eaLnQ7M5mnybguJa9N5zyKORnvzeEXEvJd62bkhvU6WZ7qMo9kt8TuttnLJPo47-3foGAr368bEvTgOEmnoEf0SBwBgkoIKB_du-AFIZIqa4pDJIddisrkkprXGwl2OLM:1vTXZ9:LYnBTE1OfDYMffIXNpTjPDNtQ7iFq5JyVxHkr7BQ_y8','2025-12-25 03:42:07.955397'),('t9bbmpfm4sm2naq8cgcybsph22ncgh1a','.eJxVjDsOwjAQBe_iGln-xE6Wkp4zWLvrNQkgR4qTCnF3iJQC2jcz76USbuuYtiZLmrI6q-DV6Xck5IfUneQ71tusea7rMpHeFX3Qpq9zluflcP8ORmzjty5MAw7WFkbuoffZ-Qi2K5IphGiAejHUERTrh2gcCoCVzkTh7NgGUO8PHf44QQ:1vfafQ:X1Qvxga-tgdBjVh7iENLJZ5qMANLtGP1B4pKDNeP4e4','2026-01-27 09:26:24.022216'),('te5yiv6ncc97vk7nbwzsy8m68qbn4eb2','.eJxVjEsOwjAMBe-SNYpwksYxS_Y9Q2U7KS2gVOpnhbg7VOoCtm9m3st0vK1Dty1l7sZsLiaY0-8mrI9Sd5DvXG-T1amu8yh2V-xBF9tOuTyvh_t3MPAyfOsoqSgmIYeFwaPkTNo7AE8pQaDI2QcBTOQJI2ITXARQof7caxPYvD_XYjc0:1vcJ4O:rRE3DucvQSABQLoAEne54TbxSU0RXLY_fY-iEcRSdqc','2026-01-18 08:02:36.128546'),('tegqirpbufjipo3a8zil053kt921tdch','.eJxVjDsOwjAQBe_iGln-xE6Wkp4zWLvrNQkgR4qTCnF3iJQC2jcz76USbuuYtiZLmrI6q-DV6Xck5IfUneQ71tusea7rMpHeFX3Qpq9zluflcP8ORmzjty5MAw7WFkbuoffZ-Qi2K5IphGiAejHUERTrh2gcCoCVzkTh7NgGUO8PHf44QQ:1viTxK:qepX99_DEbmNOb_sFZSxgMXo3kCnlR1GJLHG5bubqHA','2026-02-04 08:52:50.425491'),('teu0sv9tfyq9ej10tc08j6kwagduvq0r','.eJxVjDsOwjAQBe_iGlneGMcbSnrOYHk_4ABypDipEHeHSCmgfTPzXibldSlpbTqnUczJdMEcfkfK_NC6EbnnepssT3WZR7KbYnfa7GUSfZ539--g5Fa-dfBOUCIAEqkXCajo_NVFJOmlh46RHAE7UOCBow_uqHHIxOo5iJj3BwtFOIo:1vbhMb:801zEq7LzCKG6IMRVbIHqbGQzM78W2N3J3RzOxaTJqU','2026-01-16 15:46:53.159251'),('tl8fq3dk5ygy8op3prbwmj99i3dgl7m7','.eJxVjEsOwjAMBe-SNYqM0zgpS_Y9Q2UnDimgVupnhbg7VOoCtm9m3sv0vK213xad-yGbi0Fz-t2E00PHHeQ7j7fJpmlc50HsrtiDLrabsj6vh_t3UHmp3_rsVBx6IQcYInkW8EpAEqgNUCJEpoDogVuNiV2DgUpEaJpcVFI27w-xgjcQ:1vSwwl:gKSLrNK5Eamwxv8ko9VwtOG2Rw30-VVY3iA1FVSGL5M','2025-12-23 12:36:03.238142'),('tn247p57i0tbt9le92hk1klbomo2jy03','.eJxVjMsOwiAURP-FtSFXytOle7-BwL0gVQNJaVfGf5cmXehuMnPOvJkP21r81tPiZ2IXph07_ZYx4DPVfaFHqPfGsdV1mSPfEX6snd8apdf1YP8OSuhl2EFYoSPmKWR0pMBFxKyEJGcySDOSAKsRgSRKSFYMASiJMyozkQP2-QIc5zgE:1vpjFI:-QWPmw24wsEA3Y-1meEJqZtv-4yQEOuMi2wy9CoxjRo','2026-02-24 08:37:20.543579'),('tn3z1gr7b4g3x6141b4hwu1lcnyrb2wp','.eJxVjEEOwiAQRe_C2pDCgAwu3fcMZGBAqoYmpV0Z765NutDtf-_9lwi0rTVsPS9hYnERSpx-t0jpkdsO-E7tNss0t3WZotwVedAux5nz83q4fweVev3WOhdUxgAiQ9YZMYLWAGCNs2dbhpIKG-tjIZdsUkjOMyut_GCAbSTx_gDJ8jd7:1vRQOy:ZPOJnAXWGroq_B3-esOS2wvIcX1S9jN9Y7mFRE1wTfY','2025-12-19 07:38:52.811995'),('tpws83lflhf3cvx29nmovj9qkegsbh17','.eJxVjEsOwjAMBe-SNYpwksYxS_Y9Q2U7KS2gVOpnhbg7VOoCtm9m3st0vK1Dty1l7sZsLiaY0-8mrI9Sd5DvXG-T1amu8yh2V-xBF9tOuTyvh_t3MPAyfOsoqSgmIYeFwaPkTNo7AE8pQaDI2QcBTOQJI2ITXARQof7caxPYvD_XYjc0:1vaq7A:SyTPGgj3PPbUxCVSAVbZ5pdwPpjUAeHstZIvICmjsB8','2026-01-14 06:55:24.869697'),('tq8lz203uwya8qvlfd5x1xjduqt1hh4h','.eJxVjEEOwiAQRe_C2pAAhSku3XsGMjMMUjU0Ke3KeHdt0oVu_3vvv1TCba1p67KkKauz8l6dfkdCfkjbSb5ju82a57YuE-ld0Qft-jpneV4O9--gYq_f2mIZwIQIVAyzGQHBIoZgSkYkCjxER2UET2xRIHCULM4ZkRwjRlDvDypaOTo:1vkHpR:wq3GBw1xHDIls5URp5WCBSAcEzu8gx2Z-9oRra-jgV8','2026-02-09 08:20:09.319715'),('treuua7u84te41uw9cbft6ljjzhy1hnj','.eJxVjEsOwjAMBe-SNYpwksYxS_Y9Q2U7KS2gVOpnhbg7VOoCtm9m3st0vK1Dty1l7sZsLiaY0-8mrI9Sd5DvXG-T1amu8yh2V-xBF9tOuTyvh_t3MPAyfOsoqSgmIYeFwaPkTNo7AE8pQaDI2QcBTOQJI2ITXARQof7caxPYvD_XYjc0:1vbfjF:fHBMk_hEg1PvfI2HW7-yzae8MQJd5DpGliqq7rVXqfQ','2026-01-16 14:02:09.804241'),('tsu6x7i9qg5iw0woml9n41o3ua3pltvt','.eJxVjEsOwjAMBe-SNYpwksYxS_Y9Q2U7KS2gVOpnhbg7VOoCtm9m3st0vK1Dty1l7sZsLiaY0-8mrI9Sd5DvXG-T1amu8yh2V-xBF9tOuTyvh_t3MPAyfOsoqSgmIYeFwaPkTNo7AE8pQaDI2QcBTOQJI2ITXARQof7caxPYvD_XYjc0:1vcQAv:Os6HRA92A6bnsPwpZQ18Gl8aO3njYbHek3YKeJv-9Us','2026-01-18 15:37:49.221998'),('tt6ebvhkfaibpkkfuzv4pykiy98z85xv','.eJxVjEsOwjAMBe-SNYqM0zgpS_Y9Q2UnDimgVupnhbg7VOoCtm9m3sv0vK213xad-yGbi0Fz-t2E00PHHeQ7j7fJpmlc50HsrtiDLrabsj6vh_t3UHmp3_rsVBx6IQcYInkW8EpAEqgNUCJEpoDogVuNiV2DgUpEaJpcVFI27w-xgjcQ:1vSxWm:fVEYPgqpiq7Q4eIBJ0rEpGrwn40oKLiniBoPnI_NJe8','2025-12-23 13:13:16.147277'),('tvrv59e61359da2tidfldj6u4yrar7b2','.eJxVjDsOwjAQBe_iGlneGMcbSnrOYHk_4ABypDipEHeHSCmgfTPzXibldSlpbTqnUczJdMEcfkfK_NC6EbnnepssT3WZR7KbYnfa7GUSfZ539--g5Fa-dfBOUCIAEqkXCajo_NVFJOmlh46RHAE7UOCBow_uqHHIxOo5iJj3BwtFOIo:1vbenj:qBewEmw9-FU_myaLiCB_ZI3o8ltKO65LyO9E2k76wPA','2026-01-16 13:02:43.558098'),('u08emi30miw6g9eksstko4bnq9wsmvem','.eJxVjEEOwiAQRe_C2hBgmBZcuvcMBGaoVA0kpV0Z765NutDtf-_9lwhxW0vYel7CzOIscBCn3zFFeuS6E77HemuSWl2XOcldkQft8to4Py-H-3dQYi_fmthRds57AKXQeXITg_EaYEwaPONktGGDWhG6bImRlDWZBhrRWu3F-wPwTDcp:1viK0e:OGSRU7vU4SLE5vOsG5tiHAZBQdD0ALJMY7sxRLIVkrk','2026-02-03 22:15:36.119248'),('u3r0swx0aam0jjzwtkwrim7a5791busn','.eJxVjDsOwjAQBe_iGln-LpiSPmewdtc2DiBHipMKcXdkKQW0b2beW0Tctxr3ntc4J3EV4MXpdyTkZ26DpAe2-yJ5ads6kxyKPGiX05Ly63a4fwcVex01lZDYG9DBcmEGsI600hicAeTAJjM5uCQu5HU4G2UzF_SkyIBNKD5fKMQ46Q:1vmeFC:3XZkDfDgD2J9mP8u4xZp67vd3yF7Vzc2voUYaDB5f40','2026-02-15 20:40:30.559997'),('u6m043mpzeqygqodekvahpxc45v93ufp','.eJxVjDEOwjAMAP-SGUWksUvKyN43RHbskAJKpaadEH9HlTrAene6t4m0rSVuTZc4ibma_mxOv5ApPbXuRh5U77NNc12Xie2e2MM2O86ir9vR_g0KtbJ_hT26QEp44T6TOkppUOk8aXbIvQw-oYKHHDB3AAyArIIYeKAOzOcLOFM4-A:1vkHmY:5NaN3duCE1sLN0NFIVZamFm6aGkZvXjEdj-E_gwZQAU','2026-02-09 08:17:10.544470'),('uad13o8yiwtoy84hsydji3y8sfchsn6g','.eJxVjDsOwjAQBe_iGlnGTta7lPQ5g7X-4QCypTipEHeHSCmgfTPzXsLxtha39bS4OYqLABSn39FzeKS6k3jnemsytLous5e7Ig_a5dRiel4P9--gcC_fmmlk0DyGsx2AUBnSRqlkjaGQLZFXGS0MkJWFaJkCcdZ6AARETZnF-wPd2Tbs:1vmeiS:jk5daqVYmkmvzvvPHQF_TckRiSYQ8Uo_z35p1pT-KCE','2026-02-15 21:10:44.084478'),('uc1xvmb3uoyqjwluhkxrqsw53tilhngc','.eJxVjDsOwjAQBe_iGlneGMcbSnrOYHk_4ABypDipEHeHSCmgfTPzXibldSlpbTqnUczJdMEcfkfK_NC6EbnnepssT3WZR7KbYnfa7GUSfZ539--g5Fa-dfBOUCIAEqkXCajo_NVFJOmlh46RHAE7UOCBow_uqHHIxOo5iJj3BwtFOIo:1vbew3:R_nfSTJ8ZKZur7mW12wdUyOSBiwZUXJ9Ae60aZ2-W1E','2026-01-16 13:11:19.200761'),('ufvkg6k7a9nb6nxr3jl0o8c33jtrdql9','.eJxVjDsOwjAQBe_iGlneGMcbSnrOYHk_4ABypDipEHeHSCmgfTPzXibldSlpbTqnUczJdMEcfkfK_NC6EbnnepssT3WZR7KbYnfa7GUSfZ539--g5Fa-dfBOUCIAEqkXCajo_NVFJOmlh46RHAE7UOCBow_uqHHIxOo5iJj3BwtFOIo:1vbg6Z:g62rF9mlVJrOIOAOBEYn-KabzMc_oUTdbribZnKn_cA','2026-01-16 14:26:15.138604'),('ug4itv106cseaghbccnd2nk1viy1gkhn','.eJxVjMsOwiAQRf-FtSFQHtO6dO83kGEYpGogKe3K-O_apAvd3nPOfYmA21rC1nkJcxJnoa04_Y4R6cF1J-mO9dYktbouc5S7Ig_a5bUlfl4O9--gYC_f2pnIFL3zrEBl8jhMalCGAUgnPRqVR4gAySrvPVnOGjWxmZxFwEhavD__3jf5:1vTD63:dx9dXgHbojiHPol7SFzQ-jMBs78Q8PEMxKs0057wgSY','2025-12-24 05:50:43.920039'),('ui19bfgyaezynhc42ded7aicg1zc0dkq','.eJxVjMEOwiAQRP-FsyFdFNh69N5vIAu7SNXQpLQn47_bJj3oZQ7z3sxbBVqXEtYmcxhZXZUz6vRbRkpPqTvhB9X7pNNUl3mMelf0QZseJpbX7XD_Dgq1sq0zJiSHZBMb8Tl23uIFGSDL2QjG3oOJrkMnjqxndt5bgJ6SbAlA6vMFFII36A:1vkHr4:RnQb4YvoXaVU1sgRlSAaSria318dq_HoiPDj61fKIdc','2026-02-09 08:21:50.409791'),('uidtr8pql0vkhigl9wanhq065qtk9g5s','.eJxVjMsOwiAQRf-FtSEwDNC6dO83kJky2KqBpI-V8d-1SRe6veec-1KJtnVM2yJzmrI6qwjq9DsyDQ-pO8l3qremh1bXeWK9K_qgi762LM_L4f4djLSM39qziIvgufjCUggYxOYOCplgIzKGvgvoxFAPgGjD4EI2Ack6R6V06v0BHR03_g:1vnmH3:D3Jq8pjkFcvEsAMLXlYdVJyxKXCxDSLAuCZtfBu11fE','2026-02-18 23:27:05.427179'),('ukh7rmia31kv9drr0ivwoym2bbll4qlg','.eJxVjDsOwjAQBe_iGlneGMcbSnrOYHk_4ABypDipEHeHSCmgfTPzXibldSlpbTqnUczJdMEcfkfK_NC6EbnnepssT3WZR7KbYnfa7GUSfZ539--g5Fa-dfBOUCIAEqkXCajo_NVFJOmlh46RHAE7UOCBow_uqHHIxOo5iJj3BwtFOIo:1vcgHe:xGaXGPu3_5INa-zc1-m_yi04B8IU9DBGVdrKZuZZyQg','2026-01-19 08:49:50.276004'),('ulurj87b5ss7rjv58qzsrmekwwkswncx','.eJxVjMEOwiAQRP-FsyFdFNh69N5vIAu7SNXQpLQn47_bJj3oZQ7z3sxbBVqXEtYmcxhZXZUz6vRbRkpPqTvhB9X7pNNUl3mMelf0QZseJpbX7XD_Dgq1sq0zJiSHZBMb8Tl23uIFGSDL2QjG3oOJrkMnjqxndt5bgJ6SbAlA6vMFFII36A:1vpjJ3:J-w_r4aCUUXgOnOq-Dzmgisxy2OAUvIiS6YeewoSL_s','2026-02-24 08:41:13.193528'),('unauanwiog799c0mhaa279wq3zj97rit','.eJxVjDsOwjAQBe_iGllLcFibkj5niPbjxQGUSHFSIe4OkVJA-2bmvVxP61L6tea5H9RdXAB3-B2Z5JHHjeidxtvkZRqXeWC_KX6n1XeT5ud1d_8OCtXyrUUCtBYzNJqJo2o6QjTJJpiYKGBKyRQFARVie8YGGg6BlfGUzMy9PzR1OQ4:1vcISg:QVBlfBCcm8vi1lBpfc1oaK0SaH2RpJGpGxAnv6lJSaE','2026-01-18 07:23:38.507891'),('up5ws2dyyxcdvnaebupodf3f539hson1','.eJxVjEEOwiAQRe_C2hBgmBZcuvcMBGaoVA0kpV0Z765NutDtf-_9lwhxW0vYel7CzOIscBCn3zFFeuS6E77HemuSWl2XOcldkQft8to4Py-H-3dQYi_fmthRds57AKXQeXITg_EaYEwaPONktGGDWhG6bImRlDWZBhrRWu3F-wPwTDcp:1viUUZ:nJVgYnE8M9IpUF-zKLB4E7C9N9auC1Jgu2bxpvjU_74','2026-02-04 09:27:11.689074'),('upt01hs43nfxadrzfxo8eyomqtisyyoz','.eJxVjDsOwjAQBe_iGlneGMcbSnrOYHk_4ABypDipEHeHSCmgfTPzXibldSlpbTqnUczJdMEcfkfK_NC6EbnnepssT3WZR7KbYnfa7GUSfZ539--g5Fa-dfBOUCIAEqkXCajo_NVFJOmlh46RHAE7UOCBow_uqHHIxOo5iJj3BwtFOIo:1vaqpY:B6RVflFwF4Qteh7HYYmByCJBC8VsKhedrqjB19avIOU','2026-01-14 07:41:16.071237'),('ursxcmobgljqn7ogpzuhbc3n3iv7gk6q','.eJxVjDsOwyAQBe9CHSHAfFOm9xkQ612CkwgkY1dR7h5bcpG0b2bem8W0rSVunZY4I7syxS6_G6TpSfUA-Ej13vjU6rrMwA-Fn7TzsSG9bqf7d1BSL3strFGDk8EOFLQjIRE9WglKCE85BRC0G04jOQsKjR40ZC-DUsZClo59vriaNuk:1vSdlX:SL8Q6oFXi_ClKj46IUeWN0Um4-OokuIKl-xXenRWNcc','2025-12-22 16:07:11.705001'),('utmokahu6gag7ohihmcuv7ruop96afpf','.eJxVjMsOwiAQRf-FtSEw0IG6dO83kBkeUjU0Ke3K-O_apAvd3nPOfYlA21rD1vMSpiTOAp04_Y5M8ZHbTtKd2m2WcW7rMrHcFXnQLq9zys_L4f4dVOr1Wys3Kq0YqTBG78EnGi2mAmCYtAE2nLNX2lHRQyajIyZrAYcCaAqReH8ABog4Iw:1vpBhg:N1o6jFk_dBTEs9jrS887inIzV26_iFbSttwq9NVZ_xw','2026-02-22 20:48:24.088426'),('uvnd9uwmdhsvvx3m2qdghj2lmza4akp9','.eJxVjDsOwjAQBe_iGlmx17-lpOcMlte7wgGUSHFSIe4OkVJA-2bmvVQu29ry1mXJI6uzMkGdfkcq9SHTTvheptus6zyty0h6V_RBu77OLM_L4f4dtNLbtwYAYeRoglC04jBY9EABIwDTkFz16CuSSbYmR4kkDdYxeBvEJST1_gDsiTc4:1vTXYu:NrOfVHhR6csVBNIrKX6CTw57YYRpMBWOIw0GkraJSvQ','2025-12-25 03:41:52.778715'),('uxse5zlnvpgijv0g7p4ww8i9kpwosxze','.eJxVjDsOgzAQRO_iOrIw_uGU6TmDtfbuxiQRljBUUe4ekCgSaap5b-YtImxriVujJU4orkIHcfktE-QnzQfBB8z3KnOd12VK8lDkSZscK9Lrdrp_BwVa2deAjiwnbUgNLlvlEAbmhB1nTQoxhN6AzqF3zGjJKN976vYoz-QViM8XO005BA:1vk8Yn:68bkXGE5Y3JsCMUKVo-6BQTsRzBjdNjQuwVLHs37Wws','2026-02-08 22:26:21.596313'),('v2nmwy0t2917xlw8qzr6hvg00li1l0vm','.eJxVjMsOwiAURP-FtSFXytOle7-BwL0gVQNJaVfGf5cmXehuMnPOvJkP21r81tPiZ2IXph07_ZYx4DPVfaFHqPfGsdV1mSPfEX6snd8apdf1YP8OSuhl2EFYoSPmKWR0pMBFxKyEJGcySDOSAKsRgSRKSFYMASiJMyozkQP2-QIc5zgE:1vpDLs:Ok6TacZvOreJcYXeOibKVAeFCGznjhYV-AWPtSxkYnA','2026-02-22 22:34:00.336528'),('v3gwx12wu0q9iam4sbspzyf68mf7gu6k','.eJxVjEsOwiAUAO_C2hDgmRZcuvcM5P0qVUOT0q6Md9eaLnQ7M5mnybguJa9N5zyKORnvzeEXEvJd62bkhvU6WZ7qMo9kt8TuttnLJPo47-3foGAr368bEvTgOEmnoEf0SBwBgkoIKB_du-AFIZIqa4pDJIddisrkkprXGwl2OLM:1vaopa:_RLFEYXn3SHux4h6JqZYMKjN3aLcM8RSEXdXezCXOl0','2026-01-14 05:33:10.209583'),('v5u54izcnk1fv1t01ppn0fxokmyljfzd','.eJxVjEEOwiAQRe_C2hBgmBZcuvcMBGaoVA0kpV0Z765NutDtf-_9lwhxW0vYel7CzOIscBCn3zFFeuS6E77HemuSWl2XOcldkQft8to4Py-H-3dQYi_fmthRds57AKXQeXITg_EaYEwaPONktGGDWhG6bImRlDWZBhrRWu3F-wPwTDcp:1vj3tF:mrmKzNQb5E3hdo2SJq-xOggUE3aCssI9TUnGZknpv6w','2026-02-05 23:15:01.716136'),('v88zj95z9v1r71n1zeyzlooyjf4tro89','.eJxVjEsOwiAUAO_C2hDgmRZcuvcM5P0qVUOT0q6Md9eaLnQ7M5mnybguJa9N5zyKORnvzeEXEvJd62bkhvU6WZ7qMo9kt8TuttnLJPo47-3foGAr368bEvTgOEmnoEf0SBwBgkoIKB_du-AFIZIqa4pDJIddisrkkprXGwl2OLM:1vceuK:KHBXQGT8miy3Wcd28j9lQnYXEZQqJGzKb5zuvyfzkZE','2026-01-19 07:21:40.036274'),('vaa41wgkiyo4scncbrd8x3bnvttzknia','.eJxVjEsOwiAUAO_C2hDgmRZcuvcM5P0qVUOT0q6Md9eaLnQ7M5mnybguJa9N5zyKORnvzeEXEvJd62bkhvU6WZ7qMo9kt8TuttnLJPo47-3foGAr368bEvTgOEmnoEf0SBwBgkoIKB_du-AFIZIqa4pDJIddisrkkprXGwl2OLM:1vcQQd:s9ykxeIHBUNLhul3plAYrNy0rYzd1Lun98B0y_R5MZA','2026-01-18 15:54:03.793057'),('vbsfszr4c4ohh3wz1s1gdbpaq9mptrl4','.eJxVjEsOwiAUAO_C2hDgmRZcuvcM5P0qVUOT0q6Md9eaLnQ7M5mnybguJa9N5zyKORnvzeEXEvJd62bkhvU6WZ7qMo9kt8TuttnLJPo47-3foGAr368bEvTgOEmnoEf0SBwBgkoIKB_du-AFIZIqa4pDJIddisrkkprXGwl2OLM:1vcd55:dsRnYqZycjU4kFVnW01_9rxn8LOgiLQyVLveES2WBT8','2026-01-19 05:24:39.352749'),('ve9ku8y8wcpk3x32w4zbupzrtjpbmsxj','.eJxVjEsOwiAUAO_C2hDgmRZcuvcM5P0qVUOT0q6Md9eaLnQ7M5mnybguJa9N5zyKORnvzeEXEvJd62bkhvU6WZ7qMo9kt8TuttnLJPo47-3foGAr368bEvTgOEmnoEf0SBwBgkoIKB_du-AFIZIqa4pDJIddisrkkprXGwl2OLM:1vaOpT:AJ8RIXHokHo8WfR2813iEnKrgc26T19ewrbKsmqyoYk','2026-01-13 01:47:19.033570'),('vgw53933f2vz0e16qhbkgrq9bgslvqyl','.eJxVjDsOwjAQBe_iGlneGMcbSnrOYHk_4ABypDipEHeHSCmgfTPzXibldSlpbTqnUczJdMEcfkfK_NC6EbnnepssT3WZR7KbYnfa7GUSfZ539--g5Fa-dfBOUCIAEqkXCajo_NVFJOmlh46RHAE7UOCBow_uqHHIxOo5iJj3BwtFOIo:1vbgBn:HO5AOlG63WtsunZVBfxD5rPZWx9vOd-Naw-Jd5Gyl4s','2026-01-16 14:31:39.147065'),('vj1ufepmj9muhbnnxzfx8mya7yy21rvv','.eJxVjDsOwyAQBe9CHSHAfFOm9xkQ612CkwgkY1dR7h5bcpG0b2bem8W0rSVunZY4I7syxS6_G6TpSfUA-Ej13vjU6rrMwA-Fn7TzsSG9bqf7d1BSL3strFGDk8EOFLQjIRE9WglKCE85BRC0G04jOQsKjR40ZC-DUsZClo59vriaNuk:1vSeKj:-FrfbOvc9HvHYebWQ-_MRQvbRIXVcBKvenV65p27lD0','2025-12-22 16:43:33.411373'),('vjyy0yteg9rthj9e4qhad5b2gpj7vmr4','.eJxVjDsOwjAQBe_iGlneGMcbSnrOYHk_4ABypDipEHeHSCmgfTPzXibldSlpbTqnUczJdMEcfkfK_NC6EbnnepssT3WZR7KbYnfa7GUSfZ539--g5Fa-dfBOUCIAEqkXCajo_NVFJOmlh46RHAE7UOCBow_uqHHIxOo5iJj3BwtFOIo:1vc4nj:Ox26AWjFOr1O35iMRJJcax1dcxQDV0L3TReOboRwzbo','2026-01-17 16:48:27.129549'),('vr75iuap04ojc4vtlnep7sv70uzxjp4p','.eJxVjDsOwjAQBe_iGln-xE6Wkp4zWLvrNQkgR4qTCnF3iJQC2jcz76USbuuYtiZLmrI6q-DV6Xck5IfUneQ71tusea7rMpHeFX3Qpq9zluflcP8ORmzjty5MAw7WFkbuoffZ-Qi2K5IphGiAejHUERTrh2gcCoCVzkTh7NgGUO8PHf44QQ:1virc1:qEyHytkwbDA2_VsKuF_NjPJasaiKhQrqh3L95nIysy4','2026-02-05 10:08:25.590404'),('vu8e8idud9tfde83a4uvu20h27c7868f','.eJxVjEsOwjAMBe-SNYqM0zgpS_Y9Q2UnDimgVupnhbg7VOoCtm9m3sv0vK213xad-yGbi0Fz-t2E00PHHeQ7j7fJpmlc50HsrtiDLrabsj6vh_t3UHmp3_rsVBx6IQcYInkW8EpAEqgNUCJEpoDogVuNiV2DgUpEaJpcVFI27w-xgjcQ:1vaP5L:Jbb71q9zMajjuegq1yjDXGSLMi3g_mBdnO58rocvRsU','2026-01-13 02:03:43.124342'),('vwahpfvx4ep5xiorc7tjp93r7fp8s5r3','.eJxVjEsOwjAMBe-SNYqM0zgpS_Y9Q2UnDimgVupnhbg7VOoCtm9m3sv0vK213xad-yGbi0Fz-t2E00PHHeQ7j7fJpmlc50HsrtiDLrabsj6vh_t3UHmp3_rsVBx6IQcYInkW8EpAEqgNUCJEpoDogVuNiV2DgUpEaJpcVFI27w-xgjcQ:1vT54e:dpZJ4G7DK2IG17d43si5g49urdw2HMagiVRlK2LH-Ss','2025-12-23 21:16:44.896611'),('w04hv8fvqphlzw4v2lkl78cmle0zue97','.eJxVjDsOwjAQBe_iGllh_VlMSc8Zov3YOIASKU4qxN0hUgpo38y8l-lpXWq_tjz3g5qzCd4cfkcmeeRxI3qn8TZZmcZlHthuit1ps9dJ8_Oyu38HlVr91g6KiJcSS1SEjOw0SAcEemJO4hMCYGH2CYILMTj10RHSEZU716F5fwAhSzgF:1vfZIx:kgNta3ioJQVc7AV-S2DiAKFBQ6A3KlFdhsSBpULV1DY','2026-01-27 07:59:07.639609'),('w4bdm8axcrbl2iumbb4p0aputyz1mwdb','.eJxVjMsOwiAQRf-FtSHMQHm4dN9vIAyDUjU0Ke3K-O_apAvd3nPOfYmYtrXGrZclTizOYnDi9DtSyo_SdsL31G6zzHNbl4nkrsiDdjnOXJ6Xw_07qKnXbw0mZR2CK5g9a-OA7BXYAYMqZkBQqEzmYDVqAo_eAaiAJoC3AEwk3h_gaDZ2:1vj3oB:HgKFBLAi-yrPblA4D4f3KUB2QNbqFsvb6DzWfWsio_4','2026-02-05 23:09:47.546303'),('w4ciz30lz2b4gteup7kaal7dez954fk7','.eJxVjEsOwjAMBe-SNYrqVHFSluw5Q2TXMSmgROpnhbg7VOoCtm9m3ssk2taStiXPaRJzNmBOvxvT-Mh1B3Knemt2bHWdJ7a7Yg-62GuT_Lwc7t9BoaV86-h6FMAwoCq7oWMHgv2oAlEJRYAJMUP0oB4GIvbBO-1YNOQuQG_eH-IaOAA:1vLIuo:IRqIZ_k_5eQiWhTZbdnHjys-mC8eNPJuvtI1lkKhOZg','2025-12-02 10:26:26.184480'),('w4dfqs9zmikfn30e5b49nmciv6m48j9t','.eJxVjEsOwiAUAO_C2hDgmRZcuvcM5P0qVUOT0q6Md9eaLnQ7M5mnybguJa9N5zyKORnvzeEXEvJd62bkhvU6WZ7qMo9kt8TuttnLJPo47-3foGAr368bEvTgOEmnoEf0SBwBgkoIKB_du-AFIZIqa4pDJIddisrkkprXGwl2OLM:1vamOR:Qey_xylucbbE_O3tYxKaw8zdqhqk5-atedjrZ7lr6-Q','2026-01-14 02:56:59.682411'),('w5dt8scpvxq1y9x44xo86pzpqs6y63au','.eJxVjDsOwjAQBe_iGlneGMcbSnrOYHk_4ABypDipEHeHSCmgfTPzXibldSlpbTqnUczJdMEcfkfK_NC6EbnnepssT3WZR7KbYnfa7GUSfZ539--g5Fa-dfBOUCIAEqkXCajo_NVFJOmlh46RHAE7UOCBow_uqHHIxOo5iJj3BwtFOIo:1vaumo:7JmTmtGKvCikU4hmskJGmkvceMfO8b3dkWQjMYgX2bQ','2026-01-14 11:54:42.988213'),('waqatkmf67mszsmo9vlzc5ew6q46ot98','.eJxVjDsOwjAQBe_iGllLcFibkj5niPbjxQGUSHFSIe4OkVJA-2bmvVxP61L6tea5H9RdXAB3-B2Z5JHHjeidxtvkZRqXeWC_KX6n1XeT5ud1d_8OCtXyrUUCtBYzNJqJo2o6QjTJJpiYKGBKyRQFARVie8YGGg6BlfGUzMy9PzR1OQ4:1vcIUm:pjJt_pDP2c7Dt9diIq-oCops_zskLDyfH7K743cwS1I','2026-01-18 07:25:48.490385'),('wb636c8x110oqgmjzsk2u73y5av2iqaj','.eJxVjEsOwiAUAO_C2hDgmRZcuvcM5P0qVUOT0q6Md9eaLnQ7M5mnybguJa9N5zyKORnvzeEXEvJd62bkhvU6WZ7qMo9kt8TuttnLJPo47-3foGAr368bEvTgOEmnoEf0SBwBgkoIKB_du-AFIZIqa4pDJIddisrkkprXGwl2OLM:1vTdp4:tz0naOOpP4rmpiu9PAFx919np3nwJZh3v6oGenWx0hU','2025-12-25 10:22:58.623745'),('wbcot7ch971uxvxjsyo5o3rqudafdr2q','.eJxVjDsOwjAQBe_iGlneGMcbSnrOYHk_4ABypDipEHeHSCmgfTPzXibldSlpbTqnUczJdMEcfkfK_NC6EbnnepssT3WZR7KbYnfa7GUSfZ539--g5Fa-dfBOUCIAEqkXCajo_NVFJOmlh46RHAE7UOCBow_uqHHIxOo5iJj3BwtFOIo:1vTXYn:xqha-r219QNKFoJYrWB7q9aYQNyMqz1lLKx5md05DaU','2025-12-25 03:41:45.873518'),('wbnbcvztx1idzjzd83kdz4ubo2c4ss0u','.eJxVjEsOwiAUAO_C2hDgmRZcuvcM5P0qVUOT0q6Md9eaLnQ7M5mnybguJa9N5zyKORnvzeEXEvJd62bkhvU6WZ7qMo9kt8TuttnLJPo47-3foGAr368bEvTgOEmnoEf0SBwBgkoIKB_du-AFIZIqa4pDJIddisrkkprXGwl2OLM:1vcQjk:2Wqqa05y7a7C6aYeSCf2Xq1flITFot9pSGGMW_eQK0M','2026-01-18 16:13:48.217322'),('wbqblnjsk74mvycwlkb5cb1rp7h3psc6','.eJxVjDsOwjAQBe_iGln-xE6Wkp4zWLvrNQkgR4qTCnF3iJQC2jcz76USbuuYtiZLmrI6q-DV6Xck5IfUneQ71tusea7rMpHeFX3Qpq9zluflcP8ORmzjty5MAw7WFkbuoffZ-Qi2K5IphGiAejHUERTrh2gcCoCVzkTh7NgGUO8PHf44QQ:1vkHoc:YiSHrvGYXs0riR8k3f0STXtJzf-OJOIRnIB6R6AIBzI','2026-02-09 08:19:18.890556'),('wdkg4td1htm86inblpxmgmqxg9iwyi5p','.eJxVjEsOwjAMBe-SNYpwksYxS_Y9Q2U7KS2gVOpnhbg7VOoCtm9m3st0vK1Dty1l7sZsLiaY0-8mrI9Sd5DvXG-T1amu8yh2V-xBF9tOuTyvh_t3MPAyfOsoqSgmIYeFwaPkTNo7AE8pQaDI2QcBTOQJI2ITXARQof7caxPYvD_XYjc0:1vbftt:TixS7NjVS3oS9hBiQVenBx3fJQply_yt8bYVultorw8','2026-01-16 14:13:09.004901'),('wgtrkdeqnc9ve1h20oboqrqhx0t5ar06','.eJxVjEsOwjAMBe-SNYpwksYxS_Y9Q2U7KS2gVOpnhbg7VOoCtm9m3st0vK1Dty1l7sZsLiaY0-8mrI9Sd5DvXG-T1amu8yh2V-xBF9tOuTyvh_t3MPAyfOsoqSgmIYeFwaPkTNo7AE8pQaDI2QcBTOQJI2ITXARQof7caxPYvD_XYjc0:1vcJYh:lL3Wg3HUnAHepDQueva30nJfcUJ-kF-20X-AAgzi3TA','2026-01-18 08:33:55.120519'),('wgv4effvukoxvf9zebvmilzoa347uabt','.eJxVjEsOwiAUAO_C2hDgmRZcuvcM5P0qVUOT0q6Md9eaLnQ7M5mnybguJa9N5zyKORnvzeEXEvJd62bkhvU6WZ7qMo9kt8TuttnLJPo47-3foGAr368bEvTgOEmnoEf0SBwBgkoIKB_du-AFIZIqa4pDJIddisrkkprXGwl2OLM:1vapt1:fo87TwNMpA6V52dbAWySHr1GXLlPtpR1EOep325XWQA','2026-01-14 06:40:47.239992'),('whxyz2bnv1z02qezhlsachqga45r71xr','.eJxVjDsOwjAQBe_iGlneGMcbSnrOYHk_4ABypDipEHeHSCmgfTPzXibldSlpbTqnUczJdMEcfkfK_NC6EbnnepssT3WZR7KbYnfa7GUSfZ539--g5Fa-dfBOUCIAEqkXCajo_NVFJOmlh46RHAE7UOCBow_uqHHIxOo5iJj3BwtFOIo:1vc37o:ZF_z0RfHo7n5JXPIuiX0eMOHJVPkJ3MsVbvsHlo_H9s','2026-01-17 15:01:04.150711'),('wicx6rotlv6krz2ee4z1navjzjk0dbn3','.eJxVjEsOwiAUAO_C2hDgmRZcuvcM5P0qVUOT0q6Md9eaLnQ7M5mnybguJa9N5zyKORnvzeEXEvJd62bkhvU6WZ7qMo9kt8TuttnLJPo47-3foGAr368bEvTgOEmnoEf0SBwBgkoIKB_du-AFIZIqa4pDJIddisrkkprXGwl2OLM:1vTcca:fwvdwG6WixZKjlGtQOwshRf9QBg1R_IDOHFd6m4PzYo','2025-12-25 09:06:00.344460'),('wifbgopu08s0dtx9sgq7iouhuibliu4y','.eJxVjDsOwjAQBe_iGlmx17-lpOcMlte7wgGUSHFSIe4OkVJA-2bmvVQu29ry1mXJI6uzMkGdfkcq9SHTTvheptus6zyty0h6V_RBu77OLM_L4f4dtNLbtwYAYeRoglC04jBY9EABIwDTkFz16CuSSbYmR4kkDdYxeBvEJST1_gDsiTc4:1vTPfi:C1g2eqDvd9yYXX9HqlBQBSTJw7cymIGixeBPniX8WDs','2025-12-24 19:16:22.572457'),('wk1u7xnbzod5lsx2mtxhxg2v73ei0pbf','.eJxVjDsOwjAQBe_iGln-r6Gkzxms9e6aBFAi5VMh7g6RUkD7Zua9VMFt7cu2yFwGVheVkjr9jhXpIeNO-I7jbdI0jes8VL0r-qCL7iaW5_Vw_w56XPpv7Y1j36zzFNhjcyanmjlJE0sQXcLIwcuZIEhoCBwBUgUga6JkQ0a9Pww5OAs:1vpjGw:0nhKvajTPXR1-AhxJk5jNeO-J_qdaZr7kDLes81r7-A','2026-02-24 08:39:02.346014'),('wm7trxarlr28kjlb0vm5ce4ir9edvenq','.eJxVjDsOwjAQBe_iGln2-kco6XMGa71r4wCypXwqxN0hUgpo38y8l4i4rTVuS57jxOIinBen3zEhPXLbCd-x3bqk3tZ5SnJX5EEXOXbOz-vh_h1UXOq3phAMkR4M-mItsAJNPNiAkBRlq7JTEKwx7qzVkAMgcFHIGFLRHnQR7w_6yze8:1vkHnc:AXUHPft1tv4LXYBgf-YR3BtfZjlaub2YPJikP74tXA8','2026-02-09 08:18:16.389853'),('wn3h3d2s9j9omgk601867pbg5n99rbv0','.eJxVjEsOwiAUAO_C2hDgmRZcuvcM5P0qVUOT0q6Md9eaLnQ7M5mnybguJa9N5zyKORnvzeEXEvJd62bkhvU6WZ7qMo9kt8TuttnLJPo47-3foGAr368bEvTgOEmnoEf0SBwBgkoIKB_du-AFIZIqa4pDJIddisrkkprXGwl2OLM:1vcJYp:bO2nGi9k_rIZw0gxSqXhDq4ktswz3IWvwpwFvOvo274','2026-01-18 08:34:03.051121'),('wrkwpgqzc17jbngzm6m243032fh0chjw','.eJxVjDsOwjAQBe_iGllLcFibkj5niPbjxQGUSHFSIe4OkVJA-2bmvVxP61L6tea5H9RdXAB3-B2Z5JHHjeidxtvkZRqXeWC_KX6n1XeT5ud1d_8OCtXyrUUCtBYzNJqJo2o6QjTJJpiYKGBKyRQFARVie8YGGg6BlfGUzMy9PzR1OQ4:1vcewz:SN5l4kSOyg0YCEx_M3Mny3rCndkwwydZnKG6M1qoaYc','2026-01-19 07:24:25.335958'),('wu50g9xz4z7m02hshgudijj89d5wc2a5','.eJxVjEsOwjAMBe-SNYqM0zgpS_Y9Q2UnDimgVupnhbg7VOoCtm9m3sv0vK213xad-yGbi0Fz-t2E00PHHeQ7j7fJpmlc50HsrtiDLrabsj6vh_t3UHmp3_rsVBx6IQcYInkW8EpAEqgNUCJEpoDogVuNiV2DgUpEaJpcVFI27w-xgjcQ:1vcHBy:P5n86HustFkKSMXtThgoXf1LIVCHq1zeyc_a9YQk_h4','2026-01-18 06:02:18.487313'),('ww1vfpzporo2oadhco080vcoi133ifqo','.eJxVjEsOwjAMBe-SNYpwksYxS_Y9Q2U7KS2gVOpnhbg7VOoCtm9m3st0vK1Dty1l7sZsLiaY0-8mrI9Sd5DvXG-T1amu8yh2V-xBF9tOuTyvh_t3MPAyfOsoqSgmIYeFwaPkTNo7AE8pQaDI2QcBTOQJI2ITXARQof7caxPYvD_XYjc0:1vbfL5:I0plp_JbJm81U2yrKbjP9CbZnZFeBs2Nancr_si1ZHs','2026-01-16 13:37:11.592707'),('ww3lumoyyrmavp40owehw8c8vtx6mrtn','.eJxVjDsOwyAQBe9CHSHAfFOm9xkQ612CkwgkY1dR7h5bcpG0b2bem8W0rSVunZY4I7syxS6_G6TpSfUA-Ej13vjU6rrMwA-Fn7TzsSG9bqf7d1BSL3strFGDk8EOFLQjIRE9WglKCE85BRC0G04jOQsKjR40ZC-DUsZClo59vriaNuk:1vSeDE:IozQ7k5cYjN9zQzeCg69dQbnWLOsNFxBdD2zoAOQ1_8','2025-12-22 16:35:48.807640'),('wzcievwx9fc561vcicyl0q8flomxkijd','.eJxVjEsOwiAUAO_C2hDgmRZcuvcM5P0qVUOT0q6Md9eaLnQ7M5mnybguJa9N5zyKORnvzeEXEvJd62bkhvU6WZ7qMo9kt8TuttnLJPo47-3foGAr368bEvTgOEmnoEf0SBwBgkoIKB_du-AFIZIqa4pDJIddisrkkprXGwl2OLM:1vWmW7:JCNZ7BKgJJyYcpvhKlvuhZvyP0DstozYGCZnp0lhoOw','2026-01-03 02:16:23.887487'),('x0fmzdk3mlwyirfkr629up2yf4yhxrlz','.eJxVjEsOwjAMBe-SNYqM0zgpS_Y9Q2UnDimgVupnhbg7VOoCtm9m3sv0vK213xad-yGbi0Fz-t2E00PHHeQ7j7fJpmlc50HsrtiDLrabsj6vh_t3UHmp3_rsVBx6IQcYInkW8EpAEqgNUCJEpoDogVuNiV2DgUpEaJpcVFI27w-xgjcQ:1vaPfH:BkBDzZaH-_vzPl0cfaF677VoT0W_G9fhLFQosipXxf0','2026-01-13 02:40:51.834139'),('x3jvmhmpt5x5bu0cswwxf8isw7dzel08','.eJxVjDsOwjAQBe_iGln2-kco6XMGa71r4wCypXwqxN0hUgpo38y8l4i4rTVuS57jxOIinBen3zEhPXLbCd-x3bqk3tZ5SnJX5EEXOXbOz-vh_h1UXOq3phAMkR4M-mItsAJNPNiAkBRlq7JTEKwx7qzVkAMgcFHIGFLRHnQR7w_6yze8:1vkEkI:Q6cCQ98_7Y_3hiPg2DH_C2FZ-rm8-dSstHTrmz2b50c','2026-02-09 05:02:38.405632'),('x3ksitxko2pfirb7z32uxvoqbw8fjalv','.eJxVjEsOwjAMBe-SNYpwksYxS_Y9Q2U7KS2gVOpnhbg7VOoCtm9m3st0vK1Dty1l7sZsLiaY0-8mrI9Sd5DvXG-T1amu8yh2V-xBF9tOuTyvh_t3MPAyfOsoqSgmIYeFwaPkTNo7AE8pQaDI2QcBTOQJI2ITXARQof7caxPYvD_XYjc0:1vbfKX:V5KRExVxIAt8-gsuK7zKLXYmQJwEmt2PS88n_nQI7bQ','2026-01-16 13:36:37.768855'),('x3pcf83c7liwlc696ekj18cs2nwvgmr2','.eJxVjEsOwjAMBe-SNYpwksYxS_Y9Q2U7KS2gVOpnhbg7VOoCtm9m3st0vK1Dty1l7sZsLiaY0-8mrI9Sd5DvXG-T1amu8yh2V-xBF9tOuTyvh_t3MPAyfOsoqSgmIYeFwaPkTNo7AE8pQaDI2QcBTOQJI2ITXARQof7caxPYvD_XYjc0:1vaPm4:l2dDcpKWjWtW4CgrpnYYTWkqwLI4SoFPQYwaGJlMXQg','2026-01-13 02:47:52.268142'),('x7zzx9jualjc5h2hes9kh7ycz080qmeo','.eJxVjDsOwjAQBe_iGllLcFibkj5niPbjxQGUSHFSIe4OkVJA-2bmvVxP61L6tea5H9RdXAB3-B2Z5JHHjeidxtvkZRqXeWC_KX6n1XeT5ud1d_8OCtXyrUUCtBYzNJqJo2o6QjTJJpiYKGBKyRQFARVie8YGGg6BlfGUzMy9PzR1OQ4:1vceFK:LkHWpuWUHzhsD7HpZ5Bdpe9hcZcYgnjGHTR1df4ToLQ','2026-01-19 06:39:18.327542'),('xbr33qg71lz3no0bcbhfle0uykszjl1y','.eJxVjDsOwjAQBe_iGlneGMcbSnrOYHk_4ABypDipEHeHSCmgfTPzXibldSlpbTqnUczJdMEcfkfK_NC6EbnnepssT3WZR7KbYnfa7GUSfZ539--g5Fa-dfBOUCIAEqkXCajo_NVFJOmlh46RHAE7UOCBow_uqHHIxOo5iJj3BwtFOIo:1vaqqP:_71--OUCy9LZ6Ij99zVQlb1-UGLg7vy-nmUzAOU2PYg','2026-01-14 07:42:09.867880'),('xbwz15eoa4d2tde50fzxyht9h3ysbjb3','.eJxVjDsOwjAQBe_iGlneGMcbSnrOYHk_4ABypDipEHeHSCmgfTPzXibldSlpbTqnUczJdMEcfkfK_NC6EbnnepssT3WZR7KbYnfa7GUSfZ539--g5Fa-dfBOUCIAEqkXCajo_NVFJOmlh46RHAE7UOCBow_uqHHIxOo5iJj3BwtFOIo:1vcftX:50gE-VoBU_BdBp9BbXj_AZc3cyLEQOLWWarv6zT9lCc','2026-01-19 08:24:55.263613'),('xf9ep5q8dejx2bpln2j0cp4chq25wpgt','.eJxVjDsOwjAQBe_iGln-LpiSPmewdtc2DiBHipMKcXdkKQW0b2beW0Tctxr3ntc4J3EV4MXpdyTkZ26DpAe2-yJ5ads6kxyKPGiX05Ly63a4fwcVex01lZDYG9DBcmEGsI600hicAeTAJjM5uCQu5HU4G2UzF_SkyIBNKD5fKMQ46Q:1vrrtj:iRaerT0ejiE4He-Um-1i4LTgrtQIZ6Vxz4Kh8wgj_oU','2026-03-02 06:15:55.800149'),('xg2wdn4qfptm0bjq8a29bhsuqy0bcjd2','.eJxVjDEOwjAMAP-SGUWksUvKyN43RHbskAJKpaadEH9HlTrAene6t4m0rSVuTZc4ibma_mxOv5ApPbXuRh5U77NNc12Xie2e2MM2O86ir9vR_g0KtbJ_hT26QEp44T6TOkppUOk8aXbIvQw-oYKHHDB3AAyArIIYeKAOzOcLOFM4-A:1vkJFL:AjE9R2_KtJDFh0h1rdcbq4SIKZGIU5b4IvFUoY0Gsi8','2026-02-09 09:50:59.629482'),('xhsaifsp4x0k0vmx0i2ruxng15bfok3u','.eJxVjDsOwjAQBe_iGln-LpiSPmewdtc2DiBHipMKcXdkKQW0b2beW0Tctxr3ntc4J3EV4MXpdyTkZ26DpAe2-yJ5ads6kxyKPGiX05Ly63a4fwcVex01lZDYG9DBcmEGsI600hicAeTAJjM5uCQu5HU4G2UzF_SkyIBNKD5fKMQ46Q:1vmc6Z:4y-Qlfez7G2d-yB-lKnMaMbNzIChJtS1Ue8ZaaTUMIM','2026-02-15 18:23:27.466836'),('xi8wbal34i8gezarcsul7rkni3vrnem0','.eJxVjDsOwyAQBe9CHSHAfFOm9xkQ612CkwgkY1dR7h5bcpG0b2bem8W0rSVunZY4I7syxS6_G6TpSfUA-Ej13vjU6rrMwA-Fn7TzsSG9bqf7d1BSL3strFGDk8EOFLQjIRE9WglKCE85BRC0G04jOQsKjR40ZC-DUsZClo59vriaNuk:1vSrzX:PAaXxQxaYNmiIiHT0nrS4QXVwfOSYfLlw1jzg_zA8iA','2025-12-23 07:18:35.686513'),('xks0w2iquiuwcjr3h6v6vzymdxnjl4sj','.eJxVjEsOwiAUAO_C2hDgmRZcuvcM5P0qVUOT0q6Md9eaLnQ7M5mnybguJa9N5zyKORnvzeEXEvJd62bkhvU6WZ7qMo9kt8TuttnLJPo47-3foGAr368bEvTgOEmnoEf0SBwBgkoIKB_du-AFIZIqa4pDJIddisrkkprXGwl2OLM:1vaP52:QjD5PhAVRIXwubt3IM9TMrkGCoEj_uC6324GKnQKtUY','2026-01-13 02:03:24.289025'),('xlro54sb1lpor1upd5qreh4x0s0f961u','.eJxVjEsOwiAUAO_C2hDgmRZcuvcM5P0qVUOT0q6Md9eaLnQ7M5mnybguJa9N5zyKORnvzeEXEvJd62bkhvU6WZ7qMo9kt8TuttnLJPo47-3foGAr368bEvTgOEmnoEf0SBwBgkoIKB_du-AFIZIqa4pDJIddisrkkprXGwl2OLM:1vWoAo:4zcxiSeo8XXTan-q7U4GYmkwZxXWOhqCfJ_9NeAyJH0','2026-01-03 04:02:30.870767'),('xp1lus5jn3cqrnt68jpo49cvjcfd0wk6','.eJxVjEsOwiAUAO_C2hDgmRZcuvcM5P0qVUOT0q6Md9eaLnQ7M5mnybguJa9N5zyKORnvzeEXEvJd62bkhvU6WZ7qMo9kt8TuttnLJPo47-3foGAr368bEvTgOEmnoEf0SBwBgkoIKB_du-AFIZIqa4pDJIddisrkkprXGwl2OLM:1vWoZs:kXTYBH73oZeefFi0B0j70UkZU1u53Hq-1Ie6P6qURbc','2026-01-03 04:28:24.319271'),('y135ssm1lknrptt24qsu4z8d7yxixnb0','.eJxVjDsOwjAQBe_iGln-fyjpOYO1Xq9xADlSnFSIu0OkFNC-mXkvlmBbW9oGLWkq7MycZqffMQM-qO-k3KHfZo5zX5cp813hBx38Ohd6Xg7376DBaN86K7KONHowIWJwMthcLXlXIQchAZ1GikWY4KkKjMroHD1AVSA1OsPeHxo6OHQ:1vnkLq:tHBk68YdvCRvEinYnnZ-oLUTuJlIXKUp9UtvuyixhEc','2026-02-18 21:23:54.296381'),('y20q2z705086nl1byg4fx09p3sp2v42u','.eJxVjEEOwiAQRe_C2pABOpW6dN8zNDAzSNVAUtqV8e7apAvd_vfef6kpbGuetibLNLO6KLTq9DvGQA8pO-F7KLeqqZZ1maPeFX3QpsfK8rwe7t9BDi1_65SGAdkLOgupJwDpLPQQTULxwEiAnobOsDXSR890jsLOCUrwSA7U-wMGjjg0:1vunmc:BUudzLjyDjVHowlNi7kup67yF4WnmbaYmmuwukLCzpM','2026-03-10 08:28:42.473403'),('y2cjvrh89rjhzpkchf04l728u6dqqcfw','.eJxVjEsOwjAMBe-SNYpwksYxS_Y9Q2U7KS2gVOpnhbg7VOoCtm9m3st0vK1Dty1l7sZsLiaY0-8mrI9Sd5DvXG-T1amu8yh2V-xBF9tOuTyvh_t3MPAyfOsoqSgmIYeFwaPkTNo7AE8pQaDI2QcBTOQJI2ITXARQof7caxPYvD_XYjc0:1vY07l:FZdJu_FZghrde70PUMR32dmexGo1iKr8gxy9b5e_RqQ','2026-01-06 11:00:17.895877'),('y30i7f7uk7i2ao9729l2k2c6cjkrh2nd','.eJxVjM0OwiAQhN-FsyFQfrbx6N1nILssSNVAUtqT8d2VpAed43zfzEsE3LcS9p7WsLA4CyNOvx1hfKQ6AN-x3pqMrW7rQnIo8qBdXhun5-Vw_w4K9jLWlGcAD0qnrEhrYxiY7awm1pldBMeJLGb6xns0AHFy4DICIlky4v0B_WY45Q:1vXf7y:H4Mz26JmSXv9KdodarR41YX9FY2cnLCAq6-8nqPC0hg','2026-01-05 12:35:06.757733'),('y5hikm5a7ibumqdlpftp22rb915fab0d','.eJxVjDsOgzAQRO_iOrIw_uGU6TmDtfbuxiQRljBUUe4ekCgSaap5b-YtImxriVujJU4orkIHcfktE-QnzQfBB8z3KnOd12VK8lDkSZscK9Lrdrp_BwVa2deAjiwnbUgNLlvlEAbmhB1nTQoxhN6AzqF3zGjJKN976vYoz-QViM8XO005BA:1viR7C:vCi4CUJCVgl1kDcptJZs6qT8ndCoc2_vE9gTFiMxuFU','2026-02-04 05:50:50.770447'),('y5kaye9gq83u0ll8hyzir4cilka6aqt0','.eJxVjEEOwiAQRe_C2hBgmBZcuvcMBGaoVA0kpV0Z765NutDtf-_9lwhxW0vYel7CzOIscBCn3zFFeuS6E77HemuSWl2XOcldkQft8to4Py-H-3dQYi_fmthRds57AKXQeXITg_EaYEwaPONktGGDWhG6bImRlDWZBhrRWu3F-wPwTDcp:1vfb6n:3nZBV42M1G1zNlpv6Kl0-V-3noDkZy9tz8m5fttuQ9M','2026-01-27 09:54:41.363763'),('y6g18j4dkr0xld2i7umyecc33z8u2xf8','.eJxVjEsOwjAMBe-SNYpwksYxS_Y9Q2U7KS2gVOpnhbg7VOoCtm9m3st0vK1Dty1l7sZsLiaY0-8mrI9Sd5DvXG-T1amu8yh2V-xBF9tOuTyvh_t3MPAyfOsoqSgmIYeFwaPkTNo7AE8pQaDI2QcBTOQJI2ITXARQof7caxPYvD_XYjc0:1vbfrG:tTcnrOMkFlvTmT3XqLzsAF6m-d9Li6qvOukJ0DM9ows','2026-01-16 14:10:26.730284'),('yev7arkulxm4g37kvzanl9ixmod3nk8l','.eJxVjM0OwiAQhN-FsyFQfrbx6N1nILssSNVAUtqT8d2VpAed43zfzEsE3LcS9p7WsLA4CyNOvx1hfKQ6AN-x3pqMrW7rQnIo8qBdXhun5-Vw_w4K9jLWlGcAD0qnrEhrYxiY7awm1pldBMeJLGb6xns0AHFy4DICIlky4v0B_WY45Q:1vSwJ4:9SFHcTmw3ZxD0G6X-_ee5hDE1OqStjv6ys5Aw5wy0yw','2025-12-23 11:55:02.897862'),('yf8v447bhx7z58obqms7a4npw20p9xvx','.eJxVjDsOgzAQRO_iOrIw_uGU6TmDtfbuxiQRljBUUe4ekCgSaap5b-YtImxriVujJU4orkIHcfktE-QnzQfBB8z3KnOd12VK8lDkSZscK9Lrdrp_BwVa2deAjiwnbUgNLlvlEAbmhB1nTQoxhN6AzqF3zGjJKN976vYoz-QViM8XO005BA:1vi5FX:gEOp-Yu5iC4oIa5Dlu61TAdpxa6_pLRV6oYdB7fQR_Y','2026-02-03 06:29:59.788678'),('ygb2vl4dknr7z0e8ewno95s36z5m4t1j','.eJxVjDsOgzAQRO_iOrIw_uGU6TmDtfbuxiQRljBUUe4ekCgSaap5b-YtImxriVujJU4orkIHcfktE-QnzQfBB8z3KnOd12VK8lDkSZscK9Lrdrp_BwVa2deAjiwnbUgNLlvlEAbmhB1nTQoxhN6AzqF3zGjJKN976vYoz-QViM8XO005BA:1vj1He:zq5R9JgvcHqudNCQ8fbZ-O7Osl1sStgWGk9N1Ci2r_A','2026-02-05 20:28:02.855845'),('ylilcqsjzq25i4wsrepp8cilwr6yx460','.eJxVjEEOwiAQRe_C2pAJ0Jni0r1nIANMpWpoUtpV491tky50-997f1OB16WEtckcxqyuquvV5XeMnF5SD5KfXB-TTlNd5jHqQ9Enbfo-ZXnfTvfvoHArey3RsXgmIGPYIzm2QByBskPTCwLBEK0IGnTiAcG7ocvk_Q5tElSfLwBvN5A:1vi5GV:6_dmHiE-1hDiM4dc1gCw7p1UB_Ap-9OApC8DuT_lQ3M','2026-02-03 06:30:59.707535'),('ymhsven505njg05to4spr9eqd4psj1bp','.eJxVjEsOwiAUAO_C2hDgmRZcuvcM5P0qVUOT0q6Md9eaLnQ7M5mnybguJa9N5zyKORnvzeEXEvJd62bkhvU6WZ7qMo9kt8TuttnLJPo47-3foGAr368bEvTgOEmnoEf0SBwBgkoIKB_du-AFIZIqa4pDJIddisrkkprXGwl2OLM:1vWoUp:9yoE8muDuL2irL_jhToodqia-iyv_ktF-eotr2d_tiw','2026-01-03 04:23:11.357730'),('ymzpnjikqrzqdbop4hzkmmdnroe55ze7','.eJxVjEEOwiAQRe_C2pABOpW6dN8zNDAzSNVAUtqV8e7apAvd_vfef6kpbGuetibLNLO6KLTq9DvGQA8pO-F7KLeqqZZ1maPeFX3QpsfK8rwe7t9BDi1_65SGAdkLOgupJwDpLPQQTULxwEiAnobOsDXSR890jsLOCUrwSA7U-wMGjjg0:1vpivv:t3AMCuVanQQOjW5kGiVXJgvC8a-IJgUC47RT10a6LXM','2026-02-24 08:17:19.884346'),('yod5qcje6wtjiy457utjnic6wyu0f1sw','.eJxVjDsOwjAQBe_iGlneGMcbSnrOYHk_4ABypDipEHeHSCmgfTPzXibldSlpbTqnUczJdMEcfkfK_NC6EbnnepssT3WZR7KbYnfa7GUSfZ539--g5Fa-dfBOUCIAEqkXCajo_NVFJOmlh46RHAE7UOCBow_uqHHIxOo5iJj3BwtFOIo:1vc2CO:d-EmDdAjlSBCUoXIeaGP4vwBmGqT1_RlQxuH7eioW-8','2026-01-17 14:01:44.175448'),('ysb74zg459cu9mevp3mxpmyfary28ojf','.eJxVjDEOwjAMAP-SGUWksUvKyN43RHbskAJKpaadEH9HlTrAene6t4m0rSVuTZc4ibma_mxOv5ApPbXuRh5U77NNc12Xie2e2MM2O86ir9vR_g0KtbJ_hT26QEp44T6TOkppUOk8aXbIvQw-oYKHHDB3AAyArIIYeKAOzOcLOFM4-A:1vpjBc:yOumNTfRyOYG4uENoX8yHxNX-7Lka2EzMwbEdd03HN4','2026-02-24 08:33:32.656261'),('ytb7si5vuqxa2fzse89nupiy7c4z55bv','.eJxVjMsOwiAQRf-FtSHMQHm4dN9vIAyDUjU0Ke3K-O_apAvd3nPOfYmYtrXGrZclTizOYnDi9DtSyo_SdsL31G6zzHNbl4nkrsiDdjnOXJ6Xw_07qKnXbw0mZR2CK5g9a-OA7BXYAYMqZkBQqEzmYDVqAo_eAaiAJoC3AEwk3h_gaDZ2:1vnmIM:_1NIHsr8HiRB8NVuwMjrML11wm4toNqCPGxoGkqqZ0E','2026-02-18 23:28:26.578528'),('z4x9ra4cyrztxraaj6l4985grrvt330g','.eJxVjDsOwjAQBe_iGlneGMcbSnrOYHk_4ABypDipEHeHSCmgfTPzXibldSlpbTqnUczJdMEcfkfK_NC6EbnnepssT3WZR7KbYnfa7GUSfZ539--g5Fa-dfBOUCIAEqkXCajo_NVFJOmlh46RHAE7UOCBow_uqHHIxOo5iJj3BwtFOIo:1vT6c3:qG-LHsaSWiSEBfoKNLnnH0cxtuexwH-0OeI7W0mzJOY','2025-12-23 22:55:19.110760'),('z8hjq7rdjktqohvycrdarax5yv5ydy46','.eJxVjEEOwiAQRe_C2hBgmBZcuvcMBGaoVA0kpV0Z765NutDtf-_9lwhxW0vYel7CzOIscBCn3zFFeuS6E77HemuSWl2XOcldkQft8to4Py-H-3dQYi_fmthRds57AKXQeXITg_EaYEwaPONktGGDWhG6bImRlDWZBhrRWu3F-wPwTDcp:1viR96:MerUY7126F7A2wK_WofXUCe4YjWPhaF5yo7eRKVhJTo','2026-02-04 05:52:48.146661'),('z8ucx6lgasclr3ic6y95h520sxowrla5','.eJxVjM0OwiAQhN-FsyFQfrbx6N1nILssSNVAUtqT8d2VpAed43zfzEsE3LcS9p7WsLA4CyNOvx1hfKQ6AN-x3pqMrW7rQnIo8qBdXhun5-Vw_w4K9jLWlGcAD0qnrEhrYxiY7awm1pldBMeJLGb6xns0AHFy4DICIlky4v0B_WY45Q:1vSvjW:aoSJNEOT61e6C8a8ciTgeKHcRHVf7LnIHXfNZK8qtM0','2025-12-23 11:18:18.678121'),('zbp1vp9yg1wav9knnywzx1274osepr7h','.eJxVjEsOwjAMBe-SNYqM0zgpS_Y9Q2UnDimgVupnhbg7VOoCtm9m3sv0vK213xad-yGbi0Fz-t2E00PHHeQ7j7fJpmlc50HsrtiDLrabsj6vh_t3UHmp3_rsVBx6IQcYInkW8EpAEqgNUCJEpoDogVuNiV2DgUpEaJpcVFI27w-xgjcQ:1vSvs3:ejsSWabBbozDGdRRjHuH8ARQ_Ne-fCog_wKSjUn_cX0','2025-12-23 11:27:07.573043'),('zflrp684y7nh2k3co0c3mlx3q052y351','.eJxVjDsOwjAQBe_iGlneGMcbSnrOYHk_4ABypDipEHeHSCmgfTPzXibldSlpbTqnUczJdMEcfkfK_NC6EbnnepssT3WZR7KbYnfa7GUSfZ539--g5Fa-dfBOUCIAEqkXCajo_NVFJOmlh46RHAE7UOCBow_uqHHIxOo5iJj3BwtFOIo:1vbf7Q:rsCZmrlqmhoRdwhZG0N_IzCMwSKL916LLt-rTiS0MdM','2026-01-16 13:23:04.245790'),('zgogrmwfitth0ihrrotzjququyajsw9f','.eJxVjDsOwjAQBe_iGlneGMcbSnrOYHk_4ABypDipEHeHSCmgfTPzXibldSlpbTqnUczJdMEcfkfK_NC6EbnnepssT3WZR7KbYnfa7GUSfZ539--g5Fa-dfBOUCIAEqkXCajo_NVFJOmlh46RHAE7UOCBow_uqHHIxOo5iJj3BwtFOIo:1vce3k:kPVzl6fYxpK6ogDqLr9LtPeetGzYQJyHXELeOkXQ7_s','2026-01-19 06:27:20.320929'),('zjlluatelci7ky417f17e780mpke1t5f','.eJxVjDsOwjAQBe_iGlneGMcbSnrOYHk_4ABypDipEHeHSCmgfTPzXibldSlpbTqnUczJdMEcfkfK_NC6EbnnepssT3WZR7KbYnfa7GUSfZ539--g5Fa-dfBOUCIAEqkXCajo_NVFJOmlh46RHAE7UOCBow_uqHHIxOo5iJj3BwtFOIo:1vfXJu:S6K9sIB2WA6OspcrTbWU9BxyP8RLd-XP9PmRcLjPOUQ','2026-01-27 05:51:58.236975'),('zpb6t23lsucn4n15c01lt582eqynjm84','.eJxVjDsOwjAQBe_iGlneGMcbSnrOYHk_4ABypDipEHeHSCmgfTPzXibldSlpbTqnUczJdMEcfkfK_NC6EbnnepssT3WZR7KbYnfa7GUSfZ539--g5Fa-dfBOUCIAEqkXCajo_NVFJOmlh46RHAE7UOCBow_uqHHIxOo5iJj3BwtFOIo:1vc4on:1i_GKQWYdcR2FfWw7_tAYjwYY9iOnpOPl0XWdfS4NaA','2026-01-17 16:49:33.520825'),('zqoamjgyf2fqo4dqubh1dh4wzf9bquo8','.eJxVjDsOwjAQBe_iGlneGMcbSnrOYHk_4ABypDipEHeHSCmgfTPzXibldSlpbTqnUczJdMEcfkfK_NC6EbnnepssT3WZR7KbYnfa7GUSfZ539--g5Fa-dfBOUCIAEqkXCajo_NVFJOmlh46RHAE7UOCBow_uqHHIxOo5iJj3BwtFOIo:1vc2Uk:nOF_3tDegJkHpjYidFk3UkoBtltsHvfQECGE9Q_yH_I','2026-01-17 14:20:42.582678'),('zrekzmtemy7n334ftdxbcxg1og3uqq9i','.eJxVjMsOwiAQRf-FtSHMQHm4dN9vIAyDUjU0Ke3K-O_apAvd3nPOfYmYtrXGrZclTizOYnDi9DtSyo_SdsL31G6zzHNbl4nkrsiDdjnOXJ6Xw_07qKnXbw0mZR2CK5g9a-OA7BXYAYMqZkBQqEzmYDVqAo_eAaiAJoC3AEwk3h_gaDZ2:1vj3uR:ow3Jsowef7Ae1UegBQh-cX1SBMYPdRetA8-Ba27dQVE','2026-02-05 23:16:15.699801'),('zyqrtnfgrbnfe2i7nhp0a7hprsrmlczf','.eJxVjEsOwjAMBe-SNYrqVHFSluw5Q2TXMSmgROpnhbg7VOoCtm9m3ssk2taStiXPaRJzNmBOvxvT-Mh1B3Knemt2bHWdJ7a7Yg-62GuT_Lwc7t9BoaV86-h6FMAwoCq7oWMHgv2oAlEJRYAJMUP0oB4GIvbBO-1YNOQuQG_eH-IaOAA:1vLk8c:ns953sPb5nvQO0LEcWgUem0CeUeXQM2CIy2rj88jja8','2025-12-03 15:30:30.130756');
/*!40000 ALTER TABLE `django_session` ENABLE KEYS */;
UNLOCK TABLES;

--
-- Table structure for table `django_site`
--

DROP TABLE IF EXISTS `django_site`;
/*!40101 SET @saved_cs_client     = @@character_set_client */;
/*!40101 SET character_set_client = utf8mb4 */;
CREATE TABLE `django_site` (
  `id` int(11) NOT NULL AUTO_INCREMENT,
  `domain` varchar(100) NOT NULL,
  `name` varchar(50) NOT NULL,
  PRIMARY KEY (`id`),
  UNIQUE KEY `django_site_domain_a2e37b91_uniq` (`domain`)
) ENGINE=InnoDB AUTO_INCREMENT=2 DEFAULT CHARSET=utf8mb3 COLLATE=utf8mb3_general_ci;
/*!40101 SET character_set_client = @saved_cs_client */;

--
-- Dumping data for table `django_site`
--

LOCK TABLES `django_site` WRITE;
/*!40000 ALTER TABLE `django_site` DISABLE KEYS */;
INSERT INTO `django_site` VALUES (1,'example.com','example.com');
/*!40000 ALTER TABLE `django_site` ENABLE KEYS */;
UNLOCK TABLES;

--
-- Table structure for table `socialaccount_socialaccount`
--

DROP TABLE IF EXISTS `socialaccount_socialaccount`;
/*!40101 SET @saved_cs_client     = @@character_set_client */;
/*!40101 SET character_set_client = utf8mb4 */;
CREATE TABLE `socialaccount_socialaccount` (
  `id` int(11) NOT NULL AUTO_INCREMENT,
  `provider` varchar(200) NOT NULL,
  `uid` varchar(191) NOT NULL,
  `last_login` datetime(6) NOT NULL,
  `date_joined` datetime(6) NOT NULL,
  `extra_data` longtext CHARACTER SET utf8mb4 COLLATE utf8mb4_bin NOT NULL CHECK (json_valid(`extra_data`)),
  `user_id` bigint(20) NOT NULL,
  PRIMARY KEY (`id`),
  UNIQUE KEY `socialaccount_socialaccount_provider_uid_fc810c6e_uniq` (`provider`,`uid`),
  KEY `socialaccount_socialaccount_user_id_8146e70c_fk_core_user_id` (`user_id`),
  CONSTRAINT `socialaccount_socialaccount_user_id_8146e70c_fk_core_user_id` FOREIGN KEY (`user_id`) REFERENCES `core_user` (`id`)
) ENGINE=InnoDB DEFAULT CHARSET=utf8mb3 COLLATE=utf8mb3_general_ci;
/*!40101 SET character_set_client = @saved_cs_client */;

--
-- Dumping data for table `socialaccount_socialaccount`
--

LOCK TABLES `socialaccount_socialaccount` WRITE;
/*!40000 ALTER TABLE `socialaccount_socialaccount` DISABLE KEYS */;
/*!40000 ALTER TABLE `socialaccount_socialaccount` ENABLE KEYS */;
UNLOCK TABLES;

--
-- Table structure for table `socialaccount_socialapp`
--

DROP TABLE IF EXISTS `socialaccount_socialapp`;
/*!40101 SET @saved_cs_client     = @@character_set_client */;
/*!40101 SET character_set_client = utf8mb4 */;
CREATE TABLE `socialaccount_socialapp` (
  `id` int(11) NOT NULL AUTO_INCREMENT,
  `provider` varchar(30) NOT NULL,
  `name` varchar(40) NOT NULL,
  `client_id` varchar(191) NOT NULL,
  `secret` varchar(191) NOT NULL,
  `key` varchar(191) NOT NULL,
  `provider_id` varchar(200) NOT NULL,
  `settings` longtext CHARACTER SET utf8mb4 COLLATE utf8mb4_bin NOT NULL CHECK (json_valid(`settings`)),
  PRIMARY KEY (`id`)
) ENGINE=InnoDB DEFAULT CHARSET=utf8mb3 COLLATE=utf8mb3_general_ci;
/*!40101 SET character_set_client = @saved_cs_client */;

--
-- Dumping data for table `socialaccount_socialapp`
--

LOCK TABLES `socialaccount_socialapp` WRITE;
/*!40000 ALTER TABLE `socialaccount_socialapp` DISABLE KEYS */;
/*!40000 ALTER TABLE `socialaccount_socialapp` ENABLE KEYS */;
UNLOCK TABLES;

--
-- Table structure for table `socialaccount_socialapp_sites`
--

DROP TABLE IF EXISTS `socialaccount_socialapp_sites`;
/*!40101 SET @saved_cs_client     = @@character_set_client */;
/*!40101 SET character_set_client = utf8mb4 */;
CREATE TABLE `socialaccount_socialapp_sites` (
  `id` bigint(20) NOT NULL AUTO_INCREMENT,
  `socialapp_id` int(11) NOT NULL,
  `site_id` int(11) NOT NULL,
  PRIMARY KEY (`id`),
  UNIQUE KEY `socialaccount_socialapp_sites_socialapp_id_site_id_71a9a768_uniq` (`socialapp_id`,`site_id`),
  KEY `socialaccount_socialapp_sites_site_id_2579dee5_fk_django_site_id` (`site_id`),
  CONSTRAINT `socialaccount_social_socialapp_id_97fb6e7d_fk_socialacc` FOREIGN KEY (`socialapp_id`) REFERENCES `socialaccount_socialapp` (`id`),
  CONSTRAINT `socialaccount_socialapp_sites_site_id_2579dee5_fk_django_site_id` FOREIGN KEY (`site_id`) REFERENCES `django_site` (`id`)
) ENGINE=InnoDB DEFAULT CHARSET=utf8mb3 COLLATE=utf8mb3_general_ci;
/*!40101 SET character_set_client = @saved_cs_client */;

--
-- Dumping data for table `socialaccount_socialapp_sites`
--

LOCK TABLES `socialaccount_socialapp_sites` WRITE;
/*!40000 ALTER TABLE `socialaccount_socialapp_sites` DISABLE KEYS */;
/*!40000 ALTER TABLE `socialaccount_socialapp_sites` ENABLE KEYS */;
UNLOCK TABLES;

--
-- Table structure for table `socialaccount_socialtoken`
--

DROP TABLE IF EXISTS `socialaccount_socialtoken`;
/*!40101 SET @saved_cs_client     = @@character_set_client */;
/*!40101 SET character_set_client = utf8mb4 */;
CREATE TABLE `socialaccount_socialtoken` (
  `id` int(11) NOT NULL AUTO_INCREMENT,
  `token` longtext NOT NULL,
  `token_secret` longtext NOT NULL,
  `expires_at` datetime(6) DEFAULT NULL,
  `account_id` int(11) NOT NULL,
  `app_id` int(11) DEFAULT NULL,
  PRIMARY KEY (`id`),
  UNIQUE KEY `socialaccount_socialtoken_app_id_account_id_fca4e0ac_uniq` (`app_id`,`account_id`),
  KEY `socialaccount_social_account_id_951f210e_fk_socialacc` (`account_id`),
  CONSTRAINT `socialaccount_social_account_id_951f210e_fk_socialacc` FOREIGN KEY (`account_id`) REFERENCES `socialaccount_socialaccount` (`id`),
  CONSTRAINT `socialaccount_social_app_id_636a42d7_fk_socialacc` FOREIGN KEY (`app_id`) REFERENCES `socialaccount_socialapp` (`id`)
) ENGINE=InnoDB DEFAULT CHARSET=utf8mb3 COLLATE=utf8mb3_general_ci;
/*!40101 SET character_set_client = @saved_cs_client */;

--
-- Dumping data for table `socialaccount_socialtoken`
--

LOCK TABLES `socialaccount_socialtoken` WRITE;
/*!40000 ALTER TABLE `socialaccount_socialtoken` DISABLE KEYS */;
/*!40000 ALTER TABLE `socialaccount_socialtoken` ENABLE KEYS */;
UNLOCK TABLES;
/*!40103 SET TIME_ZONE=@OLD_TIME_ZONE */;

/*!40101 SET SQL_MODE=@OLD_SQL_MODE */;
/*!40014 SET FOREIGN_KEY_CHECKS=@OLD_FOREIGN_KEY_CHECKS */;
/*!40014 SET UNIQUE_CHECKS=@OLD_UNIQUE_CHECKS */;
/*!40101 SET CHARACTER_SET_CLIENT=@OLD_CHARACTER_SET_CLIENT */;
/*!40101 SET CHARACTER_SET_RESULTS=@OLD_CHARACTER_SET_RESULTS */;
/*!40101 SET COLLATION_CONNECTION=@OLD_COLLATION_CONNECTION */;
/*!40111 SET SQL_NOTES=@OLD_SQL_NOTES */;

-- Dump completed on 2026-03-06 16:33:43
